source_row,deveui,bolge,blok,daire,kat,durum,action,reason,bina_id,sayac_id
3,000019c640010392,İKİZCE,A1,Daire 1,0,active,unchanged,NO_DETERMINISTIC_DEVICE_LINK,,
4,000019c640012848,İKİZCE,A1,Daire 1,0,registered,unchanged,NO_DETERMINISTIC_DEVICE_LINK,,
5,000019c600004133,İKİZCE,A1,Daire 10,0,active,unchanged,NO_DETERMINISTIC_DEVICE_LINK,,
6,000019c640013725,İKİZCE,A1,Daire 10,0,registered,unchanged,NO_DETERMINISTIC_DEVICE_LINK,,
7,000019c600001223,İKİZCE,A1,Daire 11,0,active,unchanged,NO_DETERMINISTIC_DEVICE_LINK,,
8,000019c640017857,İKİZCE,A1,Daire 11,0,registered,unchanged,NO_DETERMINISTIC_DEVICE_LINK,,
9,000019c640005261,İKİZCE,A1,Daire 12,0,active,unchanged,NO_DETERMINISTIC_DEVICE_LINK,,
10,000019c640017619,İKİZCE,A1,Daire 12,0,registered,unchanged,NO_DETERMINISTIC_DEVICE_LINK,,
11,000019c600003367,İKİZCE,A1,Daire 13,0,active,unchanged,NO_DETERMINISTIC_DEVICE_LINK,,
12,000019c640018879,İKİZCE,A1,Daire 13,0,registered,unchanged,NO_DETERMINISTIC_DEVICE_LINK,,
13,000019c600004135,İKİZCE,A1,Daire 14,0,active,unchanged,NO_DETERMINISTIC_DEVICE_LINK,,
14,000019c640015651,İKİZCE,A1,Daire 14,0,registered,unchanged,NO_DETERMINISTIC_DEVICE_LINK,,
15,000019c600001275,İKİZCE,A1,Daire 15,0,active,unchanged,NO_DETERMINISTIC_DEVICE_LINK,,
16,000019c640016023,İKİZCE,A1,Daire 15,0,registered,unchanged,NO_DETERMINISTIC_DEVICE_LINK,,
17,000019c600004136,İKİZCE,A1,Daire 16,0,active,unchanged,NO_DETERMINISTIC_DEVICE_LINK,,
18,000019c640012695,İKİZCE,A1,Daire 16,0,registered,unchanged,NO_DETERMINISTIC_DEVICE_LINK,,
19,000019c600001327,İKİZCE,A1,Daire 17,0,active,unchanged,NO_DETERMINISTIC_DEVICE_LINK,,
20,000019c640012696,İKİZCE,A1,Daire 17,0,registered,unchanged,NO_DETERMINISTIC_DEVICE_LINK,,
21,000019c600003363,İKİZCE,A1,Daire 18,0,active,unchanged,NO_DETERMINISTIC_DEVICE_LINK,,
22,000019c640012690,İKİZCE,A1,Daire 18,0,registered,unchanged,NO_DETERMINISTIC_DEVICE_LINK,,
23,000019c600001321,İKİZCE,A1,Daire 19,0,active,unchanged,NO_DETERMINISTIC_DEVICE_LINK,,
24,000019c640014442,İKİZCE,A1,Daire 19,0,registered,unchanged,NO_DETERMINISTIC_DEVICE_LINK,,
25,000019c640010397,İKİZCE,A1,Daire 2,0,active,unchanged,NO_DETERMINISTIC_DEVICE_LINK,,
26,000019c640018874,İKİZCE,A1,Daire 2,0,registered,unchanged,NO_DETERMINISTIC_DEVICE_LINK,,
27,000019c600001328,İKİZCE,A1,Daire 20,0,active,unchanged,NO_DETERMINISTIC_DEVICE_LINK,,
28,000019c640012969,İKİZCE,A1,Daire 20,0,registered,unchanged,NO_DETERMINISTIC_DEVICE_LINK,,
29,000019c600001320,İKİZCE,A1,Daire 21,0,active,unchanged,NO_DETERMINISTIC_DEVICE_LINK,,
30,000019c640017157,İKİZCE,A1,Daire 21,0,registered,unchanged,NO_DETERMINISTIC_DEVICE_LINK,,
31,000019c600001224,İKİZCE,A1,Daire 22,0,active,unchanged,NO_DETERMINISTIC_DEVICE_LINK,,
32,000019c640012699,İKİZCE,A1,Daire 22,0,registered,unchanged,NO_DETERMINISTIC_DEVICE_LINK,,
33,000019c600003368,İKİZCE,A1,Daire 23,0,active,unchanged,NO_DETERMINISTIC_DEVICE_LINK,,
34,000019c640015729,İKİZCE,A1,Daire 23,0,registered,unchanged,NO_DETERMINISTIC_DEVICE_LINK,,
35,000019c640005265,İKİZCE,A1,Daire 24,0,active,unchanged,NO_DETERMINISTIC_DEVICE_LINK,,
36,000019c640015259,İKİZCE,A1,Daire 24,0,registered,unchanged,NO_DETERMINISTIC_DEVICE_LINK,,
37,000019c600003366,İKİZCE,A1,Daire 25,0,active,unchanged,NO_DETERMINISTIC_DEVICE_LINK,,
38,000019c640015659,İKİZCE,A1,Daire 25,0,registered,unchanged,NO_DETERMINISTIC_DEVICE_LINK,,
39,000019c600003364,İKİZCE,A1,Daire 26,0,active,unchanged,NO_DETERMINISTIC_DEVICE_LINK,,
40,000019c640014448,İKİZCE,A1,Daire 26,0,registered,unchanged,NO_DETERMINISTIC_DEVICE_LINK,,
41,000019c600001225,İKİZCE,A1,Daire 27,0,active,unchanged,NO_DETERMINISTIC_DEVICE_LINK,,
42,000019c640018414,İKİZCE,A1,Daire 27,0,registered,unchanged,NO_DETERMINISTIC_DEVICE_LINK,,
43,000019c600004137,İKİZCE,A1,Daire 28,0,active,unchanged,NO_DETERMINISTIC_DEVICE_LINK,,
44,000019c640018175,İKİZCE,A1,Daire 28,0,registered,unchanged,NO_DETERMINISTIC_DEVICE_LINK,,
45,000019c600004131,İKİZCE,A1,Daire 29,0,active,unchanged,NO_DETERMINISTIC_DEVICE_LINK,,
46,000019c640016391,İKİZCE,A1,Daire 29,0,registered,unchanged,NO_DETERMINISTIC_DEVICE_LINK,,
47,000019c600003361,İKİZCE,A1,Daire 3,0,active,unchanged,NO_DETERMINISTIC_DEVICE_LINK,,
48,000019c640012868,İKİZCE,A1,Daire 3,0,registered,unchanged,NO_DETERMINISTIC_DEVICE_LINK,,
49,000019c640005264,İKİZCE,A1,Daire 4,0,active,unchanged,NO_DETERMINISTIC_DEVICE_LINK,,
50,000019c640018919,İKİZCE,A1,Daire 4,0,registered,unchanged,NO_DETERMINISTIC_DEVICE_LINK,,
51,000019c640005267,İKİZCE,A1,Daire 5,0,active,unchanged,NO_DETERMINISTIC_DEVICE_LINK,,
52,000019c640019320,İKİZCE,A1,Daire 5,0,registered,unchanged,NO_DETERMINISTIC_DEVICE_LINK,,
53,000019c600001274,İKİZCE,A1,Daire 6,0,active,unchanged,NO_DETERMINISTIC_DEVICE_LINK,,
54,000019c640015369,İKİZCE,A1,Daire 6,0,registered,unchanged,NO_DETERMINISTIC_DEVICE_LINK,,
55,000019c640007631,İKİZCE,A1,Daire 7,0,active,unchanged,NO_DETERMINISTIC_DEVICE_LINK,,
56,000019c640015655,İKİZCE,A1,Daire 7,0,registered,unchanged,NO_DETERMINISTIC_DEVICE_LINK,,
57,000019c600001324,İKİZCE,A1,Daire 8,0,active,unchanged,NO_DETERMINISTIC_DEVICE_LINK,,
58,000019c640015723,İKİZCE,A1,Daire 8,0,registered,unchanged,NO_DETERMINISTIC_DEVICE_LINK,,
59,000019c600001277,İKİZCE,A1,Daire 9,0,active,unchanged,NO_DETERMINISTIC_DEVICE_LINK,,
60,000019c640012698,İKİZCE,A1,Daire 9,0,registered,unchanged,NO_DETERMINISTIC_DEVICE_LINK,,
61,000019c640010393,İKİZCE,A1,Kapıcı Dairesi,0,registered,unchanged,NO_DETERMINISTIC_DEVICE_LINK,,
62,000019c640017153,İKİZCE,A1,Kapıcı Dairesi,0,registered,unchanged,NO_DETERMINISTIC_DEVICE_LINK,,
63,000019c640005472,İKİZCE,A1-01,Daire 1,0,registered,unchanged,NO_DETERMINISTIC_DEVICE_LINK,,
64,000019c640006119,İKİZCE,A1-01,Daire 10,0,active,unchanged,NO_DETERMINISTIC_DEVICE_LINK,,
65,000019c640005502,İKİZCE,A1-01,Daire 2,0,registered,unchanged,NO_DETERMINISTIC_DEVICE_LINK,,
66,000019c640007313,İKİZCE,A1-01,Daire 3,0,registered,unchanged,NO_DETERMINISTIC_DEVICE_LINK,,
67,000019c640005503,İKİZCE,A1-01,Daire 4,0,registered,unchanged,NO_DETERMINISTIC_DEVICE_LINK,,
68,000019c640005507,İKİZCE,A1-01,Daire 5,0,registered,unchanged,NO_DETERMINISTIC_DEVICE_LINK,,
69,000019c640006118,İKİZCE,A1-01,Daire 6,0,registered,unchanged,NO_DETERMINISTIC_DEVICE_LINK,,
70,000019c640006117,İKİZCE,A1-01,Daire 7,0,active,unchanged,NO_DETERMINISTIC_DEVICE_LINK,,
71,000019c640005506,İKİZCE,A1-01,Daire 8,0,registered,unchanged,NO_DETERMINISTIC_DEVICE_LINK,,
72,000019c640009454,İKİZCE,A1-01,Daire 9,0,registered,unchanged,NO_DETERMINISTIC_DEVICE_LINK,,
73,000019c600002595,İKİZCE,A1-01,Numarasız 1,0,registered,unchanged,NO_DETERMINISTIC_DEVICE_LINK,,
74,000019c600003982,İKİZCE,A1-01,Numarasız 10,0,active,unchanged,NO_DETERMINISTIC_DEVICE_LINK,,
75,000019c600004635,İKİZCE,A1-01,Numarasız 2,0,registered,unchanged,NO_DETERMINISTIC_DEVICE_LINK,,
76,000019c600003984,İKİZCE,A1-01,Numarasız 3,0,registered,unchanged,NO_DETERMINISTIC_DEVICE_LINK,,
77,000019c600003448,İKİZCE,A1-01,Numarasız 4,0,registered,unchanged,NO_DETERMINISTIC_DEVICE_LINK,,
78,000019c600004823,İKİZCE,A1-01,Numarasız 5,0,registered,unchanged,NO_DETERMINISTIC_DEVICE_LINK,,
79,000019c600005004,İKİZCE,A1-01,Numarasız 6,0,active,unchanged,NO_DETERMINISTIC_DEVICE_LINK,,
80,000019c600003537,İKİZCE,A1-01,Numarasız 7,0,registered,unchanged,NO_DETERMINISTIC_DEVICE_LINK,,
81,000019c600004828,İKİZCE,A1-01,Numarasız 8,0,registered,unchanged,NO_DETERMINISTIC_DEVICE_LINK,,
82,000019c600002593,İKİZCE,A1-01,Numarasız 9,0,registered,unchanged,NO_DETERMINISTIC_DEVICE_LINK,,
83,000019c640007912,İKİZCE,A1-02,Daire 10,0,active,unchanged,NO_DETERMINISTIC_DEVICE_LINK,,
84,000019c640005526,İKİZCE,A1-02,Daire 3,0,registered,unchanged,NO_DETERMINISTIC_DEVICE_LINK,,
85,000019c640008394,İKİZCE,A1-02,Daire 4,0,registered,unchanged,NO_DETERMINISTIC_DEVICE_LINK,,
86,000019c640007915,İKİZCE,A1-02,Daire 5,0,registered,unchanged,NO_DETERMINISTIC_DEVICE_LINK,,
87,000019c640008395,İKİZCE,A1-02,Daire 6,0,registered,unchanged,NO_DETERMINISTIC_DEVICE_LINK,,
88,000019c640009363,İKİZCE,A1-02,Daire 7,0,registered,unchanged,NO_DETERMINISTIC_DEVICE_LINK,,
89,000019c640009366,İKİZCE,A1-02,Daire 8,0,active,unchanged,NO_DETERMINISTIC_DEVICE_LINK,,
90,000019c640005527,İKİZCE,A1-02,Daire 9,0,active,unchanged,NO_DETERMINISTIC_DEVICE_LINK,,
91,000019c640003033,İKİZCE,A1-02,Numarasız 1,0,registered,unchanged,NO_DETERMINISTIC_DEVICE_LINK,,
92,000019c600003902,İKİZCE,A1-02,Numarasız 10,0,registered,unchanged,NO_DETERMINISTIC_DEVICE_LINK,,
93,000019c600003535,İKİZCE,A1-02,Numarasız 2,0,registered,unchanged,NO_DETERMINISTIC_DEVICE_LINK,,
94,000019c600003532,İKİZCE,A1-02,Numarasız 3,0,registered,unchanged,NO_DETERMINISTIC_DEVICE_LINK,,
95,000019c600003987,İKİZCE,A1-02,Numarasız 4,0,registered,unchanged,NO_DETERMINISTIC_DEVICE_LINK,,
96,000019c600003030,İKİZCE,A1-02,Numarasız 5,0,active,unchanged,NO_DETERMINISTIC_DEVICE_LINK,,
97,000019c600003986,İKİZCE,A1-02,Numarasız 6,0,active,unchanged,NO_DETERMINISTIC_DEVICE_LINK,,
98,000019c600003906,İKİZCE,A1-02,Numarasız 7,0,active,unchanged,NO_DETERMINISTIC_DEVICE_LINK,,
99,000019c600002840,İKİZCE,A1-02,Numarasız 8,0,active,unchanged,NO_DETERMINISTIC_DEVICE_LINK,,
100,000019c600003985,İKİZCE,A1-02,Numarasız 9,0,active,unchanged,NO_DETERMINISTIC_DEVICE_LINK,,
101,000019c640022322,İKİZCE,A1-02,Ortak Alan,0,registered,unchanged,NO_DETERMINISTIC_DEVICE_LINK,,
102,000019c640005505,İKİZCE,A1-03,Daire 1,0,registered,unchanged,NO_DETERMINISTIC_DEVICE_LINK,,
103,000019c600002846,İKİZCE,A1-03,Daire 1,0,registered,unchanged,NO_DETERMINISTIC_DEVICE_LINK,,
104,000019c640009452,İKİZCE,A1-03,Daire 10,0,registered,unchanged,NO_DETERMINISTIC_DEVICE_LINK,,
105,000019c600004819,İKİZCE,A1-03,Daire 10,0,registered,unchanged,NO_DETERMINISTIC_DEVICE_LINK,,
106,000019c640005500,İKİZCE,A1-03,Daire 2,0,registered,unchanged,NO_DETERMINISTIC_DEVICE_LINK,,
107,000019c600003900,İKİZCE,A1-03,Daire 2,0,registered,unchanged,NO_DETERMINISTIC_DEVICE_LINK,,
108,000019c640005717,İKİZCE,A1-03,Daire 3,0,active,unchanged,NO_DETERMINISTIC_DEVICE_LINK,,
109,000019c600082849,İKİZCE,A1-03,Daire 3,0,registered,unchanged,NO_DETERMINISTIC_DEVICE_LINK,,
110,000019c640009458,İKİZCE,A1-03,Daire 4,0,registered,unchanged,NO_DETERMINISTIC_DEVICE_LINK,,
111,000019c600002843,İKİZCE,A1-03,Daire 4,0,active,unchanged,NO_DETERMINISTIC_DEVICE_LINK,,
112,000019c640009453,İKİZCE,A1-03,Daire 5,0,registered,unchanged,NO_DETERMINISTIC_DEVICE_LINK,,
113,000019c600004813,İKİZCE,A1-03,Daire 5,0,registered,unchanged,NO_DETERMINISTIC_DEVICE_LINK,,
114,000019c640007315,İKİZCE,A1-03,Daire 6,0,registered,unchanged,NO_DETERMINISTIC_DEVICE_LINK,,
115,000019c600004812,İKİZCE,A1-03,Daire 6,0,registered,unchanged,NO_DETERMINISTIC_DEVICE_LINK,,
116,000019c640005473,İKİZCE,A1-03,Daire 7,0,registered,unchanged,NO_DETERMINISTIC_DEVICE_LINK,,
117,000019c640004557,İKİZCE,A1-03,Daire 7,0,registered,unchanged,NO_DETERMINISTIC_DEVICE_LINK,,
118,000019c640009401,İKİZCE,A1-03,Daire 8,0,registered,unchanged,NO_DETERMINISTIC_DEVICE_LINK,,
119,000019c600002599,İKİZCE,A1-03,Daire 8,0,active,unchanged,NO_DETERMINISTIC_DEVICE_LINK,,
120,000019c640006113,İKİZCE,A1-03,Daire 9,0,registered,unchanged,NO_DETERMINISTIC_DEVICE_LINK,,
121,000019c600004556,İKİZCE,A1-03,Daire 9,0,active,unchanged,NO_DETERMINISTIC_DEVICE_LINK,,
122,000019c640009735,İKİZCE,A1-04,Daire 1,0,registered,unchanged,NO_DETERMINISTIC_DEVICE_LINK,,
123,000019c640007066,İKİZCE,A1-04,Daire 10,0,active,unchanged,NO_DETERMINISTIC_DEVICE_LINK,,
124,000019c640006741,İKİZCE,A1-04,Daire 2,0,registered,unchanged,NO_DETERMINISTIC_DEVICE_LINK,,
125,000019c640007067,İKİZCE,A1-04,Daire 3,0,registered,unchanged,NO_DETERMINISTIC_DEVICE_LINK,,
126,000019c640009179,İKİZCE,A1-04,Daire 4,0,registered,unchanged,NO_DETERMINISTIC_DEVICE_LINK,,
127,000019c640005255,İKİZCE,A1-04,Daire 5,0,registered,unchanged,NO_DETERMINISTIC_DEVICE_LINK,,
128,000019c640007069,İKİZCE,A1-04,Daire 6,0,registered,unchanged,NO_DETERMINISTIC_DEVICE_LINK,,
129,000019c640006090,İKİZCE,A1-04,Daire 7,0,registered,unchanged,NO_DETERMINISTIC_DEVICE_LINK,,
130,000019c640009730,İKİZCE,A1-04,Daire 8,0,active,unchanged,NO_DETERMINISTIC_DEVICE_LINK,,
131,000019c640008281,İKİZCE,A1-04,Daire 9,0,registered,unchanged,NO_DETERMINISTIC_DEVICE_LINK,,
132,000019c600003449,İKİZCE,A1-04,Numarasız 1,0,registered,unchanged,NO_DETERMINISTIC_DEVICE_LINK,,
133,000019c600003287,İKİZCE,A1-04,Numarasız 10,0,registered,unchanged,NO_DETERMINISTIC_DEVICE_LINK,,
134,000019c600003502,İKİZCE,A1-04,Numarasız 2,0,active,unchanged,NO_DETERMINISTIC_DEVICE_LINK,,
135,000019c600003908,İKİZCE,A1-04,Numarasız 3,0,registered,unchanged,NO_DETERMINISTIC_DEVICE_LINK,,
136,000019c640005003,İKİZCE,A1-04,Numarasız 4,0,registered,unchanged,NO_DETERMINISTIC_DEVICE_LINK,,
137,000019c600002270,İKİZCE,A1-04,Numarasız 5,0,registered,unchanged,NO_DETERMINISTIC_DEVICE_LINK,,
138,000019c600003289,İKİZCE,A1-04,Numarasız 6,0,registered,unchanged,NO_DETERMINISTIC_DEVICE_LINK,,
139,000019c600002278,İKİZCE,A1-04,Numarasız 7,0,active,unchanged,NO_DETERMINISTIC_DEVICE_LINK,,
140,000019c600004367,İKİZCE,A1-04,Numarasız 8,0,registered,unchanged,NO_DETERMINISTIC_DEVICE_LINK,,
141,000019c600004364,İKİZCE,A1-04,Numarasız 9,0,active,unchanged,NO_DETERMINISTIC_DEVICE_LINK,,
142,000019c640007371,İKİZCE,A1-05,Daire 1,0,registered,unchanged,NO_DETERMINISTIC_DEVICE_LINK,,
143,000019c640006372,İKİZCE,A1-05,Daire 10,0,registered,unchanged,NO_DETERMINISTIC_DEVICE_LINK,,
144,000019c640006376,İKİZCE,A1-05,Daire 2,0,registered,unchanged,NO_DETERMINISTIC_DEVICE_LINK,,
145,000019c640008973,İKİZCE,A1-05,Daire 3,0,registered,unchanged,NO_DETERMINISTIC_DEVICE_LINK,,
146,000019c640006392,İKİZCE,A1-05,Daire 4,0,registered,unchanged,NO_DETERMINISTIC_DEVICE_LINK,,
147,000019c640006397,İKİZCE,A1-05,Daire 5,0,active,unchanged,NO_DETERMINISTIC_DEVICE_LINK,,
148,000019c640009198,İKİZCE,A1-05,Daire 6,0,active,unchanged,NO_DETERMINISTIC_DEVICE_LINK,,
149,000019c640006394,İKİZCE,A1-05,Daire 7,0,registered,unchanged,NO_DETERMINISTIC_DEVICE_LINK,,
150,000019c640008974,İKİZCE,A1-05,Daire 8,0,active,unchanged,NO_DETERMINISTIC_DEVICE_LINK,,
151,000019c640009788,İKİZCE,A1-05,Daire 9,0,registered,unchanged,NO_DETERMINISTIC_DEVICE_LINK,,
152,000019c640005007,İKİZCE,A1-05,Numarasız 1,0,registered,unchanged,NO_DETERMINISTIC_DEVICE_LINK,,
153,000019c600003444,İKİZCE,A1-05,Numarasız 10,0,active,unchanged,NO_DETERMINISTIC_DEVICE_LINK,,
154,000019c600003508,İKİZCE,A1-05,Numarasız 2,0,active,unchanged,NO_DETERMINISTIC_DEVICE_LINK,,
155,000019c600003901,İKİZCE,A1-05,Numarasız 3,0,registered,unchanged,NO_DETERMINISTIC_DEVICE_LINK,,
156,000019c600003504,İKİZCE,A1-05,Numarasız 4,0,registered,unchanged,NO_DETERMINISTIC_DEVICE_LINK,,
157,000019c600002591,İKİZCE,A1-05,Numarasız 5,0,registered,unchanged,NO_DETERMINISTIC_DEVICE_LINK,,
158,000019c600004826,İKİZCE,A1-05,Numarasız 6,0,registered,unchanged,NO_DETERMINISTIC_DEVICE_LINK,,
159,000019c600003286,İKİZCE,A1-05,Numarasız 7,0,active,unchanged,NO_DETERMINISTIC_DEVICE_LINK,,
160,000019c600003501,İKİZCE,A1-05,Numarasız 8,0,active,unchanged,NO_DETERMINISTIC_DEVICE_LINK,,
161,000019c600004829,İKİZCE,A1-05,Numarasız 9,0,active,unchanged,NO_DETERMINISTIC_DEVICE_LINK,,
162,000019c640011206,İKİZCE,A1-05,Ortak Alan,0,registered,unchanged,NO_DETERMINISTIC_DEVICE_LINK,,
163,000019c640009170,İKİZCE,A1-06,Daire 1,0,registered,unchanged,NO_DETERMINISTIC_DEVICE_LINK,,
164,000019c640006689,İKİZCE,A1-06,Daire 10,0,active,unchanged,NO_DETERMINISTIC_DEVICE_LINK,,
165,000019c640007794,İKİZCE,A1-06,Daire 2,0,registered,unchanged,NO_DETERMINISTIC_DEVICE_LINK,,
166,000019c640009177,İKİZCE,A1-06,Daire 3,0,active,unchanged,NO_DETERMINISTIC_DEVICE_LINK,,
167,000019c640006744,İKİZCE,A1-06,Daire 4,0,active,unchanged,NO_DETERMINISTIC_DEVICE_LINK,,
168,000019c640009505,İKİZCE,A1-06,Daire 5,0,active,unchanged,NO_DETERMINISTIC_DEVICE_LINK,,
169,000019c640006986,İKİZCE,A1-06,Daire 6,0,registered,unchanged,NO_DETERMINISTIC_DEVICE_LINK,,
170,000019c640008288,İKİZCE,A1-06,Daire 7,0,active,unchanged,NO_DETERMINISTIC_DEVICE_LINK,,
171,000019c640009731,İKİZCE,A1-06,Daire 8,0,registered,unchanged,NO_DETERMINISTIC_DEVICE_LINK,,
172,000019c640006143,İKİZCE,A1-06,Daire 9,0,active,unchanged,NO_DETERMINISTIC_DEVICE_LINK,,
173,000019c600003569,İKİZCE,A1-06,Numarasız 1,0,registered,unchanged,NO_DETERMINISTIC_DEVICE_LINK,,
174,000019c600007186,İKİZCE,A1-06,Numarasız 10,0,registered,unchanged,NO_DETERMINISTIC_DEVICE_LINK,,
175,000019c640007185,İKİZCE,A1-06,Numarasız 2,0,registered,unchanged,NO_DETERMINISTIC_DEVICE_LINK,,
176,000019c600002848,İKİZCE,A1-06,Numarasız 3,0,registered,unchanged,NO_DETERMINISTIC_DEVICE_LINK,,
177,000019c640007183,İKİZCE,A1-06,Numarasız 4,0,active,unchanged,NO_DETERMINISTIC_DEVICE_LINK,,
178,000019c600003131,İKİZCE,A1-06,Numarasız 5,0,active,unchanged,NO_DETERMINISTIC_DEVICE_LINK,,
179,000019c600004361,İKİZCE,A1-06,Numarasız 6,0,registered,unchanged,NO_DETERMINISTIC_DEVICE_LINK,,
180,000019c600004360,İKİZCE,A1-06,Numarasız 7,0,active,unchanged,NO_DETERMINISTIC_DEVICE_LINK,,
181,000019c600002847,İKİZCE,A1-06,Numarasız 8,0,registered,unchanged,NO_DETERMINISTIC_DEVICE_LINK,,
182,000019c640007181,İKİZCE,A1-06,Numarasız 9,0,registered,unchanged,NO_DETERMINISTIC_DEVICE_LINK,,
183,000019c640022351,İKİZCE,A1-06,Ortak Alan,0,registered,unchanged,NO_DETERMINISTIC_DEVICE_LINK,,
184,000019c640007791,İKİZCE,A1-07,Daire 1,0,registered,unchanged,NO_DETERMINISTIC_DEVICE_LINK,,
185,000019c600001487,İKİZCE,A1-07,Daire 1,0,active,unchanged,NO_DETERMINISTIC_DEVICE_LINK,,
186,000019c640008286,İKİZCE,A1-07,Daire 10,0,registered,unchanged,NO_DETERMINISTIC_DEVICE_LINK,,
187,000019c600004815,İKİZCE,A1-07,Daire 10,0,registered,unchanged,NO_DETERMINISTIC_DEVICE_LINK,,
188,000019c640009503,İKİZCE,A1-07,Daire 2,0,registered,unchanged,NO_DETERMINISTIC_DEVICE_LINK,,
189,000019c640004551,İKİZCE,A1-07,Daire 2,0,active,unchanged,NO_DETERMINISTIC_DEVICE_LINK,,
190,000019c640006982,İKİZCE,A1-07,Daire 3,0,registered,unchanged,NO_DETERMINISTIC_DEVICE_LINK,,
191,000019c600004554,İKİZCE,A1-07,Daire 3,0,registered,unchanged,NO_DETERMINISTIC_DEVICE_LINK,,
192,000019c640009739,İKİZCE,A1-07,Daire 4,0,registered,unchanged,NO_DETERMINISTIC_DEVICE_LINK,,
193,000019c600001547,İKİZCE,A1-07,Daire 4,0,active,unchanged,NO_DETERMINISTIC_DEVICE_LINK,,
194,000019c640006685,İKİZCE,A1-07,Daire 5,0,registered,unchanged,NO_DETERMINISTIC_DEVICE_LINK,,
195,000019c600004810,İKİZCE,A1-07,Daire 5,0,registered,unchanged,NO_DETERMINISTIC_DEVICE_LINK,,
196,000019c640006094,İKİZCE,A1-07,Daire 6,0,registered,unchanged,NO_DETERMINISTIC_DEVICE_LINK,,
197,000019c640004555,İKİZCE,A1-07,Daire 6,0,registered,unchanged,NO_DETERMINISTIC_DEVICE_LINK,,
198,000019c640007061,İKİZCE,A1-07,Daire 7,0,registered,unchanged,NO_DETERMINISTIC_DEVICE_LINK,,
199,000019c600004814,İKİZCE,A1-07,Daire 7,0,registered,unchanged,NO_DETERMINISTIC_DEVICE_LINK,,
200,000019c640006742,İKİZCE,A1-07,Daire 8,0,registered,unchanged,NO_DETERMINISTIC_DEVICE_LINK,,
201,000019c600004818,İKİZCE,A1-07,Daire 8,0,registered,unchanged,NO_DETERMINISTIC_DEVICE_LINK,,
202,000019c640009732,İKİZCE,A1-07,Daire 9,0,registered,unchanged,NO_DETERMINISTIC_DEVICE_LINK,,
203,000019c640004552,İKİZCE,A1-07,Daire 9,0,registered,unchanged,NO_DETERMINISTIC_DEVICE_LINK,,
204,000019c640011218,İKİZCE,A1-07,Ortakalan,0,registered,unchanged,NO_DETERMINISTIC_DEVICE_LINK,,
205,000019c640008525,İKİZCE,A1-08,Daire 1,0,active,unchanged,NO_DETERMINISTIC_DEVICE_LINK,,
206,000019c640008761,İKİZCE,A1-08,Daire 2,0,registered,unchanged,NO_DETERMINISTIC_DEVICE_LINK,,
207,000019c640008172,İKİZCE,A1-08,Daire 3,0,active,unchanged,NO_DETERMINISTIC_DEVICE_LINK,,
208,000019c640008769,İKİZCE,A1-08,Daire 4,0,active,unchanged,NO_DETERMINISTIC_DEVICE_LINK,,
209,000019c640008837,İKİZCE,A1-08,Daire 5,0,active,unchanged,NO_DETERMINISTIC_DEVICE_LINK,,
210,000019c640008178,İKİZCE,A1-08,Daire 6,0,active,unchanged,NO_DETERMINISTIC_DEVICE_LINK,,
211,000019c640008526,İKİZCE,A1-08,Daire 7,0,registered,unchanged,NO_DETERMINISTIC_DEVICE_LINK,,
212,000019c640008173,İKİZCE,A1-08,Daire 8,0,registered,unchanged,NO_DETERMINISTIC_DEVICE_LINK,,
213,000019c640008174,İKİZCE,A1-08,Daire 9,0,active,unchanged,NO_DETERMINISTIC_DEVICE_LINK,,
214,000019c600008765,İKİZCE,A1-08,Dairesi 10,0,registered,unchanged,NO_DETERMINISTIC_DEVICE_LINK,,
215,000019c600001026,İKİZCE,A1-08,Numarasız 1,0,registered,unchanged,NO_DETERMINISTIC_DEVICE_LINK,,
216,000019c600004895,İKİZCE,A1-08,Numarasız 10,0,registered,unchanged,NO_DETERMINISTIC_DEVICE_LINK,,
217,000019c600004892,İKİZCE,A1-08,Numarasız 2,0,registered,unchanged,NO_DETERMINISTIC_DEVICE_LINK,,
218,000019c600003552,İKİZCE,A1-08,Numarasız 3,0,registered,unchanged,NO_DETERMINISTIC_DEVICE_LINK,,
219,000019c600003132,İKİZCE,A1-08,Numarasız 4,0,registered,unchanged,NO_DETERMINISTIC_DEVICE_LINK,,
220,000019c600003551,İKİZCE,A1-08,Numarasız 5,0,registered,unchanged,NO_DETERMINISTIC_DEVICE_LINK,,
221,000019c600003557,İKİZCE,A1-08,Numarasız 6,0,active,unchanged,NO_DETERMINISTIC_DEVICE_LINK,,
222,000019c600003556,İKİZCE,A1-08,Numarasız 7,0,registered,unchanged,NO_DETERMINISTIC_DEVICE_LINK,,
223,000019c600003117,İKİZCE,A1-08,Numarasız 8,0,registered,unchanged,NO_DETERMINISTIC_DEVICE_LINK,,
224,000019c600001021,İKİZCE,A1-08,Numarasız 9,0,registered,unchanged,NO_DETERMINISTIC_DEVICE_LINK,,
225,000019c650031298,İKİZCE,A1-08,Ortak Alan,0,registered,unchanged,NO_DETERMINISTIC_DEVICE_LINK,,
226,000019c640008957,İKİZCE,A1-09,Daire 1,0,active,unchanged,NO_DETERMINISTIC_DEVICE_LINK,,
227,000019c600003599,İKİZCE,A1-09,Daire 1,0,registered,unchanged,NO_DETERMINISTIC_DEVICE_LINK,,
228,000019c640009960,İKİZCE,A1-09,Daire 10,0,active,unchanged,NO_DETERMINISTIC_DEVICE_LINK,,
229,000019c600004550,İKİZCE,A1-09,Daire 10,0,registered,unchanged,NO_DETERMINISTIC_DEVICE_LINK,,
230,000019c640009968,İKİZCE,A1-09,Daire 2,0,registered,unchanged,NO_DETERMINISTIC_DEVICE_LINK,,
231,000019c600001027,İKİZCE,A1-09,Daire 2,0,registered,unchanged,NO_DETERMINISTIC_DEVICE_LINK,,
232,000019c640008523,İKİZCE,A1-09,Daire 3,0,registered,unchanged,NO_DETERMINISTIC_DEVICE_LINK,,
233,000019c600001020,İKİZCE,A1-09,Daire 3,0,registered,unchanged,NO_DETERMINISTIC_DEVICE_LINK,,
234,000019c640008950,İKİZCE,A1-09,Daire 4,0,active,unchanged,NO_DETERMINISTIC_DEVICE_LINK,,
235,000019c600001725,İKİZCE,A1-09,Daire 4,0,registered,unchanged,NO_DETERMINISTIC_DEVICE_LINK,,
236,000019c640009963,İKİZCE,A1-09,Daire 5,0,registered,unchanged,NO_DETERMINISTIC_DEVICE_LINK,,
237,000019c600001727,İKİZCE,A1-09,Daire 5,0,registered,unchanged,NO_DETERMINISTIC_DEVICE_LINK,,
238,000019c640005140,İKİZCE,A1-09,Daire 6,0,registered,unchanged,NO_DETERMINISTIC_DEVICE_LINK,,
239,000019c600001724,İKİZCE,A1-09,Daire 6,0,registered,unchanged,NO_DETERMINISTIC_DEVICE_LINK,,
240,000019c640008408,İKİZCE,A1-09,Daire 7,0,registered,unchanged,NO_DETERMINISTIC_DEVICE_LINK,,
241,000019c600003566,İKİZCE,A1-09,Daire 7,0,registered,unchanged,NO_DETERMINISTIC_DEVICE_LINK,,
242,000019c640009895,İKİZCE,A1-09,Daire 8,0,registered,unchanged,NO_DETERMINISTIC_DEVICE_LINK,,
243,000019c600004559,İKİZCE,A1-09,Daire 8,0,active,unchanged,NO_DETERMINISTIC_DEVICE_LINK,,
244,000019c640009962,İKİZCE,A1-09,Daire 9,0,registered,unchanged,NO_DETERMINISTIC_DEVICE_LINK,,
245,000019c600004811,İKİZCE,A1-09,Daire 9,0,registered,unchanged,NO_DETERMINISTIC_DEVICE_LINK,,
246,000019c640022373,İKİZCE,A1-09,Ortak Alan,0,registered,unchanged,NO_DETERMINISTIC_DEVICE_LINK,,
247,000019c640006332,İKİZCE,A1-10,Daire 1,0,registered,unchanged,NO_DETERMINISTIC_DEVICE_LINK,,
248,000019c600006334,İKİZCE,A1-10,Daire 10,0,registered,unchanged,NO_DETERMINISTIC_DEVICE_LINK,,
249,000019c640006339,İKİZCE,A1-10,Daire 2,0,active,unchanged,NO_DETERMINISTIC_DEVICE_LINK,,
250,000019c640008493,İKİZCE,A1-10,Daire 3,0,registered,unchanged,NO_DETERMINISTIC_DEVICE_LINK,,
251,000019c640008055,İKİZCE,A1-10,Daire 4,0,registered,unchanged,NO_DETERMINISTIC_DEVICE_LINK,,
252,000019c640008059,İKİZCE,A1-10,Daire 5,0,active,unchanged,NO_DETERMINISTIC_DEVICE_LINK,,
253,000019c640006337,İKİZCE,A1-10,Daire 6,0,active,unchanged,NO_DETERMINISTIC_DEVICE_LINK,,
254,000019c640006330,İKİZCE,A1-10,Daire 7,0,registered,unchanged,NO_DETERMINISTIC_DEVICE_LINK,,
255,000019c640008490,İKİZCE,A1-10,Daire 8,0,registered,unchanged,NO_DETERMINISTIC_DEVICE_LINK,,
256,000019c640008494,İKİZCE,A1-10,Daire 9,0,active,unchanged,NO_DETERMINISTIC_DEVICE_LINK,,
257,000019c640022497,İKİZCE,A1-10,Ortak Alan,0,active,unchanged,NO_DETERMINISTIC_DEVICE_LINK,,
258,000019c640009285,İKİZCE,A1-11,Numarasız 1,0,active,unchanged,NO_DETERMINISTIC_DEVICE_LINK,,
259,000019c640009405,İKİZCE,A1-11,Numarasız 10,0,registered,unchanged,NO_DETERMINISTIC_DEVICE_LINK,,
260,000019c640009282,İKİZCE,A1-11,Numarasız 2,0,registered,unchanged,NO_DETERMINISTIC_DEVICE_LINK,,
261,000019c640009403,İKİZCE,A1-11,Numarasız 3,0,registered,unchanged,NO_DETERMINISTIC_DEVICE_LINK,,
262,000019c640009288,İKİZCE,A1-11,Numarasız 4,0,active,unchanged,NO_DETERMINISTIC_DEVICE_LINK,,
263,000019c640009186,İKİZCE,A1-11,Numarasız 5,0,registered,unchanged,NO_DETERMINISTIC_DEVICE_LINK,,
264,000019c640009406,İKİZCE,A1-11,Numarasız 6,0,active,unchanged,NO_DETERMINISTIC_DEVICE_LINK,,
265,000019c640009492,İKİZCE,A1-11,Numarasız 7,0,active,unchanged,NO_DETERMINISTIC_DEVICE_LINK,,
266,000019c640009404,İKİZCE,A1-11,Numarasız 8,0,active,unchanged,NO_DETERMINISTIC_DEVICE_LINK,,
267,000019c640005476,İKİZCE,A1-11,Numarasız 9,0,registered,unchanged,NO_DETERMINISTIC_DEVICE_LINK,,
268,000019c640009202,İKİZCE,A1-12,Numarasız 1,0,registered,unchanged,NO_DETERMINISTIC_DEVICE_LINK,,
269,000019c640005174,İKİZCE,A1-12,Numarasız 10,0,registered,unchanged,NO_DETERMINISTIC_DEVICE_LINK,,
270,000019c640009201,İKİZCE,A1-12,Numarasız 2,0,registered,unchanged,NO_DETERMINISTIC_DEVICE_LINK,,
271,000019c640005176,İKİZCE,A1-12,Numarasız 3,0,registered,unchanged,NO_DETERMINISTIC_DEVICE_LINK,,
272,000019c640005172,İKİZCE,A1-12,Numarasız 4,0,active,unchanged,NO_DETERMINISTIC_DEVICE_LINK,,
273,000019c640006526,İKİZCE,A1-12,Numarasız 5,0,registered,unchanged,NO_DETERMINISTIC_DEVICE_LINK,,
274,000019c640005173,İKİZCE,A1-12,Numarasız 6,0,registered,unchanged,NO_DETERMINISTIC_DEVICE_LINK,,
275,000019c640005175,İKİZCE,A1-12,Numarasız 7,0,registered,unchanged,NO_DETERMINISTIC_DEVICE_LINK,,
276,000019c640009207,İKİZCE,A1-12,Numarasız 8,0,registered,unchanged,NO_DETERMINISTIC_DEVICE_LINK,,
277,000019c640009204,İKİZCE,A1-12,Numarasız 9,0,registered,unchanged,NO_DETERMINISTIC_DEVICE_LINK,,
278,000019c640022352,İKİZCE,A1-12,Ortak Alan,0,registered,unchanged,NO_DETERMINISTIC_DEVICE_LINK,,
279,000019c640005145,İKİZCE,A1-13,Numarasız 1,0,registered,unchanged,NO_DETERMINISTIC_DEVICE_LINK,,
280,000019c640009967,İKİZCE,A1-13,Numarasız 10,0,registered,unchanged,NO_DETERMINISTIC_DEVICE_LINK,,
281,000019c640009961,İKİZCE,A1-13,Numarasız 2,0,registered,unchanged,NO_DETERMINISTIC_DEVICE_LINK,,
282,000019c640008952,İKİZCE,A1-13,Numarasız 3,0,registered,unchanged,NO_DETERMINISTIC_DEVICE_LINK,,
283,000019c640008407,İKİZCE,A1-13,Numarasız 4,0,registered,unchanged,NO_DETERMINISTIC_DEVICE_LINK,,
284,000019c640009891,İKİZCE,A1-13,Numarasız 5,0,registered,unchanged,NO_DETERMINISTIC_DEVICE_LINK,,
285,000019c640008527,İKİZCE,A1-13,Numarasız 6,0,registered,unchanged,NO_DETERMINISTIC_DEVICE_LINK,,
286,000019c640008956,İKİZCE,A1-13,Numarasız 7,0,active,unchanged,NO_DETERMINISTIC_DEVICE_LINK,,
287,000019c640008524,İKİZCE,A1-13,Numarasız 8,0,active,unchanged,NO_DETERMINISTIC_DEVICE_LINK,,
288,000019c640009896,İKİZCE,A1-13,Numarasız 9,0,active,unchanged,NO_DETERMINISTIC_DEVICE_LINK,,
289,000019c640006195,İKİZCE,A1-14,Daire 1,0,registered,unchanged,NO_DETERMINISTIC_DEVICE_LINK,,
290,000019c640009517,İKİZCE,A1-14,Daire 10,0,active,unchanged,NO_DETERMINISTIC_DEVICE_LINK,,
291,000019c640009145,İKİZCE,A1-14,Daire 2,0,registered,unchanged,NO_DETERMINISTIC_DEVICE_LINK,,
292,000019c640009149,İKİZCE,A1-14,Daire 3,0,registered,unchanged,NO_DETERMINISTIC_DEVICE_LINK,,
293,000019c640009514,İKİZCE,A1-14,Daire 4,0,registered,unchanged,NO_DETERMINISTIC_DEVICE_LINK,,
294,000019c640009878,İKİZCE,A1-14,Daire 5,0,registered,unchanged,NO_DETERMINISTIC_DEVICE_LINK,,
295,000019c640009518,İKİZCE,A1-14,Daire 6,0,active,unchanged,NO_DETERMINISTIC_DEVICE_LINK,,
296,000019c640009513,İKİZCE,A1-14,Daire 7,0,registered,unchanged,NO_DETERMINISTIC_DEVICE_LINK,,
297,000019c640009336,İKİZCE,A1-14,Daire 8,0,active,unchanged,NO_DETERMINISTIC_DEVICE_LINK,,
298,000019c640009146,İKİZCE,A1-14,Daire 9,0,active,unchanged,NO_DETERMINISTIC_DEVICE_LINK,,
299,000019c640011924,İKİZCE,A1-14,Ortak Alan,0,registered,unchanged,NO_DETERMINISTIC_DEVICE_LINK,,
300,000019c640009909,İKİZCE,A1-15,Daire 1,0,registered,unchanged,NO_DETERMINISTIC_DEVICE_LINK,,
301,000019c640008551,İKİZCE,A1-15,Daire 10,0,active,unchanged,NO_DETERMINISTIC_DEVICE_LINK,,
302,000019c640009903,İKİZCE,A1-15,Daire 2,0,registered,unchanged,NO_DETERMINISTIC_DEVICE_LINK,,
303,000019c640009908,İKİZCE,A1-15,Daire 3,0,active,unchanged,NO_DETERMINISTIC_DEVICE_LINK,,
304,000019c640008050,İKİZCE,A1-15,Daire 4,0,registered,unchanged,NO_DETERMINISTIC_DEVICE_LINK,,
305,000019c640007255,İKİZCE,A1-15,Daire 5,0,registered,unchanged,NO_DETERMINISTIC_DEVICE_LINK,,
306,000019c640006467,İKİZCE,A1-15,Daire 6,0,registered,unchanged,NO_DETERMINISTIC_DEVICE_LINK,,
307,000019c640007256,İKİZCE,A1-15,Daire 7,0,registered,unchanged,NO_DETERMINISTIC_DEVICE_LINK,,
308,000019c640008553,İKİZCE,A1-15,Daire 8,0,active,unchanged,NO_DETERMINISTIC_DEVICE_LINK,,
309,000019c640009902,İKİZCE,A1-15,Daire 9,0,registered,unchanged,NO_DETERMINISTIC_DEVICE_LINK,,
310,000019c640022282,İKİZCE,A1-15,Ortak Alan,0,registered,unchanged,NO_DETERMINISTIC_DEVICE_LINK,,
311,000019c640005152,İKİZCE,A1-16,Daire 1,0,registered,unchanged,NO_DETERMINISTIC_DEVICE_LINK,,
312,000019c640008550,İKİZCE,A1-16,Daire 10,0,registered,unchanged,NO_DETERMINISTIC_DEVICE_LINK,,
313,000019c640005156,İKİZCE,A1-16,Daire 2,0,registered,unchanged,NO_DETERMINISTIC_DEVICE_LINK,,
314,000019c640008558,İKİZCE,A1-16,Daire 3,0,registered,unchanged,NO_DETERMINISTIC_DEVICE_LINK,,
315,000019c640006657,İKİZCE,A1-16,Daire 4,0,active,unchanged,NO_DETERMINISTIC_DEVICE_LINK,,
316,000019c640005155,İKİZCE,A1-16,Daire 5,0,registered,unchanged,NO_DETERMINISTIC_DEVICE_LINK,,
317,000019c640008555,İKİZCE,A1-16,Daire 6,0,registered,unchanged,NO_DETERMINISTIC_DEVICE_LINK,,
318,000019c640008552,İKİZCE,A1-16,Daire 7,0,registered,unchanged,NO_DETERMINISTIC_DEVICE_LINK,,
319,000019c640005157,İKİZCE,A1-16,Daire 8,0,active,unchanged,NO_DETERMINISTIC_DEVICE_LINK,,
320,000019c640008559,İKİZCE,A1-16,Daire 9,0,active,unchanged,NO_DETERMINISTIC_DEVICE_LINK,,
321,000019c640022390,İKİZCE,A1-16,Ortak Alan,0,registered,unchanged,NO_DETERMINISTIC_DEVICE_LINK,,
322,000019c600002736,İKİZCE,A2,Daire 1,0,registered,unchanged,NO_DETERMINISTIC_DEVICE_LINK,,
323,000019c640015683,İKİZCE,A2,Daire 1,0,registered,unchanged,NO_DETERMINISTIC_DEVICE_LINK,,
324,000019c600001221,İKİZCE,A2,Daire 10,0,registered,unchanged,NO_DETERMINISTIC_DEVICE_LINK,,
325,000019c640015681,İKİZCE,A2,Daire 10,0,registered,unchanged,NO_DETERMINISTIC_DEVICE_LINK,,
326,000019c600004139,İKİZCE,A2,Daire 11,0,registered,unchanged,NO_DETERMINISTIC_DEVICE_LINK,,
327,000019c640012874,İKİZCE,A2,Daire 11,0,registered,unchanged,NO_DETERMINISTIC_DEVICE_LINK,,
328,000019c600001440,İKİZCE,A2,Daire 12,0,registered,unchanged,NO_DETERMINISTIC_DEVICE_LINK,,
329,000019c640012792,İKİZCE,A2,Daire 12,0,registered,unchanged,NO_DETERMINISTIC_DEVICE_LINK,,
330,000019c600002446,İKİZCE,A2,Daire 13,0,active,unchanged,NO_DETERMINISTIC_DEVICE_LINK,,
331,000019c640012749,İKİZCE,A2,Daire 13,0,registered,unchanged,NO_DETERMINISTIC_DEVICE_LINK,,
332,000019c600001272,İKİZCE,A2,Daire 14,0,active,unchanged,NO_DETERMINISTIC_DEVICE_LINK,,
333,000019c640012619,İKİZCE,A2,Daire 14,0,registered,unchanged,NO_DETERMINISTIC_DEVICE_LINK,,
334,000019c600004132,İKİZCE,A2,Daire 15,0,active,unchanged,NO_DETERMINISTIC_DEVICE_LINK,,
335,000019c640016664,İKİZCE,A2,Daire 15,0,registered,unchanged,NO_DETERMINISTIC_DEVICE_LINK,,
336,000019c640001278,İKİZCE,A2,Daire 16,0,registered,unchanged,NO_DETERMINISTIC_DEVICE_LINK,,
337,000019c640018174,İKİZCE,A2,Daire 16,0,registered,unchanged,NO_DETERMINISTIC_DEVICE_LINK,,
338,000019c600003362,İKİZCE,A2,Daire 17,0,registered,unchanged,NO_DETERMINISTIC_DEVICE_LINK,,
339,000019c640015689,İKİZCE,A2,Daire 17,0,registered,unchanged,NO_DETERMINISTIC_DEVICE_LINK,,
340,000019c600001229,İKİZCE,A2,Daire 18,0,registered,unchanged,NO_DETERMINISTIC_DEVICE_LINK,,
341,000019c640012612,İKİZCE,A2,Daire 18,0,registered,unchanged,NO_DETERMINISTIC_DEVICE_LINK,,
342,000019c600001271,İKİZCE,A2,Daire 19,0,registered,unchanged,NO_DETERMINISTIC_DEVICE_LINK,,
343,000019c640012618,İKİZCE,A2,Daire 19,0,registered,unchanged,NO_DETERMINISTIC_DEVICE_LINK,,
344,000019c640005057,İKİZCE,A2,Daire 2,0,active,unchanged,NO_DETERMINISTIC_DEVICE_LINK,,
345,000019c640012833,İKİZCE,A2,Daire 2,0,registered,unchanged,NO_DETERMINISTIC_DEVICE_LINK,,
346,000019c600002734,İKİZCE,A2,Daire 20,0,registered,unchanged,NO_DETERMINISTIC_DEVICE_LINK,,
347,000019c640017547,İKİZCE,A2,Daire 20,0,registered,unchanged,NO_DETERMINISTIC_DEVICE_LINK,,
348,000019c600001220,İKİZCE,A2,Daire 21,0,active,unchanged,NO_DETERMINISTIC_DEVICE_LINK,,
349,000019c640015038,İKİZCE,A2,Daire 21,0,registered,unchanged,NO_DETERMINISTIC_DEVICE_LINK,,
350,000019c600001270,İKİZCE,A2,Daire 22,0,registered,unchanged,NO_DETERMINISTIC_DEVICE_LINK,,
351,000019c640018179,İKİZCE,A2,Daire 22,0,registered,unchanged,NO_DETERMINISTIC_DEVICE_LINK,,
352,000019c640005269,İKİZCE,A2,Daire 23,0,active,unchanged,NO_DETERMINISTIC_DEVICE_LINK,,
353,000019c640016546,İKİZCE,A2,Daire 23,0,registered,unchanged,NO_DETERMINISTIC_DEVICE_LINK,,
354,000019c600001189,İKİZCE,A2,Daire 24,0,active,unchanged,NO_DETERMINISTIC_DEVICE_LINK,,
355,000019c640015944,İKİZCE,A2,Daire 24,0,registered,unchanged,NO_DETERMINISTIC_DEVICE_LINK,,
356,000019c640005260,İKİZCE,A2,Daire 25,0,active,unchanged,NO_DETERMINISTIC_DEVICE_LINK,,
357,000019c640012615,İKİZCE,A2,Daire 25,0,registered,unchanged,NO_DETERMINISTIC_DEVICE_LINK,,
358,000019c600001276,İKİZCE,A2,Daire 26,0,active,unchanged,NO_DETERMINISTIC_DEVICE_LINK,,
359,000019c640015991,İKİZCE,A2,Daire 26,0,registered,unchanged,NO_DETERMINISTIC_DEVICE_LINK,,
360,000019c600003293,İKİZCE,A2,Daire 27,0,active,unchanged,NO_DETERMINISTIC_DEVICE_LINK,,
361,000019c640015996,İKİZCE,A2,Daire 27,0,registered,unchanged,NO_DETERMINISTIC_DEVICE_LINK,,
362,000019c600001443,İKİZCE,A2,Daire 28,0,registered,unchanged,NO_DETERMINISTIC_DEVICE_LINK,,
363,000019c640016021,İKİZCE,A2,Daire 28,0,registered,unchanged,NO_DETERMINISTIC_DEVICE_LINK,,
364,000019c600001085,İKİZCE,A2,Daire 29,0,active,unchanged,NO_DETERMINISTIC_DEVICE_LINK,,
365,000019c640012838,İKİZCE,A2,Daire 29,0,registered,unchanged,NO_DETERMINISTIC_DEVICE_LINK,,
366,000019c600001322,İKİZCE,A2,Daire 3,0,registered,unchanged,NO_DETERMINISTIC_DEVICE_LINK,,
367,000019c640016540,İKİZCE,A2,Daire 3,0,registered,unchanged,NO_DETERMINISTIC_DEVICE_LINK,,
368,000019c600001227,İKİZCE,A2,Daire 4,0,registered,unchanged,NO_DETERMINISTIC_DEVICE_LINK,,
369,000019c640012834,İKİZCE,A2,Daire 4,0,registered,unchanged,NO_DETERMINISTIC_DEVICE_LINK,,
370,000019c600001278,İKİZCE,A2,Daire 5,0,active,unchanged,NO_DETERMINISTIC_DEVICE_LINK,,
371,000019c640015940,İKİZCE,A2,Daire 5,0,registered,unchanged,NO_DETERMINISTIC_DEVICE_LINK,,
372,000019c600004134,İKİZCE,A2,Daire 6,0,registered,unchanged,NO_DETERMINISTIC_DEVICE_LINK,,
373,000019c640012797,İKİZCE,A2,Daire 6,0,registered,unchanged,NO_DETERMINISTIC_DEVICE_LINK,,
374,000019c600001326,İKİZCE,A2,Daire 7,0,registered,unchanged,NO_DETERMINISTIC_DEVICE_LINK,,
375,000019c640012616,İKİZCE,A2,Daire 7,0,registered,unchanged,NO_DETERMINISTIC_DEVICE_LINK,,
376,000019c600001226,İKİZCE,A2,Daire 8,0,registered,unchanged,NO_DETERMINISTIC_DEVICE_LINK,,
377,000019c640012613,İKİZCE,A2,Daire 8,0,registered,unchanged,NO_DETERMINISTIC_DEVICE_LINK,,
378,000019c600002730,İKİZCE,A2,Daire 9,0,registered,unchanged,NO_DETERMINISTIC_DEVICE_LINK,,
379,000019c640015945,İKİZCE,A2,Daire 9,0,registered,unchanged,NO_DETERMINISTIC_DEVICE_LINK,,
380,000019c600003360,İKİZCE,A2,Kapıcı Dairesi,0,registered,unchanged,NO_DETERMINISTIC_DEVICE_LINK,,
381,000019c640016390,İKİZCE,A2,Kd,0,registered,unchanged,NO_DETERMINISTIC_DEVICE_LINK,,
382,000019c640008770,İKİZCE,A2-01,Daire 1,0,registered,unchanged,NO_DETERMINISTIC_DEVICE_LINK,,
383,000019c600004633,İKİZCE,A2-01,Daire 1,0,registered,unchanged,NO_DETERMINISTIC_DEVICE_LINK,,
384,000019c640008529,İKİZCE,A2-01,Daire 10,0,registered,unchanged,NO_DETERMINISTIC_DEVICE_LINK,,
385,000019c600009982,İKİZCE,A2-01,Daire 10,0,registered,unchanged,NO_DETERMINISTIC_DEVICE_LINK,,
386,000019c640005148,İKİZCE,A2-01,Daire 2,0,registered,unchanged,NO_DETERMINISTIC_DEVICE_LINK,,
387,000019c600005069,İKİZCE,A2-01,Daire 2,0,registered,unchanged,NO_DETERMINISTIC_DEVICE_LINK,,
388,000019c640008778,İKİZCE,A2-01,Daire 3,0,registered,unchanged,NO_DETERMINISTIC_DEVICE_LINK,,
389,000019c600005001,İKİZCE,A2-01,Daire 3,0,registered,unchanged,NO_DETERMINISTIC_DEVICE_LINK,,
390,000019c640005143,İKİZCE,A2-01,Daire 4,0,registered,unchanged,NO_DETERMINISTIC_DEVICE_LINK,,
391,000019c600009983,İKİZCE,A2-01,Daire 4,0,registered,unchanged,NO_DETERMINISTIC_DEVICE_LINK,,
392,000019c640005147,İKİZCE,A2-01,Daire 5,0,registered,unchanged,NO_DETERMINISTIC_DEVICE_LINK,,
393,000019c600007117,İKİZCE,A2-01,Daire 5,0,registered,unchanged,NO_DETERMINISTIC_DEVICE_LINK,,
394,000019c640008832,İKİZCE,A2-01,Daire 6,0,registered,unchanged,NO_DETERMINISTIC_DEVICE_LINK,,
395,000019c600006606,İKİZCE,A2-01,Daire 6,0,registered,unchanged,NO_DETERMINISTIC_DEVICE_LINK,,
396,000019c640008835,İKİZCE,A2-01,Daire 7,0,registered,unchanged,NO_DETERMINISTIC_DEVICE_LINK,,
397,000019c600005062,İKİZCE,A2-01,Daire 7,0,registered,unchanged,NO_DETERMINISTIC_DEVICE_LINK,,
398,000019c640008776,İKİZCE,A2-01,Daire 8,0,registered,unchanged,NO_DETERMINISTIC_DEVICE_LINK,,
399,000019c600008732,İKİZCE,A2-01,Daire 8,0,registered,unchanged,NO_DETERMINISTIC_DEVICE_LINK,,
400,000019c640008775,İKİZCE,A2-01,Daire 9,0,active,unchanged,NO_DETERMINISTIC_DEVICE_LINK,,
401,000019c600009984,İKİZCE,A2-01,Daire 9,0,registered,unchanged,NO_DETERMINISTIC_DEVICE_LINK,,
402,000019c640022392,İKİZCE,A2-01,Ortak Alan,0,registered,unchanged,NO_DETERMINISTIC_DEVICE_LINK,,
403,000019c640008762,İKİZCE,A2-02,Daire 1,0,registered,unchanged,NO_DETERMINISTIC_DEVICE_LINK,,
404,000019c600002845,İKİZCE,A2-02,Daire 1,0,registered,unchanged,NO_DETERMINISTIC_DEVICE_LINK,,
405,000019c640009966,İKİZCE,A2-02,Daire 10,0,registered,unchanged,NO_DETERMINISTIC_DEVICE_LINK,,
406,000019c600002844,İKİZCE,A2-02,Daire 10,0,active,unchanged,NO_DETERMINISTIC_DEVICE_LINK,,
407,000019c640008764,İKİZCE,A2-02,Daire 2,0,registered,unchanged,NO_DETERMINISTIC_DEVICE_LINK,,
408,000019c600003909,İKİZCE,A2-02,Daire 2,0,active,unchanged,NO_DETERMINISTIC_DEVICE_LINK,,
409,000019c640008839,İKİZCE,A2-02,Daire 3,0,active,unchanged,NO_DETERMINISTIC_DEVICE_LINK,,
410,000019c640005150,İKİZCE,A2-02,Daire 3,0,registered,unchanged,NO_DETERMINISTIC_DEVICE_LINK,,
411,000019c640008834,İKİZCE,A2-02,Daire 4,0,active,unchanged,NO_DETERMINISTIC_DEVICE_LINK,,
412,000019c640002590,İKİZCE,A2-02,Daire 4,0,registered,unchanged,NO_DETERMINISTIC_DEVICE_LINK,,
413,000019c640008171,İKİZCE,A2-02,Daire 5,0,registered,unchanged,NO_DETERMINISTIC_DEVICE_LINK,,
414,000019c600002276,İKİZCE,A2-02,Daire 5,0,registered,unchanged,NO_DETERMINISTIC_DEVICE_LINK,,
415,000019c640008779,İKİZCE,A2-02,Daire 6,0,registered,unchanged,NO_DETERMINISTIC_DEVICE_LINK,,
416,000019c640003980,İKİZCE,A2-02,Daire 6,0,registered,unchanged,NO_DETERMINISTIC_DEVICE_LINK,,
417,000019c640008773,İKİZCE,A2-02,Daire 7,0,registered,unchanged,NO_DETERMINISTIC_DEVICE_LINK,,
418,000019c600003443,İKİZCE,A2-02,Daire 7,0,active,unchanged,NO_DETERMINISTIC_DEVICE_LINK,,
419,000019c640008836,İKİZCE,A2-02,Daire 8,0,registered,unchanged,NO_DETERMINISTIC_DEVICE_LINK,,
420,000019c600004816,İKİZCE,A2-02,Daire 8,0,active,unchanged,NO_DETERMINISTIC_DEVICE_LINK,,
421,000019c640008768,İKİZCE,A2-02,Daire 9,0,active,unchanged,NO_DETERMINISTIC_DEVICE_LINK,,
422,000019c600004817,İKİZCE,A2-02,Daire 9,0,registered,unchanged,NO_DETERMINISTIC_DEVICE_LINK,,
423,000019c640005525,İKİZCE,A2-03,Daire 1,0,active,unchanged,NO_DETERMINISTIC_DEVICE_LINK,,
424,000019c640008280,İKİZCE,A2-03,Daire 10,0,registered,unchanged,NO_DETERMINISTIC_DEVICE_LINK,,
425,000019c640009361,İKİZCE,A2-03,Daire 2,0,registered,unchanged,NO_DETERMINISTIC_DEVICE_LINK,,
426,000019c640006989,İKİZCE,A2-03,Daire 3,0,registered,unchanged,NO_DETERMINISTIC_DEVICE_LINK,,
427,000019c640006996,İKİZCE,A2-03,Daire 4,0,registered,unchanged,NO_DETERMINISTIC_DEVICE_LINK,,
428,000019c640006988,İKİZCE,A2-03,Daire 5,0,active,unchanged,NO_DETERMINISTIC_DEVICE_LINK,,
429,000019c640006749,İKİZCE,A2-03,Daire 6,0,registered,unchanged,NO_DETERMINISTIC_DEVICE_LINK,,
430,000019c640006995,İKİZCE,A2-03,Daire 7,0,registered,unchanged,NO_DETERMINISTIC_DEVICE_LINK,,
431,000019c640009174,İKİZCE,A2-03,Daire 8,0,registered,unchanged,NO_DETERMINISTIC_DEVICE_LINK,,
432,000019c640006994,İKİZCE,A2-03,Daire 9,0,registered,unchanged,NO_DETERMINISTIC_DEVICE_LINK,,
433,000019c600003904,İKİZCE,A2-03,Numarasız 1,0,active,unchanged,NO_DETERMINISTIC_DEVICE_LINK,,
434,000019c600003440,İKİZCE,A2-03,Numarasız 10,0,registered,unchanged,NO_DETERMINISTIC_DEVICE_LINK,,
435,000019c600003509,İKİZCE,A2-03,Numarasız 2,0,registered,unchanged,NO_DETERMINISTIC_DEVICE_LINK,,
436,000019c600003903,İKİZCE,A2-03,Numarasız 3,0,registered,unchanged,NO_DETERMINISTIC_DEVICE_LINK,,
437,000019c600003447,İKİZCE,A2-03,Numarasız 4,0,active,unchanged,NO_DETERMINISTIC_DEVICE_LINK,,
438,000019c600003505,İKİZCE,A2-03,Numarasız 5,0,active,unchanged,NO_DETERMINISTIC_DEVICE_LINK,,
439,000019c600003445,İKİZCE,A2-03,Numarasız 6,0,registered,unchanged,NO_DETERMINISTIC_DEVICE_LINK,,
440,000019c640005006,İKİZCE,A2-03,Numarasız 7,0,registered,unchanged,NO_DETERMINISTIC_DEVICE_LINK,,
441,000019c600003539,İKİZCE,A2-03,Numarasız 8,0,active,unchanged,NO_DETERMINISTIC_DEVICE_LINK,,
442,000019c600003281,İKİZCE,A2-03,Numarasız 9,0,active,unchanged,NO_DETERMINISTIC_DEVICE_LINK,,
443,000019c640008414,İKİZCE,A2-04,Daire 1,0,registered,unchanged,NO_DETERMINISTIC_DEVICE_LINK,,
444,000019c640006377,İKİZCE,A2-04,Daire 10,0,registered,unchanged,NO_DETERMINISTIC_DEVICE_LINK,,
445,000019c640009335,İKİZCE,A2-04,Daire 2,0,registered,unchanged,NO_DETERMINISTIC_DEVICE_LINK,,
446,000019c640009496,İKİZCE,A2-04,Daire 3,0,registered,unchanged,NO_DETERMINISTIC_DEVICE_LINK,,
447,000019c640005614,İKİZCE,A2-04,Daire 4,0,registered,unchanged,NO_DETERMINISTIC_DEVICE_LINK,,
448,000019c640007982,İKİZCE,A2-04,Daire 5,0,registered,unchanged,NO_DETERMINISTIC_DEVICE_LINK,,
449,000019c640006481,İKİZCE,A2-04,Daire 6,0,registered,unchanged,NO_DETERMINISTIC_DEVICE_LINK,,
450,000019c640009529,İKİZCE,A2-04,Daire 7,0,registered,unchanged,NO_DETERMINISTIC_DEVICE_LINK,,
451,000019c640007989,İKİZCE,A2-04,Daire 8,0,registered,unchanged,NO_DETERMINISTIC_DEVICE_LINK,,
452,000019c640006486,İKİZCE,A2-04,Daire 9,0,active,unchanged,NO_DETERMINISTIC_DEVICE_LINK,,
453,000019c600002271,İKİZCE,A2-04,Numarasız 1,0,registered,unchanged,NO_DETERMINISTIC_DEVICE_LINK,,
454,000019c640003036,İKİZCE,A2-04,Numarasız 10,0,registered,unchanged,NO_DETERMINISTIC_DEVICE_LINK,,
455,000019c600004368,İKİZCE,A2-04,Numarasız 2,0,registered,unchanged,NO_DETERMINISTIC_DEVICE_LINK,,
456,000019c600004825,İKİZCE,A2-04,Numarasız 3,0,registered,unchanged,NO_DETERMINISTIC_DEVICE_LINK,,
457,000019c600002273,İKİZCE,A2-04,Numarasız 4,0,registered,unchanged,NO_DETERMINISTIC_DEVICE_LINK,,
458,000019c600004362,İKİZCE,A2-04,Numarasız 5,0,registered,unchanged,NO_DETERMINISTIC_DEVICE_LINK,,
459,000019c600003283,İKİZCE,A2-04,Numarasız 6,0,active,unchanged,NO_DETERMINISTIC_DEVICE_LINK,,
460,000019c600002598,İKİZCE,A2-04,Numarasız 7,0,active,unchanged,NO_DETERMINISTIC_DEVICE_LINK,,
461,000019c600004637,İKİZCE,A2-04,Numarasız 8,0,active,unchanged,NO_DETERMINISTIC_DEVICE_LINK,,
462,000019c600002594,İKİZCE,A2-04,Numarasız 9,0,active,unchanged,NO_DETERMINISTIC_DEVICE_LINK,,
463,000019c640022356,İKİZCE,A2-04,Ortak sayac,0,registered,unchanged,NO_DETERMINISTIC_DEVICE_LINK,,
464,000019c640009491,İKİZCE,A2-05,Daire 1,0,registered,unchanged,NO_DETERMINISTIC_DEVICE_LINK,,
465,000019c640006480,İKİZCE,A2-05,Daire 10,0,registered,unchanged,NO_DETERMINISTIC_DEVICE_LINK,,
466,000019c640009516,İKİZCE,A2-05,Daire 2,0,registered,unchanged,NO_DETERMINISTIC_DEVICE_LINK,,
467,000019c640005613,İKİZCE,A2-05,Daire 3,0,registered,unchanged,NO_DETERMINISTIC_DEVICE_LINK,,
468,000019c640005611,İKİZCE,A2-05,Daire 4,0,registered,unchanged,NO_DETERMINISTIC_DEVICE_LINK,,
469,000019c640006483,İKİZCE,A2-05,Daire 5,0,registered,unchanged,NO_DETERMINISTIC_DEVICE_LINK,,
470,000019c640006488,İKİZCE,A2-05,Daire 6,0,active,unchanged,NO_DETERMINISTIC_DEVICE_LINK,,
471,000019c640008413,İKİZCE,A2-05,Daire 7,0,active,unchanged,NO_DETERMINISTIC_DEVICE_LINK,,
472,000019c640008410,İKİZCE,A2-05,Daire 8,0,registered,unchanged,NO_DETERMINISTIC_DEVICE_LINK,,
473,000019c640008131,İKİZCE,A2-05,Daire 9,0,registered,unchanged,NO_DETERMINISTIC_DEVICE_LINK,,
474,000019c600003046,İKİZCE,A2-05,Numarasız 1,0,registered,unchanged,NO_DETERMINISTIC_DEVICE_LINK,,
475,000019c600001481,İKİZCE,A2-05,Numarasız 10,0,active,unchanged,NO_DETERMINISTIC_DEVICE_LINK,,
476,000019c600001549,İKİZCE,A2-05,Numarasız 2,0,registered,unchanged,NO_DETERMINISTIC_DEVICE_LINK,,
477,000019c600001488,İKİZCE,A2-05,Numarasız 3,0,active,unchanged,NO_DETERMINISTIC_DEVICE_LINK,,
478,000019c600003045,İKİZCE,A2-05,Numarasız 4,0,registered,unchanged,NO_DETERMINISTIC_DEVICE_LINK,,
479,000019c600003555,İKİZCE,A2-05,Numarasız 5,0,registered,unchanged,NO_DETERMINISTIC_DEVICE_LINK,,
480,000019c600001543,İKİZCE,A2-05,Numarasız 6,0,active,unchanged,NO_DETERMINISTIC_DEVICE_LINK,,
481,000019c600001484,İKİZCE,A2-05,Numarasız 7,0,active,unchanged,NO_DETERMINISTIC_DEVICE_LINK,,
482,000019c600001483,İKİZCE,A2-05,Numarasız 8,0,registered,unchanged,NO_DETERMINISTIC_DEVICE_LINK,,
483,000019c600001541,İKİZCE,A2-05,Numarasız 9,0,registered,unchanged,NO_DETERMINISTIC_DEVICE_LINK,,
484,000019c640006375,İKİZCE,A2-06,Daire 1,0,registered,unchanged,NO_DETERMINISTIC_DEVICE_LINK,,
485,000019c640006396,İKİZCE,A2-06,Daire 10,0,active,unchanged,NO_DETERMINISTIC_DEVICE_LINK,,
486,000019c640009781,İKİZCE,A2-06,Daire 2,0,registered,unchanged,NO_DETERMINISTIC_DEVICE_LINK,,
487,000019c640009195,İKİZCE,A2-06,Daire 3,0,registered,unchanged,NO_DETERMINISTIC_DEVICE_LINK,,
488,000019c640009197,İKİZCE,A2-06,Daire 4,0,registered,unchanged,NO_DETERMINISTIC_DEVICE_LINK,,
489,000019c640008979,İKİZCE,A2-06,Daire 5,0,active,unchanged,NO_DETERMINISTIC_DEVICE_LINK,,
490,000019c640009784,İKİZCE,A2-06,Daire 6,0,registered,unchanged,NO_DETERMINISTIC_DEVICE_LINK,,
491,000019c640006374,İKİZCE,A2-06,Daire 7,0,registered,unchanged,NO_DETERMINISTIC_DEVICE_LINK,,
492,000019c640009196,İKİZCE,A2-06,Daire 8,0,registered,unchanged,NO_DETERMINISTIC_DEVICE_LINK,,
493,000019c640009783,İKİZCE,A2-06,Daire 9,0,registered,unchanged,NO_DETERMINISTIC_DEVICE_LINK,,
494,000019c600001485,İKİZCE,A2-06,Numarasız 1,0,registered,unchanged,NO_DETERMINISTIC_DEVICE_LINK,,
495,000019c600001480,İKİZCE,A2-06,Numarasız 10,0,active,unchanged,NO_DETERMINISTIC_DEVICE_LINK,,
496,000019c600001546,İKİZCE,A2-06,Numarasız 2,0,active,unchanged,NO_DETERMINISTIC_DEVICE_LINK,,
497,000019c600003044,İKİZCE,A2-06,Numarasız 3,0,registered,unchanged,NO_DETERMINISTIC_DEVICE_LINK,,
498,000019c600003041,İKİZCE,A2-06,Numarasız 4,0,registered,unchanged,NO_DETERMINISTIC_DEVICE_LINK,,
499,000019c600001482,İKİZCE,A2-06,Numarasız 5,0,registered,unchanged,NO_DETERMINISTIC_DEVICE_LINK,,
500,000019c600001486,İKİZCE,A2-06,Numarasız 6,0,registered,unchanged,NO_DETERMINISTIC_DEVICE_LINK,,
501,000019c600003042,İKİZCE,A2-06,Numarasız 7,0,active,unchanged,NO_DETERMINISTIC_DEVICE_LINK,,
502,000019c640003040,İKİZCE,A2-06,Numarasız 8,0,active,unchanged,NO_DETERMINISTIC_DEVICE_LINK,,
503,000019c600003049,İKİZCE,A2-06,Numarasız 9,0,active,unchanged,NO_DETERMINISTIC_DEVICE_LINK,,
504,000019c650031418,İKİZCE,A2-06,Ortak Alan,0,registered,unchanged,NO_DETERMINISTIC_DEVICE_LINK,,
505,000019c640005250,İKİZCE,A2-07,Daire 1,0,registered,unchanged,NO_DETERMINISTIC_DEVICE_LINK,,
506,000019c600001554,İKİZCE,A2-07,Daire 1,0,registered,unchanged,NO_DETERMINISTIC_DEVICE_LINK,,
507,000019c640008220,İKİZCE,A2-07,Daire 10,0,registered,unchanged,NO_DETERMINISTIC_DEVICE_LINK,,
508,000019c600003564,İKİZCE,A2-07,Daire 10,0,registered,unchanged,NO_DETERMINISTIC_DEVICE_LINK,,
509,000019c640008747,İKİZCE,A2-07,Daire 2,0,registered,unchanged,NO_DETERMINISTIC_DEVICE_LINK,,
510,000019c600001542,İKİZCE,A2-07,Daire 2,0,registered,unchanged,NO_DETERMINISTIC_DEVICE_LINK,,
511,000019c640007919,İKİZCE,A2-07,Daire 3,0,registered,unchanged,NO_DETERMINISTIC_DEVICE_LINK,,
512,000019c600001544,İKİZCE,A2-07,Daire 3,0,registered,unchanged,NO_DETERMINISTIC_DEVICE_LINK,,
513,000019c640008223,İKİZCE,A2-07,Daire 4,0,registered,unchanged,NO_DETERMINISTIC_DEVICE_LINK,,
514,000019c640004558,İKİZCE,A2-07,Daire 4,0,registered,unchanged,NO_DETERMINISTIC_DEVICE_LINK,,
515,000019c640008741,İKİZCE,A2-07,Daire 5,0,registered,unchanged,NO_DETERMINISTIC_DEVICE_LINK,,
516,000019c600001548,İKİZCE,A2-07,Daire 5,0,registered,unchanged,NO_DETERMINISTIC_DEVICE_LINK,,
517,000019c640008225,İKİZCE,A2-07,Daire 6,0,registered,unchanged,NO_DETERMINISTIC_DEVICE_LINK,,
518,000019c600003043,İKİZCE,A2-07,Daire 6,0,registered,unchanged,NO_DETERMINISTIC_DEVICE_LINK,,
519,000019c640008221,İKİZCE,A2-07,Daire 7,0,registered,unchanged,NO_DETERMINISTIC_DEVICE_LINK,,
520,000019c600001723,İKİZCE,A2-07,Daire 7,0,active,unchanged,NO_DETERMINISTIC_DEVICE_LINK,,
521,000019c640009172,İKİZCE,A2-07,Daire 8,0,active,unchanged,NO_DETERMINISTIC_DEVICE_LINK,,
522,000019c600003047,İKİZCE,A2-07,Daire 8,0,registered,unchanged,NO_DETERMINISTIC_DEVICE_LINK,,
523,000019c640005286,İKİZCE,A2-07,Daire 9,0,registered,unchanged,NO_DETERMINISTIC_DEVICE_LINK,,
524,000019c600003137,İKİZCE,A2-07,Daire 9,0,registered,unchanged,NO_DETERMINISTIC_DEVICE_LINK,,
525,000019c640005170,İKİZCE,A2-08,Daire 1,0,registered,unchanged,NO_DETERMINISTIC_DEVICE_LINK,,
526,000019c640013776,İKİZCE,A2-08,Daire 1,0,active,unchanged,NO_DETERMINISTIC_DEVICE_LINK,,
527,000019c640008521,İKİZCE,A2-08,Daire 10,0,registered,unchanged,NO_DETERMINISTIC_DEVICE_LINK,,
528,000019c600003048,İKİZCE,A2-08,Daire 10,0,registered,unchanged,NO_DETERMINISTIC_DEVICE_LINK,,
529,000019c640007252,İKİZCE,A2-08,Daire 2,0,registered,unchanged,NO_DETERMINISTIC_DEVICE_LINK,,
530,000019c640021631,İKİZCE,A2-08,Daire 2,0,registered,unchanged,NO_DETERMINISTIC_DEVICE_LINK,,
531,000019c640008953,İKİZCE,A2-08,Daire 3,0,registered,unchanged,NO_DETERMINISTIC_DEVICE_LINK,,
532,000019c600001022,İKİZCE,A2-08,Daire 3,0,registered,unchanged,NO_DETERMINISTIC_DEVICE_LINK,,
533,000019c640007554,İKİZCE,A2-08,Daire 4,0,registered,unchanged,NO_DETERMINISTIC_DEVICE_LINK,,
534,000019c640007180,İKİZCE,A2-08,Daire 4,0,registered,unchanged,NO_DETERMINISTIC_DEVICE_LINK,,
535,000019c640007557,İKİZCE,A2-08,Daire 5,0,registered,unchanged,NO_DETERMINISTIC_DEVICE_LINK,,
536,000019c640021636,İKİZCE,A2-08,Daire 5,0,active,unchanged,NO_DETERMINISTIC_DEVICE_LINK,,
537,000019c640009477,İKİZCE,A2-08,Daire 6,0,registered,unchanged,NO_DETERMINISTIC_DEVICE_LINK,,
538,000019c640007182,İKİZCE,A2-08,Daire 6,0,registered,unchanged,NO_DETERMINISTIC_DEVICE_LINK,,
539,000019c640008497,İKİZCE,A2-08,Daire 7,0,registered,unchanged,NO_DETERMINISTIC_DEVICE_LINK,,
540,000019c600001729,İKİZCE,A2-08,Daire 7,0,registered,unchanged,NO_DETERMINISTIC_DEVICE_LINK,,
541,000019c640007253,İKİZCE,A2-08,Daire 8,0,registered,unchanged,NO_DETERMINISTIC_DEVICE_LINK,,
542,000019c600003135,İKİZCE,A2-08,Daire 8,0,active,unchanged,NO_DETERMINISTIC_DEVICE_LINK,,
543,000019c640009894,İKİZCE,A2-08,Daire 9,0,registered,unchanged,NO_DETERMINISTIC_DEVICE_LINK,,
544,000019c600001029,İKİZCE,A2-08,Daire 9,0,registered,unchanged,NO_DETERMINISTIC_DEVICE_LINK,,
545,000019c640005501,İKİZCE,A2-09,Daire 1,0,active,unchanged,NO_DETERMINISTIC_DEVICE_LINK,,
546,000019c600006608,İKİZCE,A2-09,Daire 1,0,registered,unchanged,NO_DETERMINISTIC_DEVICE_LINK,,
547,000019c640008160,İKİZCE,A2-09,Daire 10,0,active,unchanged,NO_DETERMINISTIC_DEVICE_LINK,,
548,000019c600003561,İKİZCE,A2-09,Daire 10,0,registered,unchanged,NO_DETERMINISTIC_DEVICE_LINK,,
549,000019c640006114,İKİZCE,A2-09,Daire 2,0,active,unchanged,NO_DETERMINISTIC_DEVICE_LINK,,
550,000019c600006609,İKİZCE,A2-09,Daire 2,0,registered,unchanged,NO_DETERMINISTIC_DEVICE_LINK,,
551,000019c640009421,İKİZCE,A2-09,Daire 3,0,registered,unchanged,NO_DETERMINISTIC_DEVICE_LINK,,
552,000019c600006603,İKİZCE,A2-09,Daire 3,0,registered,unchanged,NO_DETERMINISTIC_DEVICE_LINK,,
553,000019c640009424,İKİZCE,A2-09,Daire 4,0,active,unchanged,NO_DETERMINISTIC_DEVICE_LINK,,
554,000019c600006601,İKİZCE,A2-09,Daire 4,0,registered,unchanged,NO_DETERMINISTIC_DEVICE_LINK,,
555,000019c640009409,İKİZCE,A2-09,Daire 5,0,registered,unchanged,NO_DETERMINISTIC_DEVICE_LINK,,
556,000019c600008731,İKİZCE,A2-09,Daire 5,0,registered,unchanged,NO_DETERMINISTIC_DEVICE_LINK,,
557,000019c640006116,İKİZCE,A2-09,Daire 6,0,registered,unchanged,NO_DETERMINISTIC_DEVICE_LINK,,
558,000019c600006653,İKİZCE,A2-09,Daire 6,0,registered,unchanged,NO_DETERMINISTIC_DEVICE_LINK,,
559,000019c640007312,İKİZCE,A2-09,Daire 7,0,active,unchanged,NO_DETERMINISTIC_DEVICE_LINK,,
560,000019c600008738,İKİZCE,A2-09,Daire 7,0,registered,unchanged,NO_DETERMINISTIC_DEVICE_LINK,,
561,000019c640005714,İKİZCE,A2-09,Daire 8,0,active,unchanged,NO_DETERMINISTIC_DEVICE_LINK,,
562,000019c600001023,İKİZCE,A2-09,Daire 8,0,registered,unchanged,NO_DETERMINISTIC_DEVICE_LINK,,
563,000019c640005713,İKİZCE,A2-09,Daire 9,0,active,unchanged,NO_DETERMINISTIC_DEVICE_LINK,,
564,000019c600003138,İKİZCE,A2-09,Daire 9,0,registered,unchanged,NO_DETERMINISTIC_DEVICE_LINK,,
565,000019c640006461,İKİZCE,A2-10,Daire 1,0,active,unchanged,NO_DETERMINISTIC_DEVICE_LINK,,
566,000019c640008057,İKİZCE,A2-10,Daire 10,0,active,unchanged,NO_DETERMINISTIC_DEVICE_LINK,,
567,000019c640006462,İKİZCE,A2-10,Daire 2,0,active,unchanged,NO_DETERMINISTIC_DEVICE_LINK,,
568,000019c640008058,İKİZCE,A2-10,Daire 3,0,active,unchanged,NO_DETERMINISTIC_DEVICE_LINK,,
569,000019c640009905,İKİZCE,A2-10,Daire 4,0,active,unchanged,NO_DETERMINISTIC_DEVICE_LINK,,
570,000019c640008491,İKİZCE,A2-10,Daire 5,0,active,unchanged,NO_DETERMINISTIC_DEVICE_LINK,,
571,000019c640006465,İKİZCE,A2-10,Daire 6,0,registered,unchanged,NO_DETERMINISTIC_DEVICE_LINK,,
572,000019c640008052,İKİZCE,A2-10,Daire 7,0,registered,unchanged,NO_DETERMINISTIC_DEVICE_LINK,,
573,000019c640006468,İKİZCE,A2-10,Daire 8,0,active,unchanged,NO_DETERMINISTIC_DEVICE_LINK,,
574,000019c640008492,İKİZCE,A2-10,Daire 9,0,registered,unchanged,NO_DETERMINISTIC_DEVICE_LINK,,
575,000019c640006504,İKİZCE,A2-11,Numarasız 1,0,registered,unchanged,NO_DETERMINISTIC_DEVICE_LINK,,
576,000019c640006507,İKİZCE,A2-11,Numarasız 10,0,active,unchanged,NO_DETERMINISTIC_DEVICE_LINK,,
577,000019c640006503,İKİZCE,A2-11,Numarasız 2,0,registered,unchanged,NO_DETERMINISTIC_DEVICE_LINK,,
578,000019c640006509,İKİZCE,A2-11,Numarasız 3,0,registered,unchanged,NO_DETERMINISTIC_DEVICE_LINK,,
579,000019c640006012,İKİZCE,A2-11,Numarasız 4,0,active,unchanged,NO_DETERMINISTIC_DEVICE_LINK,,
580,000019c640006506,İKİZCE,A2-11,Numarasız 5,0,registered,unchanged,NO_DETERMINISTIC_DEVICE_LINK,,
581,000019c640007254,İKİZCE,A2-11,Numarasız 6,0,registered,unchanged,NO_DETERMINISTIC_DEVICE_LINK,,
582,000019c640006010,İKİZCE,A2-11,Numarasız 7,0,active,unchanged,NO_DETERMINISTIC_DEVICE_LINK,,
583,000019c640006013,İKİZCE,A2-11,Numarasız 8,0,registered,unchanged,NO_DETERMINISTIC_DEVICE_LINK,,
584,000019c640006014,İKİZCE,A2-11,Numarasız 9,0,registered,unchanged,NO_DETERMINISTIC_DEVICE_LINK,,
585,000019c640009900,İKİZCE,A2-12,Numarasız 1,0,registered,unchanged,NO_DETERMINISTIC_DEVICE_LINK,,
586,000019c640006011,İKİZCE,A2-12,Numarasız 10,0,registered,unchanged,NO_DETERMINISTIC_DEVICE_LINK,,
587,000019c640009901,İKİZCE,A2-12,Numarasız 2,0,registered,unchanged,NO_DETERMINISTIC_DEVICE_LINK,,
588,000019c640006505,İKİZCE,A2-12,Numarasız 3,0,registered,unchanged,NO_DETERMINISTIC_DEVICE_LINK,,
589,000019c640006018,İKİZCE,A2-12,Numarasız 4,0,registered,unchanged,NO_DETERMINISTIC_DEVICE_LINK,,
590,000019c640007258,İKİZCE,A2-12,Numarasız 5,0,registered,unchanged,NO_DETERMINISTIC_DEVICE_LINK,,
591,000019c640006015,İKİZCE,A2-12,Numarasız 6,0,registered,unchanged,NO_DETERMINISTIC_DEVICE_LINK,,
592,000019c640006500,İKİZCE,A2-12,Numarasız 7,0,active,unchanged,NO_DETERMINISTIC_DEVICE_LINK,,
593,000019c640007550,İKİZCE,A2-12,Numarasız 8,0,registered,unchanged,NO_DETERMINISTIC_DEVICE_LINK,,
594,000019c640006502,İKİZCE,A2-12,Numarasız 9,0,registered,unchanged,NO_DETERMINISTIC_DEVICE_LINK,,
595,000019c640005142,İKİZCE,A2-13,Numarasız 1,0,registered,unchanged,NO_DETERMINISTIC_DEVICE_LINK,,
596,000019c640008955,İKİZCE,A2-13,Numarasız 10,0,active,unchanged,NO_DETERMINISTIC_DEVICE_LINK,,
597,000019c640005144,İKİZCE,A2-13,Numarasız 2,0,registered,unchanged,NO_DETERMINISTIC_DEVICE_LINK,,
598,000019c640008959,İKİZCE,A2-13,Numarasız 3,0,registered,unchanged,NO_DETERMINISTIC_DEVICE_LINK,,
599,000019c640005149,İKİZCE,A2-13,Numarasız 4,0,registered,unchanged,NO_DETERMINISTIC_DEVICE_LINK,,
600,000019c640005146,İKİZCE,A2-13,Numarasız 5,0,active,unchanged,NO_DETERMINISTIC_DEVICE_LINK,,
601,000019c640005141,İKİZCE,A2-13,Numarasız 6,0,registered,unchanged,NO_DETERMINISTIC_DEVICE_LINK,,
602,000019c640008403,İKİZCE,A2-13,Numarasız 7,0,registered,unchanged,NO_DETERMINISTIC_DEVICE_LINK,,
603,000019c640009965,İKİZCE,A2-13,Numarasız 8,0,registered,unchanged,NO_DETERMINISTIC_DEVICE_LINK,,
604,000019c640009893,İKİZCE,A2-13,Numarasız 9,0,active,unchanged,NO_DETERMINISTIC_DEVICE_LINK,,
605,000019c640008417,İKİZCE,A2-14,Daire 1,0,registered,unchanged,NO_DETERMINISTIC_DEVICE_LINK,,
606,000019c640008416,İKİZCE,A2-14,Daire 10,0,active,unchanged,NO_DETERMINISTIC_DEVICE_LINK,,
607,000019c640006487,İKİZCE,A2-14,Daire 2,0,registered,unchanged,NO_DETERMINISTIC_DEVICE_LINK,,
608,000019c640006482,İKİZCE,A2-14,Daire 3,0,active,unchanged,NO_DETERMINISTIC_DEVICE_LINK,,
609,000019c640006484,İKİZCE,A2-14,Daire 4,0,active,unchanged,NO_DETERMINISTIC_DEVICE_LINK,,
610,000019c640008415,İKİZCE,A2-14,Daire 5,0,active,unchanged,NO_DETERMINISTIC_DEVICE_LINK,,
611,000019c640006485,İKİZCE,A2-14,Daire 6,0,registered,unchanged,NO_DETERMINISTIC_DEVICE_LINK,,
612,000019c640009490,İKİZCE,A2-14,Daire 7,0,registered,unchanged,NO_DETERMINISTIC_DEVICE_LINK,,
613,000019c640008137,İKİZCE,A2-14,Daire 8,0,registered,unchanged,NO_DETERMINISTIC_DEVICE_LINK,,
614,000019c640008419,İKİZCE,A2-14,Daire 9,0,registered,unchanged,NO_DETERMINISTIC_DEVICE_LINK,,
615,000019c640009566,İKİZCE,A2-15,Daire 1,0,registered,unchanged,NO_DETERMINISTIC_DEVICE_LINK,,
616,000019c640009569,İKİZCE,A2-15,Daire 10,0,registered,unchanged,NO_DETERMINISTIC_DEVICE_LINK,,
617,000019c640009561,İKİZCE,A2-15,Daire 2,0,registered,unchanged,NO_DETERMINISTIC_DEVICE_LINK,,
618,000019c640009567,İKİZCE,A2-15,Daire 3,0,registered,unchanged,NO_DETERMINISTIC_DEVICE_LINK,,
619,000019c640008520,İKİZCE,A2-15,Daire 4,0,registered,unchanged,NO_DETERMINISTIC_DEVICE_LINK,,
620,000019c640009564,İKİZCE,A2-15,Daire 5,0,active,unchanged,NO_DETERMINISTIC_DEVICE_LINK,,
621,000019c640008777,İKİZCE,A2-15,Daire 6,0,registered,unchanged,NO_DETERMINISTIC_DEVICE_LINK,,
622,000019c640009892,İKİZCE,A2-15,Daire 7,0,registered,unchanged,NO_DETERMINISTIC_DEVICE_LINK,,
623,000019c640008402,İKİZCE,A2-15,Daire 8,0,registered,unchanged,NO_DETERMINISTIC_DEVICE_LINK,,
624,000019c640009560,İKİZCE,A2-15,Daire 9,0,registered,unchanged,NO_DETERMINISTIC_DEVICE_LINK,,
625,000019c640005479,İKİZCE,A2-16,Daire 1,0,active,unchanged,NO_DETERMINISTIC_DEVICE_LINK,,
626,000019c640005718,İKİZCE,A2-16,Daire 10,0,active,unchanged,NO_DETERMINISTIC_DEVICE_LINK,,
627,000019c640005471,İKİZCE,A2-16,Daire 2,0,active,unchanged,NO_DETERMINISTIC_DEVICE_LINK,,
628,000019c640009283,İKİZCE,A2-16,Daire 3,0,registered,unchanged,NO_DETERMINISTIC_DEVICE_LINK,,
629,000019c640009407,İKİZCE,A2-16,Daire 4,0,active,unchanged,NO_DETERMINISTIC_DEVICE_LINK,,
630,000019c640009184,İKİZCE,A2-16,Daire 5,0,active,unchanged,NO_DETERMINISTIC_DEVICE_LINK,,
631,000019c640009180,İKİZCE,A2-16,Daire 6,0,active,unchanged,NO_DETERMINISTIC_DEVICE_LINK,,
632,000019c640008139,İKİZCE,A2-16,Daire 7,0,registered,unchanged,NO_DETERMINISTIC_DEVICE_LINK,,
633,000019c640009280,İKİZCE,A2-16,Daire 8,0,registered,unchanged,NO_DETERMINISTIC_DEVICE_LINK,,
634,000019c640009402,İKİZCE,A2-16,Daire 9,0,active,unchanged,NO_DETERMINISTIC_DEVICE_LINK,,
635,000019c640010836,İKİZCE,A3,Daire 1,0,active,unchanged,NO_DETERMINISTIC_DEVICE_LINK,,
636,000019c640016666,İKİZCE,A3,Daire 1,0,registered,unchanged,NO_DETERMINISTIC_DEVICE_LINK,,
637,000019c640010831,İKİZCE,A3,Daire 10,0,active,unchanged,NO_DETERMINISTIC_DEVICE_LINK,,
638,000019c640012743,İKİZCE,A3,Daire 10,0,registered,unchanged,NO_DETERMINISTIC_DEVICE_LINK,,
639,000019c640010431,İKİZCE,A3,Daire 11,0,active,unchanged,NO_DETERMINISTIC_DEVICE_LINK,,
640,000019c640015987,İKİZCE,A3,Daire 11,0,registered,unchanged,NO_DETERMINISTIC_DEVICE_LINK,,
641,000019c600003261,İKİZCE,A3,Daire 12,0,active,unchanged,NO_DETERMINISTIC_DEVICE_LINK,,
642,000019c640015985,İKİZCE,A3,Daire 12,0,registered,unchanged,NO_DETERMINISTIC_DEVICE_LINK,,
643,000019c640010647,İKİZCE,A3,Daire 13,0,active,unchanged,NO_DETERMINISTIC_DEVICE_LINK,,
644,000019c640014313,İKİZCE,A3,Daire 13,0,registered,unchanged,NO_DETERMINISTIC_DEVICE_LINK,,
645,000019c600001094,İKİZCE,A3,Daire 14,0,active,unchanged,NO_DETERMINISTIC_DEVICE_LINK,,
646,000019c640014333,İKİZCE,A3,Daire 14,0,registered,unchanged,NO_DETERMINISTIC_DEVICE_LINK,,
647,000019c600001314,İKİZCE,A3,Daire 15,0,active,unchanged,NO_DETERMINISTIC_DEVICE_LINK,,
648,000019c640019876,İKİZCE,A3,Daire 15,0,registered,unchanged,NO_DETERMINISTIC_DEVICE_LINK,,
649,000019c600003264,İKİZCE,A3,Daire 16,0,active,unchanged,NO_DETERMINISTIC_DEVICE_LINK,,
650,000019c640014334,İKİZCE,A3,Daire 16,0,active,unchanged,NO_DETERMINISTIC_DEVICE_LINK,,
651,000019c640010436,İKİZCE,A3,Daire 17,0,active,unchanged,NO_DETERMINISTIC_DEVICE_LINK,,
652,000019c640019294,İKİZCE,A3,Daire 17,0,registered,unchanged,NO_DETERMINISTIC_DEVICE_LINK,,
653,000019c600004236,İKİZCE,A3,Daire 18,0,active,unchanged,NO_DETERMINISTIC_DEVICE_LINK,,
654,000019c640012795,İKİZCE,A3,Daire 18,0,registered,unchanged,NO_DETERMINISTIC_DEVICE_LINK,,
655,000019c600001090,İKİZCE,A3,Daire 19,0,active,unchanged,NO_DETERMINISTIC_DEVICE_LINK,,
656,000019c640014551,İKİZCE,A3,Daire 19,0,registered,unchanged,NO_DETERMINISTIC_DEVICE_LINK,,
657,000019c640006172,İKİZCE,A3,Daire 2,0,active,unchanged,NO_DETERMINISTIC_DEVICE_LINK,,
658,000019c640016014,İKİZCE,A3,Daire 2,0,registered,unchanged,NO_DETERMINISTIC_DEVICE_LINK,,
659,000019c640010434,İKİZCE,A3,Daire 20,0,active,unchanged,NO_DETERMINISTIC_DEVICE_LINK,,
660,000019c640015032,İKİZCE,A3,Daire 20,0,registered,unchanged,NO_DETERMINISTIC_DEVICE_LINK,,
661,000019c640005345,İKİZCE,A3,Daire 21,0,active,unchanged,NO_DETERMINISTIC_DEVICE_LINK,,
662,000019c640017010,İKİZCE,A3,Daire 21,0,registered,unchanged,NO_DETERMINISTIC_DEVICE_LINK,,
663,000019c640010432,İKİZCE,A3,Daire 22,0,active,unchanged,NO_DETERMINISTIC_DEVICE_LINK,,
664,000019c640015253,İKİZCE,A3,Daire 22,0,registered,unchanged,NO_DETERMINISTIC_DEVICE_LINK,,
665,000019c640007453,İKİZCE,A3,Daire 23,0,active,unchanged,NO_DETERMINISTIC_DEVICE_LINK,,
666,000019c640015772,İKİZCE,A3,Daire 23,0,registered,unchanged,NO_DETERMINISTIC_DEVICE_LINK,,
667,000019c640006925,İKİZCE,A3,Daire 24,0,active,unchanged,NO_DETERMINISTIC_DEVICE_LINK,,
668,000019c640019870,İKİZCE,A3,Daire 24,0,registered,unchanged,NO_DETERMINISTIC_DEVICE_LINK,,
669,000019c600001087,İKİZCE,A3,Daire 25,0,active,unchanged,NO_DETERMINISTIC_DEVICE_LINK,,
670,000019c640015993,İKİZCE,A3,Daire 25,0,registered,unchanged,NO_DETERMINISTIC_DEVICE_LINK,,
671,000019c640009067,İKİZCE,A3,Daire 26,0,active,unchanged,NO_DETERMINISTIC_DEVICE_LINK,,
672,000019c640019298,İKİZCE,A3,Daire 26,0,registered,unchanged,NO_DETERMINISTIC_DEVICE_LINK,,
673,000019c640007661,İKİZCE,A3,Daire 27,0,active,unchanged,NO_DETERMINISTIC_DEVICE_LINK,,
674,000019c640015999,İKİZCE,A3,Daire 27,0,registered,unchanged,NO_DETERMINISTIC_DEVICE_LINK,,
675,000019c600001098,İKİZCE,A3,Daire 28,0,active,unchanged,NO_DETERMINISTIC_DEVICE_LINK,,
676,000019c640018410,İKİZCE,A3,Daire 28,0,active,unchanged,NO_DETERMINISTIC_DEVICE_LINK,,
677,000019c600001092,İKİZCE,A3,Daire 29,0,active,unchanged,NO_DETERMINISTIC_DEVICE_LINK,,
678,000019c640017859,İKİZCE,A3,Daire 29,0,registered,unchanged,NO_DETERMINISTIC_DEVICE_LINK,,
679,000019c640010838,İKİZCE,A3,Daire 3,0,active,unchanged,NO_DETERMINISTIC_DEVICE_LINK,,
680,000019c640019292,İKİZCE,A3,Daire 3,0,registered,unchanged,NO_DETERMINISTIC_DEVICE_LINK,,
681,000019c640010839,İKİZCE,A3,Daire 4,0,active,unchanged,NO_DETERMINISTIC_DEVICE_LINK,,
682,000019c640014559,İKİZCE,A3,Daire 4,0,registered,unchanged,NO_DETERMINISTIC_DEVICE_LINK,,
683,000019c640010433,İKİZCE,A3,Daire 5,0,active,unchanged,NO_DETERMINISTIC_DEVICE_LINK,,
684,000019c640019299,İKİZCE,A3,Daire 5,0,active,unchanged,NO_DETERMINISTIC_DEVICE_LINK,,
685,000019c640009056,İKİZCE,A3,Daire 6,0,active,unchanged,NO_DETERMINISTIC_DEVICE_LINK,,
686,000019c640014311,İKİZCE,A3,Daire 6,0,active,unchanged,NO_DETERMINISTIC_DEVICE_LINK,,
687,000019c640008614,İKİZCE,A3,Daire 7,0,active,unchanged,NO_DETERMINISTIC_DEVICE_LINK,,
688,000019c640014913,İKİZCE,A3,Daire 7,0,registered,unchanged,NO_DETERMINISTIC_DEVICE_LINK,,
689,000019c640007665,İKİZCE,A3,Daire 8,0,active,unchanged,NO_DETERMINISTIC_DEVICE_LINK,,
690,000019c640014918,İKİZCE,A3,Daire 8,0,registered,unchanged,NO_DETERMINISTIC_DEVICE_LINK,,
691,000019c600001096,İKİZCE,A3,Daire 9,0,active,unchanged,NO_DETERMINISTIC_DEVICE_LINK,,
692,000019c640019877,İKİZCE,A3,Daire 9,0,registered,unchanged,NO_DETERMINISTIC_DEVICE_LINK,,
693,000019c600001708,İKİZCE,A3,Kapıcı Dairesi,0,active,unchanged,NO_DETERMINISTIC_DEVICE_LINK,,
694,000019c640016454,İKİZCE,A3,Kapıcı Dairesi,0,registered,unchanged,NO_DETERMINISTIC_DEVICE_LINK,,
695,000019c640018722,İKİZCE,A3,KD,0,registered,unchanged,NO_DETERMINISTIC_DEVICE_LINK,,
696,000019c640016444,İKİZCE,A3,Numarasız 1,0,registered,unchanged,NO_DETERMINISTIC_DEVICE_LINK,,
697,000019c640015060,İKİZCE,A3,Numarasız 10,0,registered,unchanged,NO_DETERMINISTIC_DEVICE_LINK,,
698,000019c640016457,İKİZCE,A3,Numarasız 11,0,registered,unchanged,NO_DETERMINISTIC_DEVICE_LINK,,
699,000019c640017429,İKİZCE,A3,Numarasız 12,0,registered,unchanged,NO_DETERMINISTIC_DEVICE_LINK,,
700,000019c640019457,İKİZCE,A3,Numarasız 13,0,registered,unchanged,NO_DETERMINISTIC_DEVICE_LINK,,
701,000019c640017423,İKİZCE,A3,Numarasız 14,0,registered,unchanged,NO_DETERMINISTIC_DEVICE_LINK,,
702,000019c640017422,İKİZCE,A3,Numarasız 15,0,registered,unchanged,NO_DETERMINISTIC_DEVICE_LINK,,
703,000019c640019450,İKİZCE,A3,Numarasız 16,0,registered,unchanged,NO_DETERMINISTIC_DEVICE_LINK,,
704,000019c640016041,İKİZCE,A3,Numarasız 17,0,registered,unchanged,NO_DETERMINISTIC_DEVICE_LINK,,
705,000019c640017428,İKİZCE,A3,Numarasız 18,0,active,unchanged,NO_DETERMINISTIC_DEVICE_LINK,,
706,000019c640019452,İKİZCE,A3,Numarasız 19,0,registered,unchanged,NO_DETERMINISTIC_DEVICE_LINK,,
707,000019c640013053,İKİZCE,A3,Numarasız 2,0,registered,unchanged,NO_DETERMINISTIC_DEVICE_LINK,,
708,000019c640017424,İKİZCE,A3,Numarasız 20,0,active,unchanged,NO_DETERMINISTIC_DEVICE_LINK,,
709,000019c640016080,İKİZCE,A3,Numarasız 21,0,registered,unchanged,NO_DETERMINISTIC_DEVICE_LINK,,
710,000019c640012162,İKİZCE,A3,Numarasız 22,0,active,unchanged,NO_DETERMINISTIC_DEVICE_LINK,,
711,000019c640019455,İKİZCE,A3,Numarasız 23,0,registered,unchanged,NO_DETERMINISTIC_DEVICE_LINK,,
712,000019c640016336,İKİZCE,A3,Numarasız 24,0,active,unchanged,NO_DETERMINISTIC_DEVICE_LINK,,
713,000019c640019458,İKİZCE,A3,Numarasız 25,0,registered,unchanged,NO_DETERMINISTIC_DEVICE_LINK,,
714,000019c640016335,İKİZCE,A3,Numarasız 26,0,active,unchanged,NO_DETERMINISTIC_DEVICE_LINK,,
715,000019c640012169,İKİZCE,A3,Numarasız 27,0,registered,unchanged,NO_DETERMINISTIC_DEVICE_LINK,,
716,000019c640013329,İKİZCE,A3,Numarasız 28,0,active,unchanged,NO_DETERMINISTIC_DEVICE_LINK,,
717,000019c640015118,İKİZCE,A3,Numarasız 29,0,active,unchanged,NO_DETERMINISTIC_DEVICE_LINK,,
718,000019c640015273,İKİZCE,A3,Numarasız 3,0,registered,unchanged,NO_DETERMINISTIC_DEVICE_LINK,,
719,000019c640019138,İKİZCE,A3,Numarasız 4,0,registered,unchanged,NO_DETERMINISTIC_DEVICE_LINK,,
720,000019c640015277,İKİZCE,A3,Numarasız 5,0,registered,unchanged,NO_DETERMINISTIC_DEVICE_LINK,,
721,000019c640015111,İKİZCE,A3,Numarasız 6,0,active,unchanged,NO_DETERMINISTIC_DEVICE_LINK,,
722,000019c640012161,İKİZCE,A3,Numarasız 7,0,registered,unchanged,NO_DETERMINISTIC_DEVICE_LINK,,
723,000019c640014904,İKİZCE,A3,Numarasız 8,0,registered,unchanged,NO_DETERMINISTIC_DEVICE_LINK,,
724,000019c640016443,İKİZCE,A3,Numarasız 9,0,registered,unchanged,NO_DETERMINISTIC_DEVICE_LINK,,
725,000019c640007639,İKİZCE,A4,Daire 1,0,active,unchanged,NO_DETERMINISTIC_DEVICE_LINK,,
726,000019c640019301,İKİZCE,A4,Daire 1,0,registered,unchanged,NO_DETERMINISTIC_DEVICE_LINK,,
727,000019c600001752,İKİZCE,A4,Daire 10,0,active,unchanged,NO_DETERMINISTIC_DEVICE_LINK,,
728,000019c640019034,İKİZCE,A4,Daire 10,0,registered,unchanged,NO_DETERMINISTIC_DEVICE_LINK,,
729,000019c600001228,İKİZCE,A4,Daire 11,0,active,unchanged,NO_DETERMINISTIC_DEVICE_LINK,,
730,000019c640012782,İKİZCE,A4,Daire 11,0,registered,unchanged,NO_DETERMINISTIC_DEVICE_LINK,,
731,000019c640005633,İKİZCE,A4,Daire 12,0,active,unchanged,NO_DETERMINISTIC_DEVICE_LINK,,
732,000019c640017363,İKİZCE,A4,Daire 12,0,registered,unchanged,NO_DETERMINISTIC_DEVICE_LINK,,
733,000019c640005051,İKİZCE,A4,Daire 13,0,active,unchanged,NO_DETERMINISTIC_DEVICE_LINK,,
734,000019c640021380,İKİZCE,A4,Daire 13,0,registered,unchanged,NO_DETERMINISTIC_DEVICE_LINK,,
735,000019c640005129,İKİZCE,A4,Daire 14,0,active,unchanged,NO_DETERMINISTIC_DEVICE_LINK,,
736,000019c640019400,İKİZCE,A4,Daire 14,0,registered,unchanged,NO_DETERMINISTIC_DEVICE_LINK,,
737,000019c640005054,İKİZCE,A4,Daire 15,0,active,unchanged,NO_DETERMINISTIC_DEVICE_LINK,,
738,000019c640018913,İKİZCE,A4,Daire 15,0,registered,unchanged,NO_DETERMINISTIC_DEVICE_LINK,,
739,000019c640007632,İKİZCE,A4,Daire 16,0,active,unchanged,NO_DETERMINISTIC_DEVICE_LINK,,
740,000019c640015652,İKİZCE,A4,Daire 16,0,registered,unchanged,NO_DETERMINISTIC_DEVICE_LINK,,
741,000019c600002774,İKİZCE,A4,Daire 17,0,active,unchanged,NO_DETERMINISTIC_DEVICE_LINK,,
742,000019c640019030,İKİZCE,A4,Daire 17,0,registered,unchanged,NO_DETERMINISTIC_DEVICE_LINK,,
743,000019c640007630,İKİZCE,A4,Daire 18,0,active,unchanged,NO_DETERMINISTIC_DEVICE_LINK,,
744,000019c640015686,İKİZCE,A4,Daire 18,0,registered,unchanged,NO_DETERMINISTIC_DEVICE_LINK,,
745,000019c640005121,İKİZCE,A4,Daire 19,0,active,unchanged,NO_DETERMINISTIC_DEVICE_LINK,,
746,000019c640017014,İKİZCE,A4,Daire 19,0,registered,unchanged,NO_DETERMINISTIC_DEVICE_LINK,,
747,000019c600001222,İKİZCE,A4,Daire 2,0,active,unchanged,NO_DETERMINISTIC_DEVICE_LINK,,
748,000019c640014576,İKİZCE,A4,Daire 2,0,registered,unchanged,NO_DETERMINISTIC_DEVICE_LINK,,
749,000019c640007206,İKİZCE,A4,Daire 20,0,active,unchanged,NO_DETERMINISTIC_DEVICE_LINK,,
750,000019c640018131,İKİZCE,A4,Daire 20,0,registered,unchanged,NO_DETERMINISTIC_DEVICE_LINK,,
751,000019c640005663,İKİZCE,A4,Daire 21,0,active,unchanged,NO_DETERMINISTIC_DEVICE_LINK,,
752,000019c640012510,İKİZCE,A4,Daire 21,0,registered,unchanged,NO_DETERMINISTIC_DEVICE_LINK,,
753,000019c640005058,İKİZCE,A4,Daire 22,0,active,unchanged,NO_DETERMINISTIC_DEVICE_LINK,,
754,000019c640012516,İKİZCE,A4,Daire 22,0,active,unchanged,NO_DETERMINISTIC_DEVICE_LINK,,
755,000019c640006567,İKİZCE,A4,Daire 23,0,active,unchanged,NO_DETERMINISTIC_DEVICE_LINK,,
756,000019c640021384,İKİZCE,A4,Daire 23,0,registered,unchanged,NO_DETERMINISTIC_DEVICE_LINK,,
757,000019c640005635,İKİZCE,A4,Daire 24,0,registered,unchanged,NO_DETERMINISTIC_DEVICE_LINK,,
758,000019c640019036,İKİZCE,A4,Daire 24,0,registered,unchanged,NO_DETERMINISTIC_DEVICE_LINK,,
759,000019c640005123,İKİZCE,A4,Daire 25,0,active,unchanged,NO_DETERMINISTIC_DEVICE_LINK,,
760,000019c640019038,İKİZCE,A4,Daire 25,0,registered,unchanged,NO_DETERMINISTIC_DEVICE_LINK,,
761,000019c600001313,İKİZCE,A4,Daire 26,0,active,unchanged,NO_DETERMINISTIC_DEVICE_LINK,,
762,000019c640018400,İKİZCE,A4,Daire 26,0,registered,unchanged,NO_DETERMINISTIC_DEVICE_LINK,,
763,000019c640005059,İKİZCE,A4,Daire 27,0,active,unchanged,NO_DETERMINISTIC_DEVICE_LINK,,
764,000019c640021383,İKİZCE,A4,Daire 27,0,registered,unchanged,NO_DETERMINISTIC_DEVICE_LINK,,
765,000019c640002776,İKİZCE,A4,Daire 28,0,registered,unchanged,NO_DETERMINISTIC_DEVICE_LINK,,
766,000019c640019035,İKİZCE,A4,Daire 28,0,registered,unchanged,NO_DETERMINISTIC_DEVICE_LINK,,
767,000019c640007306,İKİZCE,A4,Daire 29,0,active,unchanged,NO_DETERMINISTIC_DEVICE_LINK,,
768,000019c640018403,İKİZCE,A4,Daire 29,0,registered,unchanged,NO_DETERMINISTIC_DEVICE_LINK,,
769,000019c600004130,İKİZCE,A4,Daire 3,0,active,unchanged,NO_DETERMINISTIC_DEVICE_LINK,,
770,000019c640019032,İKİZCE,A4,Daire 3,0,registered,unchanged,NO_DETERMINISTIC_DEVICE_LINK,,
771,000019c640007208,İKİZCE,A4,Daire 30,0,active,unchanged,NO_DETERMINISTIC_DEVICE_LINK,,
772,000019c640007203,İKİZCE,A4,Daire 4,0,active,unchanged,NO_DETERMINISTIC_DEVICE_LINK,,
773,000019c640014574,İKİZCE,A4,Daire 4,0,registered,unchanged,NO_DETERMINISTIC_DEVICE_LINK,,
774,000019c600001091,İKİZCE,A4,Daire 5,0,active,unchanged,NO_DETERMINISTIC_DEVICE_LINK,,
775,000019c640018155,İKİZCE,A4,Daire 5,0,registered,unchanged,NO_DETERMINISTIC_DEVICE_LINK,,
776,000019c600001756,İKİZCE,A4,Daire 6,0,active,unchanged,NO_DETERMINISTIC_DEVICE_LINK,,
777,000019c640020639,İKİZCE,A4,Daire 6,0,registered,unchanged,NO_DETERMINISTIC_DEVICE_LINK,,
778,000019c640005667,İKİZCE,A4,Daire 7,0,active,unchanged,NO_DETERMINISTIC_DEVICE_LINK,,
779,000019c640018153,İKİZCE,A4,Daire 7,0,registered,unchanged,NO_DETERMINISTIC_DEVICE_LINK,,
780,000019c640005668,İKİZCE,A4,Daire 8,0,active,unchanged,NO_DETERMINISTIC_DEVICE_LINK,,
781,000019c640019992,İKİZCE,A4,Daire 8,0,registered,unchanged,NO_DETERMINISTIC_DEVICE_LINK,,
782,000019c600004138,İKİZCE,A4,Daire 9,0,active,unchanged,NO_DETERMINISTIC_DEVICE_LINK,,
783,000019c640017012,İKİZCE,A4,Daire 9,0,registered,unchanged,NO_DETERMINISTIC_DEVICE_LINK,,
784,000019c640014573,İKİZCE,A4,Kapıcı Dairesi,0,registered,unchanged,NO_DETERMINISTIC_DEVICE_LINK,,
785,000019c640016048,İKİZCE,A4,Numarasız 1,0,registered,unchanged,NO_DETERMINISTIC_DEVICE_LINK,,
786,000019c640012520,İKİZCE,A4,Numarasız 10,0,registered,unchanged,NO_DETERMINISTIC_DEVICE_LINK,,
787,000019c640012774,İKİZCE,A4,Numarasız 11,0,registered,unchanged,NO_DETERMINISTIC_DEVICE_LINK,,
788,000019c640018250,İKİZCE,A4,Numarasız 12,0,registered,unchanged,NO_DETERMINISTIC_DEVICE_LINK,,
789,000019c640015603,İKİZCE,A4,Numarasız 13,0,registered,unchanged,NO_DETERMINISTIC_DEVICE_LINK,,
790,000019c640015607,İKİZCE,A4,Numarasız 14,0,registered,unchanged,NO_DETERMINISTIC_DEVICE_LINK,,
791,000019c640012772,İKİZCE,A4,Numarasız 15,0,registered,unchanged,NO_DETERMINISTIC_DEVICE_LINK,,
792,000019c640019415,İKİZCE,A4,Numarasız 16,0,registered,unchanged,NO_DETERMINISTIC_DEVICE_LINK,,
793,000019c640019416,İKİZCE,A4,Numarasız 17,0,registered,unchanged,NO_DETERMINISTIC_DEVICE_LINK,,
794,000019c640019411,İKİZCE,A4,Numarasız 18,0,active,unchanged,NO_DETERMINISTIC_DEVICE_LINK,,
795,000019c640015642,İKİZCE,A4,Numarasız 19,0,registered,unchanged,NO_DETERMINISTIC_DEVICE_LINK,,
796,000019c640016083,İKİZCE,A4,Numarasız 2,0,registered,unchanged,NO_DETERMINISTIC_DEVICE_LINK,,
797,000019c640014232,İKİZCE,A4,Numarasız 20,0,active,unchanged,NO_DETERMINISTIC_DEVICE_LINK,,
798,000019c640018470,İKİZCE,A4,Numarasız 21,0,active,unchanged,NO_DETERMINISTIC_DEVICE_LINK,,
799,000019c640015641,İKİZCE,A4,Numarasız 22,0,registered,unchanged,NO_DETERMINISTIC_DEVICE_LINK,,
800,000019c640013344,İKİZCE,A4,Numarasız 23,0,registered,unchanged,NO_DETERMINISTIC_DEVICE_LINK,,
801,000019c640012549,İKİZCE,A4,Numarasız 24,0,registered,unchanged,NO_DETERMINISTIC_DEVICE_LINK,,
802,000019c640016127,İKİZCE,A4,Numarasız 25,0,registered,unchanged,NO_DETERMINISTIC_DEVICE_LINK,,
803,000019c640014021,İKİZCE,A4,Numarasız 26,0,registered,unchanged,NO_DETERMINISTIC_DEVICE_LINK,,
804,000019c640018475,İKİZCE,A4,Numarasız 27,0,active,unchanged,NO_DETERMINISTIC_DEVICE_LINK,,
805,000019c640018473,İKİZCE,A4,Numarasız 28,0,active,unchanged,NO_DETERMINISTIC_DEVICE_LINK,,
806,000019c640018476,İKİZCE,A4,Numarasız 29,0,active,unchanged,NO_DETERMINISTIC_DEVICE_LINK,,
807,000019c640019417,İKİZCE,A4,Numarasız 3,0,active,unchanged,NO_DETERMINISTIC_DEVICE_LINK,,
808,000019c640016124,İKİZCE,A4,Numarasız 30,0,active,unchanged,NO_DETERMINISTIC_DEVICE_LINK,,
809,000019c640013345,İKİZCE,A4,Numarasız 4,0,active,unchanged,NO_DETERMINISTIC_DEVICE_LINK,,
810,000019c640015110,İKİZCE,A4,Numarasız 5,0,registered,unchanged,NO_DETERMINISTIC_DEVICE_LINK,,
811,000019c640015606,İKİZCE,A4,Numarasız 6,0,registered,unchanged,NO_DETERMINISTIC_DEVICE_LINK,,
812,000019c640015197,İKİZCE,A4,Numarasız 7,0,active,unchanged,NO_DETERMINISTIC_DEVICE_LINK,,
813,000019c640012524,İKİZCE,A4,Numarasız 8,0,registered,unchanged,NO_DETERMINISTIC_DEVICE_LINK,,
814,000019c640016089,İKİZCE,A4,Numarasız 9,0,registered,unchanged,NO_DETERMINISTIC_DEVICE_LINK,,
815,000019c640007716,İKİZCE,A5,Daire 1,0,active,unchanged,NO_DETERMINISTIC_DEVICE_LINK,,
816,000019c640012260,İKİZCE,A5,Daire 1,0,registered,unchanged,NO_DETERMINISTIC_DEVICE_LINK,,
817,000019c600002752,İKİZCE,A5,Daire 10,0,active,unchanged,NO_DETERMINISTIC_DEVICE_LINK,,
818,000019c640018143,İKİZCE,A5,Daire 10,0,registered,unchanged,NO_DETERMINISTIC_DEVICE_LINK,,
819,000019c640007715,İKİZCE,A5,Daire 11,0,active,unchanged,NO_DETERMINISTIC_DEVICE_LINK,,
820,000019c640018157,İKİZCE,A5,Daire 11,0,registered,unchanged,NO_DETERMINISTIC_DEVICE_LINK,,
821,000019c640008686,İKİZCE,A5,Daire 12,0,active,unchanged,NO_DETERMINISTIC_DEVICE_LINK,,
822,000019c640015912,İKİZCE,A5,Daire 12,0,registered,unchanged,NO_DETERMINISTIC_DEVICE_LINK,,
823,000019c640009118,İKİZCE,A5,Daire 13,0,active,unchanged,NO_DETERMINISTIC_DEVICE_LINK,,
824,000019c640018188,İKİZCE,A5,Daire 13,0,registered,unchanged,NO_DETERMINISTIC_DEVICE_LINK,,
825,000019c600001470,İKİZCE,A5,Daire 14,0,active,unchanged,NO_DETERMINISTIC_DEVICE_LINK,,
826,000019c640021451,İKİZCE,A5,Daire 14,0,registered,unchanged,NO_DETERMINISTIC_DEVICE_LINK,,
827,000019c640007717,İKİZCE,A5,Daire 15,0,active,unchanged,NO_DETERMINISTIC_DEVICE_LINK,,
828,000019c640016383,İKİZCE,A5,Daire 15,0,registered,unchanged,NO_DETERMINISTIC_DEVICE_LINK,,
829,000019c640008681,İKİZCE,A5,Daire 16,0,active,unchanged,NO_DETERMINISTIC_DEVICE_LINK,,
830,000019c640018180,İKİZCE,A5,Daire 16,0,registered,unchanged,NO_DETERMINISTIC_DEVICE_LINK,,
831,000019c600001147,İKİZCE,A5,Daire 17,0,active,unchanged,NO_DETERMINISTIC_DEVICE_LINK,,
832,000019c640016395,İKİZCE,A5,Daire 17,0,registered,unchanged,NO_DETERMINISTIC_DEVICE_LINK,,
833,000019c640005662,İKİZCE,A5,Daire 18,0,active,unchanged,NO_DETERMINISTIC_DEVICE_LINK,,
834,000019c600001473,İKİZCE,A5,Daire 19,0,active,unchanged,NO_DETERMINISTIC_DEVICE_LINK,,
835,000019c640008688,İKİZCE,A5,Daire 2,0,active,unchanged,NO_DETERMINISTIC_DEVICE_LINK,,
836,000019c640021387,İKİZCE,A5,Daire 2,0,registered,unchanged,NO_DETERMINISTIC_DEVICE_LINK,,
837,000019c640007714,İKİZCE,A5,Daire 20,0,active,unchanged,NO_DETERMINISTIC_DEVICE_LINK,,
838,000019c640019267,İKİZCE,A5,Daire 20,0,registered,unchanged,NO_DETERMINISTIC_DEVICE_LINK,,
839,000019c600002759,İKİZCE,A5,Daire 21,0,active,unchanged,NO_DETERMINISTIC_DEVICE_LINK,,
840,000019c640007718,İKİZCE,A5,Daire 22,0,active,unchanged,NO_DETERMINISTIC_DEVICE_LINK,,
841,000019c640018183,İKİZCE,A5,Daire 22,0,registered,unchanged,NO_DETERMINISTIC_DEVICE_LINK,,
842,000019c640007719,İKİZCE,A5,Daire 23,0,active,unchanged,NO_DETERMINISTIC_DEVICE_LINK,,
843,000019c640007712,İKİZCE,A5,Daire 24,0,active,unchanged,NO_DETERMINISTIC_DEVICE_LINK,,
844,000019c640021148,İKİZCE,A5,Daire 24,0,active,unchanged,NO_DETERMINISTIC_DEVICE_LINK,,
845,000019c640008687,İKİZCE,A5,Daire 25,0,active,unchanged,NO_DETERMINISTIC_DEVICE_LINK,,
846,000019c600002778,İKİZCE,A5,Daire 26,0,active,unchanged,NO_DETERMINISTIC_DEVICE_LINK,,
847,000019c640037820,İKİZCE,A5,Daire 26,0,active,unchanged,NO_DETERMINISTIC_DEVICE_LINK,,
848,000019c640007303,İKİZCE,A5,Daire 27,0,active,unchanged,NO_DETERMINISTIC_DEVICE_LINK,,
849,000019c640021149,İKİZCE,A5,Daire 27,0,registered,unchanged,NO_DETERMINISTIC_DEVICE_LINK,,
850,000019c640007454,İKİZCE,A5,Daire 28,0,active,unchanged,NO_DETERMINISTIC_DEVICE_LINK,,
851,000019c640037291,İKİZCE,A5,Daire 28,0,active,unchanged,NO_DETERMINISTIC_DEVICE_LINK,,
852,000019c600002775,İKİZCE,A5,Daire 29,0,active,unchanged,NO_DETERMINISTIC_DEVICE_LINK,,
853,000019c640015109,İKİZCE,A5,Daire 29,0,registered,unchanged,NO_DETERMINISTIC_DEVICE_LINK,,
854,000019c640005669,İKİZCE,A5,Daire 3,0,active,unchanged,NO_DETERMINISTIC_DEVICE_LINK,,
855,000019c640020632,İKİZCE,A5,Daire 3,0,registered,unchanged,NO_DETERMINISTIC_DEVICE_LINK,,
856,000019c640007667,İKİZCE,A5,Daire 4,0,active,unchanged,NO_DETERMINISTIC_DEVICE_LINK,,
857,000019c640021147,İKİZCE,A5,Daire 4,0,registered,unchanged,NO_DETERMINISTIC_DEVICE_LINK,,
858,000019c600001476,İKİZCE,A5,Daire 5,0,active,unchanged,NO_DETERMINISTIC_DEVICE_LINK,,
859,000019c640021307,İKİZCE,A5,Daire 5,0,registered,unchanged,NO_DETERMINISTIC_DEVICE_LINK,,
860,000019c640009114,İKİZCE,A5,Daire 6,0,active,unchanged,NO_DETERMINISTIC_DEVICE_LINK,,
861,000019c640018994,İKİZCE,A5,Daire 6,0,registered,unchanged,NO_DETERMINISTIC_DEVICE_LINK,,
862,000019c640007711,İKİZCE,A5,Daire 7,0,active,unchanged,NO_DETERMINISTIC_DEVICE_LINK,,
863,000019c640012267,İKİZCE,A5,Daire 7,0,registered,unchanged,NO_DETERMINISTIC_DEVICE_LINK,,
864,000019c640009115,İKİZCE,A5,Daire 8,0,active,unchanged,NO_DETERMINISTIC_DEVICE_LINK,,
865,000019c640013380,İKİZCE,A5,Daire 8,0,registered,unchanged,NO_DETERMINISTIC_DEVICE_LINK,,
866,000019c600001479,İKİZCE,A5,Daire 9,0,active,unchanged,NO_DETERMINISTIC_DEVICE_LINK,,
867,000019c640015101,İKİZCE,A5,Daire 9,0,registered,unchanged,NO_DETERMINISTIC_DEVICE_LINK,,
868,000019c640005665,İKİZCE,A5,Kapıcı Dairesi,0,active,unchanged,NO_DETERMINISTIC_DEVICE_LINK,,
869,000019c640019407,İKİZCE,A5,Kapıcı Dairesi,0,registered,unchanged,NO_DETERMINISTIC_DEVICE_LINK,,
870,000019c640019181,İKİZCE,A5,Numarasız 1,0,registered,unchanged,NO_DETERMINISTIC_DEVICE_LINK,,
871,000019c640019188,İKİZCE,A5,Numarasız 10,0,registered,unchanged,NO_DETERMINISTIC_DEVICE_LINK,,
872,000019c640014781,İKİZCE,A5,Numarasız 11,0,registered,unchanged,NO_DETERMINISTIC_DEVICE_LINK,,
873,000019c640012189,İKİZCE,A5,Numarasız 12,0,registered,unchanged,NO_DETERMINISTIC_DEVICE_LINK,,
874,000019c640014908,İKİZCE,A5,Numarasız 13,0,registered,unchanged,NO_DETERMINISTIC_DEVICE_LINK,,
875,000019c640016855,İKİZCE,A5,Numarasız 14,0,registered,unchanged,NO_DETERMINISTIC_DEVICE_LINK,,
876,000019c640015043,İKİZCE,A5,Numarasız 15,0,registered,unchanged,NO_DETERMINISTIC_DEVICE_LINK,,
877,000019c640016452,İKİZCE,A5,Numarasız 16,0,registered,unchanged,NO_DETERMINISTIC_DEVICE_LINK,,
878,000019c640016453,İKİZCE,A5,Numarasız 17,0,registered,unchanged,NO_DETERMINISTIC_DEVICE_LINK,,
879,000019c640016450,İKİZCE,A5,Numarasız 18,0,registered,unchanged,NO_DETERMINISTIC_DEVICE_LINK,,
880,000019c640015275,İKİZCE,A5,Numarasız 19,0,registered,unchanged,NO_DETERMINISTIC_DEVICE_LINK,,
881,000019c640015237,İKİZCE,A5,Numarasız 2,0,registered,unchanged,NO_DETERMINISTIC_DEVICE_LINK,,
882,000019c640014818,İKİZCE,A5,Numarasız 20,0,registered,unchanged,NO_DETERMINISTIC_DEVICE_LINK,,
883,000019c640016455,İKİZCE,A5,Numarasız 21,0,registered,unchanged,NO_DETERMINISTIC_DEVICE_LINK,,
884,000019c640019136,İKİZCE,A5,Numarasız 22,0,registered,unchanged,NO_DETERMINISTIC_DEVICE_LINK,,
885,000019c640016859,İKİZCE,A5,Numarasız 23,0,registered,unchanged,NO_DETERMINISTIC_DEVICE_LINK,,
886,000019c640014813,İKİZCE,A5,Numarasız 24,0,registered,unchanged,NO_DETERMINISTIC_DEVICE_LINK,,
887,000019c640016852,İKİZCE,A5,Numarasız 25,0,registered,unchanged,NO_DETERMINISTIC_DEVICE_LINK,,
888,000019c640013059,İKİZCE,A5,Numarasız 26,0,registered,unchanged,NO_DETERMINISTIC_DEVICE_LINK,,
889,000019c640015271,İKİZCE,A5,Numarasız 27,0,active,unchanged,NO_DETERMINISTIC_DEVICE_LINK,,
890,000019c640013058,İKİZCE,A5,Numarasız 28,0,active,unchanged,NO_DETERMINISTIC_DEVICE_LINK,,
891,000019c640014900,İKİZCE,A5,Numarasız 29,0,registered,unchanged,NO_DETERMINISTIC_DEVICE_LINK,,
892,000019c640019189,İKİZCE,A5,Numarasız 3,0,registered,unchanged,NO_DETERMINISTIC_DEVICE_LINK,,
893,000019c640016442,İKİZCE,A5,Numarasız 30,0,registered,unchanged,NO_DETERMINISTIC_DEVICE_LINK,,
894,000019c640014842,İKİZCE,A5,Numarasız 4,0,registered,unchanged,NO_DETERMINISTIC_DEVICE_LINK,,
895,000019c640012423,İKİZCE,A5,Numarasız 5,0,registered,unchanged,NO_DETERMINISTIC_DEVICE_LINK,,
896,000019c640014783,İKİZCE,A5,Numarasız 6,0,registered,unchanged,NO_DETERMINISTIC_DEVICE_LINK,,
897,000019c640015061,İKİZCE,A5,Numarasız 7,0,registered,unchanged,NO_DETERMINISTIC_DEVICE_LINK,,
898,000019c640015274,İKİZCE,A5,Numarasız 8,0,registered,unchanged,NO_DETERMINISTIC_DEVICE_LINK,,
899,000019c640019185,İKİZCE,A5,Numarasız 9,0,registered,unchanged,NO_DETERMINISTIC_DEVICE_LINK,,
900,000019c640021450,İKİZCE,A6,Daire 1,0,registered,unchanged,NO_DETERMINISTIC_DEVICE_LINK,,
901,000019c640012783,İKİZCE,A6,Daire 10,0,registered,unchanged,NO_DETERMINISTIC_DEVICE_LINK,,
902,000019c640017370,İKİZCE,A6,Daire 11,0,registered,unchanged,NO_DETERMINISTIC_DEVICE_LINK,,
903,000019c640018492,İKİZCE,A6,Daire 12,0,registered,unchanged,NO_DETERMINISTIC_DEVICE_LINK,,
904,000019c640012933,İKİZCE,A6,Daire 13,0,active,unchanged,NO_DETERMINISTIC_DEVICE_LINK,,
905,000019c640019427,İKİZCE,A6,Daire 14,0,registered,unchanged,NO_DETERMINISTIC_DEVICE_LINK,,
906,000019c640012788,İKİZCE,A6,Daire 15,0,active,unchanged,NO_DETERMINISTIC_DEVICE_LINK,,
907,000019c640012515,İKİZCE,A6,Daire 16,0,registered,unchanged,NO_DETERMINISTIC_DEVICE_LINK,,
908,000019c640018151,İKİZCE,A6,Daire 17,0,registered,unchanged,NO_DETERMINISTIC_DEVICE_LINK,,
909,000019c640013385,İKİZCE,A6,Daire 18,0,registered,unchanged,NO_DETERMINISTIC_DEVICE_LINK,,
910,000019c640012934,İKİZCE,A6,Daire 19,0,active,unchanged,NO_DETERMINISTIC_DEVICE_LINK,,
911,000019c640014991,İKİZCE,A6,Daire 2,0,registered,unchanged,NO_DETERMINISTIC_DEVICE_LINK,,
912,000019c640012939,İKİZCE,A6,Daire 20,0,active,unchanged,NO_DETERMINISTIC_DEVICE_LINK,,
913,000019c640012932,İKİZCE,A6,Daire 21,0,registered,unchanged,NO_DETERMINISTIC_DEVICE_LINK,,
914,000019c640019295,İKİZCE,A6,Daire 22,0,active,unchanged,NO_DETERMINISTIC_DEVICE_LINK,,
915,000019c640015914,İKİZCE,A6,Daire 23,0,active,unchanged,NO_DETERMINISTIC_DEVICE_LINK,,
916,000019c640012937,İKİZCE,A6,Daire 24,0,registered,unchanged,NO_DETERMINISTIC_DEVICE_LINK,,
917,000019c640016371,İKİZCE,A6,Daire 25,0,registered,unchanged,NO_DETERMINISTIC_DEVICE_LINK,,
918,000019c640012789,İKİZCE,A6,Daire 26,0,active,unchanged,NO_DETERMINISTIC_DEVICE_LINK,,
919,000019c640012935,İKİZCE,A6,Daire 27,0,registered,unchanged,NO_DETERMINISTIC_DEVICE_LINK,,
920,000019c640012511,İKİZCE,A6,Daire 28,0,registered,unchanged,NO_DETERMINISTIC_DEVICE_LINK,,
921,000019c640012512,İKİZCE,A6,Daire 29,0,registered,unchanged,NO_DETERMINISTIC_DEVICE_LINK,,
922,000019c640014999,İKİZCE,A6,Daire 3,0,registered,unchanged,NO_DETERMINISTIC_DEVICE_LINK,,
923,000019c640012931,İKİZCE,A6,Daire 4,0,registered,unchanged,NO_DETERMINISTIC_DEVICE_LINK,,
924,000019c640012938,İKİZCE,A6,Daire 5,0,registered,unchanged,NO_DETERMINISTIC_DEVICE_LINK,,
925,000019c640021355,İKİZCE,A6,Daire 6,0,registered,unchanged,NO_DETERMINISTIC_DEVICE_LINK,,
926,000019c640018497,İKİZCE,A6,Daire 7,0,registered,unchanged,NO_DETERMINISTIC_DEVICE_LINK,,
927,000019c640018499,İKİZCE,A6,Daire 8,0,registered,unchanged,NO_DETERMINISTIC_DEVICE_LINK,,
928,000019c640018493,İKİZCE,A6,Daire 9,0,registered,unchanged,NO_DETERMINISTIC_DEVICE_LINK,,
929,000019c640016545,İKİZCE,A6,Kapıcı Dairesi,0,registered,unchanged,NO_DETERMINISTIC_DEVICE_LINK,,
930,000019c640015063,İKİZCE,A6,Numarasız 1,0,registered,unchanged,NO_DETERMINISTIC_DEVICE_LINK,,
931,000019c640016854,İKİZCE,A6,Numarasız 10,0,registered,unchanged,NO_DETERMINISTIC_DEVICE_LINK,,
932,000019c640016040,İKİZCE,A6,Numarasız 11,0,registered,unchanged,NO_DETERMINISTIC_DEVICE_LINK,,
933,000019c640012522,İKİZCE,A6,Numarasız 12,0,registered,unchanged,NO_DETERMINISTIC_DEVICE_LINK,,
934,000019c640016329,İKİZCE,A6,Numarasız 13,0,registered,unchanged,NO_DETERMINISTIC_DEVICE_LINK,,
935,000019c640015602,İKİZCE,A6,Numarasız 14,0,registered,unchanged,NO_DETERMINISTIC_DEVICE_LINK,,
936,000019c640017478,İKİZCE,A6,Numarasız 15,0,registered,unchanged,NO_DETERMINISTIC_DEVICE_LINK,,
937,000019c640016042,İKİZCE,A6,Numarasız 16,0,registered,unchanged,NO_DETERMINISTIC_DEVICE_LINK,,
938,000019c640016085,İKİZCE,A6,Numarasız 17,0,registered,unchanged,NO_DETERMINISTIC_DEVICE_LINK,,
939,000019c640015194,İKİZCE,A6,Numarasız 18,0,registered,unchanged,NO_DETERMINISTIC_DEVICE_LINK,,
940,000019c640019412,İKİZCE,A6,Numarasız 19,0,registered,unchanged,NO_DETERMINISTIC_DEVICE_LINK,,
941,000019c640015064,İKİZCE,A6,Numarasız 2,0,registered,unchanged,NO_DETERMINISTIC_DEVICE_LINK,,
942,000019c640019419,İKİZCE,A6,Numarasız 20,0,registered,unchanged,NO_DETERMINISTIC_DEVICE_LINK,,
943,000019c640012529,İKİZCE,A6,Numarasız 21,0,registered,unchanged,NO_DETERMINISTIC_DEVICE_LINK,,
944,000019c640012542,İKİZCE,A6,Numarasız 22,0,registered,unchanged,NO_DETERMINISTIC_DEVICE_LINK,,
945,000019c640019413,İKİZCE,A6,Numarasız 23,0,registered,unchanged,NO_DETERMINISTIC_DEVICE_LINK,,
946,000019c640018251,İKİZCE,A6,Numarasız 24,0,registered,unchanged,NO_DETERMINISTIC_DEVICE_LINK,,
947,000019c640015604,İKİZCE,A6,Numarasız 25,0,active,unchanged,NO_DETERMINISTIC_DEVICE_LINK,,
948,000019c640015605,İKİZCE,A6,Numarasız 26,0,active,unchanged,NO_DETERMINISTIC_DEVICE_LINK,,
949,000019c640016326,İKİZCE,A6,Numarasız 27,0,registered,unchanged,NO_DETERMINISTIC_DEVICE_LINK,,
950,000019c640017476,İKİZCE,A6,Numarasız 28,0,registered,unchanged,NO_DETERMINISTIC_DEVICE_LINK,,
951,000019c640013343,İKİZCE,A6,Numarasız 29,0,active,unchanged,NO_DETERMINISTIC_DEVICE_LINK,,
952,000019c640014907,İKİZCE,A6,Numarasız 3,0,registered,unchanged,NO_DETERMINISTIC_DEVICE_LINK,,
953,000019c640012778,İKİZCE,A6,Numarasız 30,0,active,unchanged,NO_DETERMINISTIC_DEVICE_LINK,,
954,000019c640015069,İKİZCE,A6,Numarasız 4,0,registered,unchanged,NO_DETERMINISTIC_DEVICE_LINK,,
955,000019c640015276,İKİZCE,A6,Numarasız 5,0,registered,unchanged,NO_DETERMINISTIC_DEVICE_LINK,,
956,000019c640016445,İKİZCE,A6,Numarasız 6,0,registered,unchanged,NO_DETERMINISTIC_DEVICE_LINK,,
957,000019c640015270,İKİZCE,A6,Numarasız 7,0,registered,unchanged,NO_DETERMINISTIC_DEVICE_LINK,,
958,000019c640015062,İKİZCE,A6,Numarasız 8,0,registered,unchanged,NO_DETERMINISTIC_DEVICE_LINK,,
959,000019c640016857,İKİZCE,A6,Numarasız 9,0,registered,unchanged,NO_DETERMINISTIC_DEVICE_LINK,,
960,000019c640005128,İKİZCE,B1,Daire 1,0,active,unchanged,NO_DETERMINISTIC_DEVICE_LINK,,
961,000019c640018871,İKİZCE,B1,Daire 1,0,registered,unchanged,NO_DETERMINISTIC_DEVICE_LINK,,
962,000019c600007112,İKİZCE,B1,Daire 1,0,registered,unchanged,NO_DETERMINISTIC_DEVICE_LINK,,
963,000019c640005266,İKİZCE,B1,Daire 10,0,active,unchanged,NO_DETERMINISTIC_DEVICE_LINK,,
964,000019c640016385,İKİZCE,B1,Daire 10,0,active,unchanged,NO_DETERMINISTIC_DEVICE_LINK,,
965,000019c640008737,İKİZCE,B1,Daire 10,0,registered,unchanged,NO_DETERMINISTIC_DEVICE_LINK,,
966,000019c600001256,İKİZCE,B1,Daire 11,0,active,unchanged,NO_DETERMINISTIC_DEVICE_LINK,,
967,000019c640018149,İKİZCE,B1,Daire 11,0,active,unchanged,NO_DETERMINISTIC_DEVICE_LINK,,
968,000019c640005291,İKİZCE,B1,Daire 11,0,registered,unchanged,NO_DETERMINISTIC_DEVICE_LINK,,
969,000019c640005045,İKİZCE,B1,Daire 12,0,active,unchanged,NO_DETERMINISTIC_DEVICE_LINK,,
970,000019c640018996,İKİZCE,B1,Daire 12,0,registered,unchanged,NO_DETERMINISTIC_DEVICE_LINK,,
971,000019c640007155,İKİZCE,B1,Daire 12,0,registered,unchanged,NO_DETERMINISTIC_DEVICE_LINK,,
972,000019c640007308,İKİZCE,B1,Daire 13,0,active,unchanged,NO_DETERMINISTIC_DEVICE_LINK,,
973,000019c640018990,İKİZCE,B1,Daire 13,0,registered,unchanged,NO_DETERMINISTIC_DEVICE_LINK,,
974,000019c640007116,İKİZCE,B1,Daire 13,0,registered,unchanged,NO_DETERMINISTIC_DEVICE_LINK,,
975,000019c640005052,İKİZCE,B1,Daire 14,0,active,unchanged,NO_DETERMINISTIC_DEVICE_LINK,,
976,000019c640018728,İKİZCE,B1,Daire 14,0,registered,unchanged,NO_DETERMINISTIC_DEVICE_LINK,,
977,000019c640008735,İKİZCE,B1,Daire 14,0,registered,unchanged,NO_DETERMINISTIC_DEVICE_LINK,,
978,000019c640009069,İKİZCE,B1,Daire 15,0,active,unchanged,NO_DETERMINISTIC_DEVICE_LINK,,
979,000019c640012177,İKİZCE,B1,Daire 15,0,registered,unchanged,NO_DETERMINISTIC_DEVICE_LINK,,
980,000019c640005295,İKİZCE,B1,Daire 15,0,registered,unchanged,NO_DETERMINISTIC_DEVICE_LINK,,
981,000019c600001255,İKİZCE,B1,Daire 16,0,active,unchanged,NO_DETERMINISTIC_DEVICE_LINK,,
982,000019c640012839,İKİZCE,B1,Daire 16,0,active,unchanged,NO_DETERMINISTIC_DEVICE_LINK,,
983,000019c640007153,İKİZCE,B1,Daire 16,0,registered,unchanged,NO_DETERMINISTIC_DEVICE_LINK,,
984,000019c640008683,İKİZCE,B1,Daire 17,0,active,unchanged,NO_DETERMINISTIC_DEVICE_LINK,,
985,000019c640018875,İKİZCE,B1,Daire 17,0,registered,unchanged,NO_DETERMINISTIC_DEVICE_LINK,,
986,000019c640007298,İKİZCE,B1,Daire 17,0,registered,unchanged,NO_DETERMINISTIC_DEVICE_LINK,,
987,000019c640006671,İKİZCE,B1,Daire 18,0,active,unchanged,NO_DETERMINISTIC_DEVICE_LINK,,
988,000019c640019265,İKİZCE,B1,Daire 18,0,registered,unchanged,NO_DETERMINISTIC_DEVICE_LINK,,
989,000019c640005299,İKİZCE,B1,Daire 18,0,active,unchanged,NO_DETERMINISTIC_DEVICE_LINK,,
990,000019c600005014,İKİZCE,B1,Daire 19,0,registered,unchanged,NO_DETERMINISTIC_DEVICE_LINK,,
991,000019c640005293,İKİZCE,B1,Daire 19,0,active,unchanged,NO_DETERMINISTIC_DEVICE_LINK,,
992,000019c600004222,İKİZCE,B1,Daire 2,0,active,unchanged,NO_DETERMINISTIC_DEVICE_LINK,,
993,000019c640021354,İKİZCE,B1,Daire 2,0,registered,unchanged,NO_DETERMINISTIC_DEVICE_LINK,,
994,000019c600005292,İKİZCE,B1,Daire 2,0,registered,unchanged,NO_DETERMINISTIC_DEVICE_LINK,,
995,000019c640007301,İKİZCE,B1,Daire 20,0,active,unchanged,NO_DETERMINISTIC_DEVICE_LINK,,
996,000019c640005218,İKİZCE,B1,Daire 20,0,registered,unchanged,NO_DETERMINISTIC_DEVICE_LINK,,
997,000019c600004012,İKİZCE,B1,Daire 3,0,active,unchanged,NO_DETERMINISTIC_DEVICE_LINK,,
998,000019c640021351,İKİZCE,B1,Daire 3,0,active,unchanged,NO_DETERMINISTIC_DEVICE_LINK,,
999,000019c600005298,İKİZCE,B1,Daire 3,0,registered,unchanged,NO_DETERMINISTIC_DEVICE_LINK,,
1000,000019c640005660,İKİZCE,B1,Daire 4,0,active,unchanged,NO_DETERMINISTIC_DEVICE_LINK,,
1001,000019c640019260,İKİZCE,B1,Daire 4,0,registered,unchanged,NO_DETERMINISTIC_DEVICE_LINK,,
1002,000019c600005294,İKİZCE,B1,Daire 4,0,registered,unchanged,NO_DETERMINISTIC_DEVICE_LINK,,
1003,000019c640005125,İKİZCE,B1,Daire 5,0,active,unchanged,NO_DETERMINISTIC_DEVICE_LINK,,
1004,000019c640016032,İKİZCE,B1,Daire 5,0,registered,unchanged,NO_DETERMINISTIC_DEVICE_LINK,,
1005,000019c600007156,İKİZCE,B1,Daire 5,0,registered,unchanged,NO_DETERMINISTIC_DEVICE_LINK,,
1006,000019c640007300,İKİZCE,B1,Daire 6,0,active,unchanged,NO_DETERMINISTIC_DEVICE_LINK,,
1007,000019c640018726,İKİZCE,B1,Daire 6,0,registered,unchanged,NO_DETERMINISTIC_DEVICE_LINK,,
1008,000019c600005290,İKİZCE,B1,Daire 6,0,registered,unchanged,NO_DETERMINISTIC_DEVICE_LINK,,
1009,000019c640008680,İKİZCE,B1,Daire 7,0,active,unchanged,NO_DETERMINISTIC_DEVICE_LINK,,
1010,000019c640015720,İKİZCE,B1,Daire 7,0,registered,unchanged,NO_DETERMINISTIC_DEVICE_LINK,,
1011,000019c640008409,İKİZCE,B1,Daire 7,0,registered,unchanged,NO_DETERMINISTIC_DEVICE_LINK,,
1012,000019c600001095,İKİZCE,B1,Daire 8,0,active,unchanged,NO_DETERMINISTIC_DEVICE_LINK,,
1013,000019c640015986,İKİZCE,B1,Daire 8,0,registered,unchanged,NO_DETERMINISTIC_DEVICE_LINK,,
1014,000019c600005216,İKİZCE,B1,Daire 8,0,registered,unchanged,NO_DETERMINISTIC_DEVICE_LINK,,
1015,000019c600004016,İKİZCE,B1,Daire 9,0,active,unchanged,NO_DETERMINISTIC_DEVICE_LINK,,
1016,000019c640015779,İKİZCE,B1,Daire 9,0,registered,unchanged,NO_DETERMINISTIC_DEVICE_LINK,,
1017,000019c600002512,İKİZCE,B1,Daire 9,0,registered,unchanged,NO_DETERMINISTIC_DEVICE_LINK,,
1018,000019c640012109,İKİZCE,B1,Numarasız 1,0,registered,unchanged,NO_DETERMINISTIC_DEVICE_LINK,,
1019,000019c600003112,İKİZCE,B1,Numarasız 1,0,registered,unchanged,NO_DETERMINISTIC_DEVICE_LINK,,
1020,000019c640015130,İKİZCE,B1,Numarasız 10,0,registered,unchanged,NO_DETERMINISTIC_DEVICE_LINK,,
1021,000019c640009985,İKİZCE,B1,Numarasız 10,0,registered,unchanged,NO_DETERMINISTIC_DEVICE_LINK,,
1022,000019c640019029,İKİZCE,B1,Numarasız 11,0,active,unchanged,NO_DETERMINISTIC_DEVICE_LINK,,
1023,000019c600003683,İKİZCE,B1,Numarasız 11,0,active,unchanged,NO_DETERMINISTIC_DEVICE_LINK,,
1024,000019c640014292,İKİZCE,B1,Numarasız 12,0,registered,unchanged,NO_DETERMINISTIC_DEVICE_LINK,,
1025,000019c640003598,İKİZCE,B1,Numarasız 12,0,registered,unchanged,NO_DETERMINISTIC_DEVICE_LINK,,
1026,000019c640017475,İKİZCE,B1,Numarasız 13,0,registered,unchanged,NO_DETERMINISTIC_DEVICE_LINK,,
1027,000019c640007150,İKİZCE,B1,Numarasız 13,0,active,unchanged,NO_DETERMINISTIC_DEVICE_LINK,,
1028,000019c640016345,İKİZCE,B1,Numarasız 14,0,registered,unchanged,NO_DETERMINISTIC_DEVICE_LINK,,
1029,000019c640008554,İKİZCE,B1,Numarasız 14,0,active,unchanged,NO_DETERMINISTIC_DEVICE_LINK,,
1030,000019c640017470,İKİZCE,B1,Numarasız 15,0,registered,unchanged,NO_DETERMINISTIC_DEVICE_LINK,,
1031,000019c600003590,İKİZCE,B1,Numarasız 15,0,active,unchanged,NO_DETERMINISTIC_DEVICE_LINK,,
1032,000019c640013323,İKİZCE,B1,Numarasız 16,0,active,unchanged,NO_DETERMINISTIC_DEVICE_LINK,,
1033,000019c600003118,İKİZCE,B1,Numarasız 16,0,active,unchanged,NO_DETERMINISTIC_DEVICE_LINK,,
1034,000019c640013321,İKİZCE,B1,Numarasız 17,0,registered,unchanged,NO_DETERMINISTIC_DEVICE_LINK,,
1035,000019c640005067,İKİZCE,B1,Numarasız 17,0,registered,unchanged,NO_DETERMINISTIC_DEVICE_LINK,,
1036,000019c640019028,İKİZCE,B1,Numarasız 18,0,registered,unchanged,NO_DETERMINISTIC_DEVICE_LINK,,
1037,000019c640005065,İKİZCE,B1,Numarasız 18,0,registered,unchanged,NO_DETERMINISTIC_DEVICE_LINK,,
1038,000019c640007115,İKİZCE,B1,Numarasız 19,0,registered,unchanged,NO_DETERMINISTIC_DEVICE_LINK,,
1039,000019c640015133,İKİZCE,B1,Numarasız 2,0,registered,unchanged,NO_DETERMINISTIC_DEVICE_LINK,,
1040,000019c600004894,İKİZCE,B1,Numarasız 2,0,registered,unchanged,NO_DETERMINISTIC_DEVICE_LINK,,
1041,000019c640006655,İKİZCE,B1,Numarasız 20,0,active,unchanged,NO_DETERMINISTIC_DEVICE_LINK,,
1042,000019c640019454,İKİZCE,B1,Numarasız 3,0,registered,unchanged,NO_DETERMINISTIC_DEVICE_LINK,,
1043,000019c600001728,İKİZCE,B1,Numarasız 3,0,registered,unchanged,NO_DETERMINISTIC_DEVICE_LINK,,
1044,000019c640017472,İKİZCE,B1,Numarasız 4,0,registered,unchanged,NO_DETERMINISTIC_DEVICE_LINK,,
1045,000019c600003136,İKİZCE,B1,Numarasız 4,0,registered,unchanged,NO_DETERMINISTIC_DEVICE_LINK,,
1046,000019c640013340,İKİZCE,B1,Numarasız 5,0,registered,unchanged,NO_DETERMINISTIC_DEVICE_LINK,,
1047,000019c600006652,İKİZCE,B1,Numarasız 5,0,registered,unchanged,NO_DETERMINISTIC_DEVICE_LINK,,
1048,000019c640012107,İKİZCE,B1,Numarasız 6,0,registered,unchanged,NO_DETERMINISTIC_DEVICE_LINK,,
1049,000019c640005063,İKİZCE,B1,Numarasız 6,0,active,unchanged,NO_DETERMINISTIC_DEVICE_LINK,,
1050,000019c640017479,İKİZCE,B1,Numarasız 7,0,registered,unchanged,NO_DETERMINISTIC_DEVICE_LINK,,
1051,000019c600003682,İKİZCE,B1,Numarasız 7,0,active,unchanged,NO_DETERMINISTIC_DEVICE_LINK,,
1052,000019c640014278,İKİZCE,B1,Numarasız 8,0,registered,unchanged,NO_DETERMINISTIC_DEVICE_LINK,,
1053,000019c600003686,İKİZCE,B1,Numarasız 8,0,active,unchanged,NO_DETERMINISTIC_DEVICE_LINK,,
1054,000019c640012545,İKİZCE,B1,Numarasız 9,0,registered,unchanged,NO_DETERMINISTIC_DEVICE_LINK,,
1055,000019c600008557,İKİZCE,B1,Numarasız 9,0,registered,unchanged,NO_DETERMINISTIC_DEVICE_LINK,,
1056,000019c640011906,İKİZCE,B1,Ortak Alan,0,registered,unchanged,NO_DETERMINISTIC_DEVICE_LINK,,
1057,000019c640039233,İKİZCE,B10,Daire 1,0,registered,unchanged,NO_DETERMINISTIC_DEVICE_LINK,,
1058,000019c640005257,İKİZCE,B10,Daire 1,0,registered,unchanged,NO_DETERMINISTIC_DEVICE_LINK,,
1059,000019c640032126,İKİZCE,B10,Daire 10,0,registered,unchanged,NO_DETERMINISTIC_DEVICE_LINK,,
1060,000019c640006985,İKİZCE,B10,Daire 10,0,registered,unchanged,NO_DETERMINISTIC_DEVICE_LINK,,
1061,000019c640039212,İKİZCE,B10,Daire 11,0,registered,unchanged,NO_DETERMINISTIC_DEVICE_LINK,,
1062,000019c640005289,İKİZCE,B10,Daire 11,0,registered,unchanged,NO_DETERMINISTIC_DEVICE_LINK,,
1063,000019c640037266,İKİZCE,B10,Daire 12,0,registered,unchanged,NO_DETERMINISTIC_DEVICE_LINK,,
1064,000019c640008740,İKİZCE,B10,Daire 12,0,registered,unchanged,NO_DETERMINISTIC_DEVICE_LINK,,
1065,000019c640037265,İKİZCE,B10,Daire 13,0,registered,unchanged,NO_DETERMINISTIC_DEVICE_LINK,,
1066,000019c640005520,İKİZCE,B10,Daire 13,0,registered,unchanged,NO_DETERMINISTIC_DEVICE_LINK,,
1067,000019c640037281,İKİZCE,B10,Daire 14,0,registered,unchanged,NO_DETERMINISTIC_DEVICE_LINK,,
1068,000019c640008392,İKİZCE,B10,Daire 14,0,active,unchanged,NO_DETERMINISTIC_DEVICE_LINK,,
1069,000019c640037267,İKİZCE,B10,Daire 15,0,registered,unchanged,NO_DETERMINISTIC_DEVICE_LINK,,
1070,000019c640005259,İKİZCE,B10,Daire 15,0,active,unchanged,NO_DETERMINISTIC_DEVICE_LINK,,
1071,000019c640039219,İKİZCE,B10,Daire 16,0,registered,unchanged,NO_DETERMINISTIC_DEVICE_LINK,,
1072,000019c640008391,İKİZCE,B10,Daire 16,0,registered,unchanged,NO_DETERMINISTIC_DEVICE_LINK,,
1073,000019c640039217,İKİZCE,B10,Daire 17,0,registered,unchanged,NO_DETERMINISTIC_DEVICE_LINK,,
1074,000019c640005523,İKİZCE,B10,Daire 17,0,active,unchanged,NO_DETERMINISTIC_DEVICE_LINK,,
1075,000019c640039205,İKİZCE,B10,Daire 18,0,registered,unchanged,NO_DETERMINISTIC_DEVICE_LINK,,
1076,000019c640005283,İKİZCE,B10,Daire 18,0,active,unchanged,NO_DETERMINISTIC_DEVICE_LINK,,
1077,000019c640039237,İKİZCE,B10,Daire 19,0,registered,unchanged,NO_DETERMINISTIC_DEVICE_LINK,,
1078,000019c640009362,İKİZCE,B10,Daire 19,0,active,unchanged,NO_DETERMINISTIC_DEVICE_LINK,,
1079,000019c640039519,İKİZCE,B10,Daire 2,0,registered,unchanged,NO_DETERMINISTIC_DEVICE_LINK,,
1080,000019c640008745,İKİZCE,B10,Daire 2,0,registered,unchanged,NO_DETERMINISTIC_DEVICE_LINK,,
1081,000019c640037283,İKİZCE,B10,Daire 20,0,active,unchanged,NO_DETERMINISTIC_DEVICE_LINK,,
1082,000019c640008224,İKİZCE,B10,Daire 20,0,registered,unchanged,NO_DETERMINISTIC_DEVICE_LINK,,
1083,000019c640039206,İKİZCE,B10,Daire 3,0,registered,unchanged,NO_DETERMINISTIC_DEVICE_LINK,,
1084,000019c640009693,İKİZCE,B10,Daire 3,0,registered,unchanged,NO_DETERMINISTIC_DEVICE_LINK,,
1085,000019c640039224,İKİZCE,B10,Daire 4,0,registered,unchanged,NO_DETERMINISTIC_DEVICE_LINK,,
1086,000019c640007911,İKİZCE,B10,Daire 4,0,registered,unchanged,NO_DETERMINISTIC_DEVICE_LINK,,
1087,000019c640039231,İKİZCE,B10,Daire 5,0,registered,unchanged,NO_DETERMINISTIC_DEVICE_LINK,,
1088,000019c640005521,İKİZCE,B10,Daire 5,0,active,unchanged,NO_DETERMINISTIC_DEVICE_LINK,,
1089,000019c640037243,İKİZCE,B10,Daire 6,0,registered,unchanged,NO_DETERMINISTIC_DEVICE_LINK,,
1090,000019c640005254,İKİZCE,B10,Daire 6,0,registered,unchanged,NO_DETERMINISTIC_DEVICE_LINK,,
1091,000019c640039222,İKİZCE,B10,Daire 7,0,registered,unchanged,NO_DETERMINISTIC_DEVICE_LINK,,
1092,000019c640007062,İKİZCE,B10,Daire 7,0,registered,unchanged,NO_DETERMINISTIC_DEVICE_LINK,,
1093,000019c640037262,İKİZCE,B10,Daire 8,0,registered,unchanged,NO_DETERMINISTIC_DEVICE_LINK,,
1094,000019c640008228,İKİZCE,B10,Daire 8,0,registered,unchanged,NO_DETERMINISTIC_DEVICE_LINK,,
1095,000019c640039203,İKİZCE,B10,Daire 9,0,registered,unchanged,NO_DETERMINISTIC_DEVICE_LINK,,
1096,000019c640008229,İKİZCE,B10,Daire 9,0,active,unchanged,NO_DETERMINISTIC_DEVICE_LINK,,
1097,000019c640016075,İKİZCE,B10,Numarasız 1,0,registered,unchanged,NO_DETERMINISTIC_DEVICE_LINK,,
1098,000019c640019225,İKİZCE,B10,Numarasız 1,0,registered,unchanged,NO_DETERMINISTIC_DEVICE_LINK,,
1099,000019c640018498,İKİZCE,B10,Numarasız 10,0,registered,unchanged,NO_DETERMINISTIC_DEVICE_LINK,,
1100,000019c640008116,İKİZCE,B10,Numarasız 10,0,registered,unchanged,NO_DETERMINISTIC_DEVICE_LINK,,
1101,000019c640015408,İKİZCE,B10,Numarasız 11,0,registered,unchanged,NO_DETERMINISTIC_DEVICE_LINK,,
1102,000019c640002345,İKİZCE,B10,Numarasız 11,0,registered,unchanged,NO_DETERMINISTIC_DEVICE_LINK,,
1103,000019c640014029,İKİZCE,B10,Numarasız 12,0,registered,unchanged,NO_DETERMINISTIC_DEVICE_LINK,,
1104,000019c640002344,İKİZCE,B10,Numarasız 12,0,active,unchanged,NO_DETERMINISTIC_DEVICE_LINK,,
1105,000019c640014993,İKİZCE,B10,Numarasız 13,0,registered,unchanged,NO_DETERMINISTIC_DEVICE_LINK,,
1106,000019c600004924,İKİZCE,B10,Numarasız 13,0,registered,unchanged,NO_DETERMINISTIC_DEVICE_LINK,,
1107,000019c640018494,İKİZCE,B10,Numarasız 14,0,registered,unchanged,NO_DETERMINISTIC_DEVICE_LINK,,
1108,000019c600004926,İKİZCE,B10,Numarasız 14,0,registered,unchanged,NO_DETERMINISTIC_DEVICE_LINK,,
1109,000019c640019429,İKİZCE,B10,Numarasız 15,0,registered,unchanged,NO_DETERMINISTIC_DEVICE_LINK,,
1110,000019c640006490,İKİZCE,B10,Numarasız 15,0,active,unchanged,NO_DETERMINISTIC_DEVICE_LINK,,
1111,000019c640018490,İKİZCE,B10,Numarasız 16,0,registered,unchanged,NO_DETERMINISTIC_DEVICE_LINK,,
1112,000019c640001660,İKİZCE,B10,Numarasız 16,0,active,unchanged,NO_DETERMINISTIC_DEVICE_LINK,,
1113,000019c640015404,İKİZCE,B10,Numarasız 17,0,registered,unchanged,NO_DETERMINISTIC_DEVICE_LINK,,
1114,000019c600001662,İKİZCE,B10,Numarasız 17,0,registered,unchanged,NO_DETERMINISTIC_DEVICE_LINK,,
1115,000019c640019425,İKİZCE,B10,Numarasız 18,0,registered,unchanged,NO_DETERMINISTIC_DEVICE_LINK,,
1116,000019c640009811,İKİZCE,B10,Numarasız 18,0,active,unchanged,NO_DETERMINISTIC_DEVICE_LINK,,
1117,000019c640014998,İKİZCE,B10,Numarasız 19,0,registered,unchanged,NO_DETERMINISTIC_DEVICE_LINK,,
1118,000019c640008118,İKİZCE,B10,Numarasız 19,0,registered,unchanged,NO_DETERMINISTIC_DEVICE_LINK,,
1119,000019c640018478,İKİZCE,B10,Numarasız 2,0,registered,unchanged,NO_DETERMINISTIC_DEVICE_LINK,,
1120,000019c640007504,İKİZCE,B10,Numarasız 2,0,active,unchanged,NO_DETERMINISTIC_DEVICE_LINK,,
1121,000019c640014996,İKİZCE,B10,Numarasız 20,0,registered,unchanged,NO_DETERMINISTIC_DEVICE_LINK,,
1122,000019c640009527,İKİZCE,B10,Numarasız 20,0,registered,unchanged,NO_DETERMINISTIC_DEVICE_LINK,,
1123,000019c640016129,İKİZCE,B10,Numarasız 3,0,registered,unchanged,NO_DETERMINISTIC_DEVICE_LINK,,
1124,000019c640008811,İKİZCE,B10,Numarasız 3,0,registered,unchanged,NO_DETERMINISTIC_DEVICE_LINK,,
1125,000019c640015649,İKİZCE,B10,Numarasız 4,0,registered,unchanged,NO_DETERMINISTIC_DEVICE_LINK,,
1126,000019c600002220,İKİZCE,B10,Numarasız 4,0,registered,unchanged,NO_DETERMINISTIC_DEVICE_LINK,,
1127,000019c640014027,İKİZCE,B10,Numarasız 5,0,registered,unchanged,NO_DETERMINISTIC_DEVICE_LINK,,
1128,000019c640006256,İKİZCE,B10,Numarasız 5,0,registered,unchanged,NO_DETERMINISTIC_DEVICE_LINK,,
1129,000019c640016729,İKİZCE,B10,Numarasız 6,0,registered,unchanged,NO_DETERMINISTIC_DEVICE_LINK,,
1130,000019c640009522,İKİZCE,B10,Numarasız 6,0,registered,unchanged,NO_DETERMINISTIC_DEVICE_LINK,,
1131,000019c640016072,İKİZCE,B10,Numarasız 7,0,registered,unchanged,NO_DETERMINISTIC_DEVICE_LINK,,
1132,000019c640006252,İKİZCE,B10,Numarasız 7,0,registered,unchanged,NO_DETERMINISTIC_DEVICE_LINK,,
1133,000019c640016724,İKİZCE,B10,Numarasız 8,0,registered,unchanged,NO_DETERMINISTIC_DEVICE_LINK,,
1134,000019c640007500,İKİZCE,B10,Numarasız 8,0,active,unchanged,NO_DETERMINISTIC_DEVICE_LINK,,
1135,000019c640016074,İKİZCE,B10,Numarasız 9,0,registered,unchanged,NO_DETERMINISTIC_DEVICE_LINK,,
1136,000019c640006829,İKİZCE,B10,Numarasız 9,0,active,unchanged,NO_DETERMINISTIC_DEVICE_LINK,,
1137,000019c640011369,İKİZCE,B10,Ortak Alan,0,registered,unchanged,NO_DETERMINISTIC_DEVICE_LINK,,
1138,000019c640014994,İKİZCE,B11,Daire 1,0,registered,unchanged,NO_DETERMINISTIC_DEVICE_LINK,,
1139,000019c640008051,İKİZCE,B11,Daire 1,0,registered,unchanged,NO_DETERMINISTIC_DEVICE_LINK,,
1140,000019c640021302,İKİZCE,B11,Daire 10,0,registered,unchanged,NO_DETERMINISTIC_DEVICE_LINK,,
1141,000019c640006379,İKİZCE,B11,Daire 10,0,registered,unchanged,NO_DETERMINISTIC_DEVICE_LINK,,
1142,000019c640017452,İKİZCE,B11,Daire 11,0,registered,unchanged,NO_DETERMINISTIC_DEVICE_LINK,,
1143,000019c640008863,İKİZCE,B11,Daire 11,0,active,unchanged,NO_DETERMINISTIC_DEVICE_LINK,,
1144,000019c640019428,İKİZCE,B11,Daire 12,0,registered,unchanged,NO_DETERMINISTIC_DEVICE_LINK,,
1145,000019c640009785,İKİZCE,B11,Daire 12,0,registered,unchanged,NO_DETERMINISTIC_DEVICE_LINK,,
1146,000019c640017453,İKİZCE,B11,Daire 13,0,registered,unchanged,NO_DETERMINISTIC_DEVICE_LINK,,
1147,000019c640008864,İKİZCE,B11,Daire 13,0,active,unchanged,NO_DETERMINISTIC_DEVICE_LINK,,
1148,000019c640021459,İKİZCE,B11,Daire 14,0,registered,unchanged,NO_DETERMINISTIC_DEVICE_LINK,,
1149,000019c640005284,İKİZCE,B11,Daire 14,0,active,unchanged,NO_DETERMINISTIC_DEVICE_LINK,,
1150,000019c640017451,İKİZCE,B11,Daire 15,0,registered,unchanged,NO_DETERMINISTIC_DEVICE_LINK,,
1151,000019c640009190,İKİZCE,B11,Daire 15,0,registered,unchanged,NO_DETERMINISTIC_DEVICE_LINK,,
1152,000019c640017456,İKİZCE,B11,Daire 16,0,registered,unchanged,NO_DETERMINISTIC_DEVICE_LINK,,
1153,000019c640009886,İKİZCE,B11,Daire 16,0,registered,unchanged,NO_DETERMINISTIC_DEVICE_LINK,,
1154,000019c640015401,İKİZCE,B11,Daire 17,0,registered,unchanged,NO_DETERMINISTIC_DEVICE_LINK,,
1155,000019c640005280,İKİZCE,B11,Daire 17,0,active,unchanged,NO_DETERMINISTIC_DEVICE_LINK,,
1156,000019c640021453,İKİZCE,B11,Daire 18,0,registered,unchanged,NO_DETERMINISTIC_DEVICE_LINK,,
1157,000019c640005285,İKİZCE,B11,Daire 18,0,registered,unchanged,NO_DETERMINISTIC_DEVICE_LINK,,
1158,000019c640012358,İKİZCE,B11,Daire 19,0,registered,unchanged,NO_DETERMINISTIC_DEVICE_LINK,,
1159,000019c640009885,İKİZCE,B11,Daire 19,0,registered,unchanged,NO_DETERMINISTIC_DEVICE_LINK,,
1160,000019c640017458,İKİZCE,B11,Daire 2,0,registered,unchanged,NO_DETERMINISTIC_DEVICE_LINK,,
1161,000019c640006469,İKİZCE,B11,Daire 2,0,active,unchanged,NO_DETERMINISTIC_DEVICE_LINK,,
1162,000019c640019421,İKİZCE,B11,Daire 20,0,registered,unchanged,NO_DETERMINISTIC_DEVICE_LINK,,
1163,000019c640006780,İKİZCE,B11,Daire 3,0,registered,unchanged,NO_DETERMINISTIC_DEVICE_LINK,,
1164,000019c640014995,İKİZCE,B11,Daire 4,0,registered,unchanged,NO_DETERMINISTIC_DEVICE_LINK,,
1165,000019c640009787,İKİZCE,B11,Daire 4,0,registered,unchanged,NO_DETERMINISTIC_DEVICE_LINK,,
1166,000019c640017455,İKİZCE,B11,Daire 5,0,registered,unchanged,NO_DETERMINISTIC_DEVICE_LINK,,
1167,000019c640009194,İKİZCE,B11,Daire 5,0,registered,unchanged,NO_DETERMINISTIC_DEVICE_LINK,,
1168,000019c640021303,İKİZCE,B11,Daire 6,0,registered,unchanged,NO_DETERMINISTIC_DEVICE_LINK,,
1169,000019c640009789,İKİZCE,B11,Daire 6,0,registered,unchanged,NO_DETERMINISTIC_DEVICE_LINK,,
1170,000019c640017459,İKİZCE,B11,Daire 7,0,registered,unchanged,NO_DETERMINISTIC_DEVICE_LINK,,
1171,000019c640008972,İKİZCE,B11,Daire 7,0,registered,unchanged,NO_DETERMINISTIC_DEVICE_LINK,,
1172,000019c640021301,İKİZCE,B11,Daire 8,0,registered,unchanged,NO_DETERMINISTIC_DEVICE_LINK,,
1173,000019c640009889,İKİZCE,B11,Daire 8,0,registered,unchanged,NO_DETERMINISTIC_DEVICE_LINK,,
1174,000019c640021455,İKİZCE,B11,Daire 9,0,registered,unchanged,NO_DETERMINISTIC_DEVICE_LINK,,
1175,000019c640008861,İKİZCE,B11,Daire 9,0,registered,unchanged,NO_DETERMINISTIC_DEVICE_LINK,,
1176,000019c640009786,İKİZCE,B11,Kapıcı Dairesi,0,registered,unchanged,NO_DETERMINISTIC_DEVICE_LINK,,
1177,000019c640019456,İKİZCE,B11,Numarasız 1,0,registered,unchanged,NO_DETERMINISTIC_DEVICE_LINK,,
1178,000019c640007770,İKİZCE,B11,Numarasız 1,0,registered,unchanged,NO_DETERMINISTIC_DEVICE_LINK,,
1179,000019c640017421,İKİZCE,B11,Numarasız 10,0,registered,unchanged,NO_DETERMINISTIC_DEVICE_LINK,,
1180,000019c640007744,İKİZCE,B11,Numarasız 10,0,active,unchanged,NO_DETERMINISTIC_DEVICE_LINK,,
1181,000019c640012773,İKİZCE,B11,Numarasız 11,0,registered,unchanged,NO_DETERMINISTIC_DEVICE_LINK,,
1182,000019c640001806,İKİZCE,B11,Numarasız 11,0,registered,unchanged,NO_DETERMINISTIC_DEVICE_LINK,,
1183,000019c640012775,İKİZCE,B11,Numarasız 12,0,registered,unchanged,NO_DETERMINISTIC_DEVICE_LINK,,
1184,000019c640007097,İKİZCE,B11,Numarasız 12,0,registered,unchanged,NO_DETERMINISTIC_DEVICE_LINK,,
1185,000019c640012543,İKİZCE,B11,Numarasız 13,0,registered,unchanged,NO_DETERMINISTIC_DEVICE_LINK,,
1186,000019c640007332,İKİZCE,B11,Numarasız 13,0,active,unchanged,NO_DETERMINISTIC_DEVICE_LINK,,
1187,000019c640012771,İKİZCE,B11,Numarasız 14,0,registered,unchanged,NO_DETERMINISTIC_DEVICE_LINK,,
1188,000019c640007237,İKİZCE,B11,Numarasız 14,0,active,unchanged,NO_DETERMINISTIC_DEVICE_LINK,,
1189,000019c640015192,İKİZCE,B11,Numarasız 15,0,registered,unchanged,NO_DETERMINISTIC_DEVICE_LINK,,
1190,000019c600004377,İKİZCE,B11,Numarasız 15,0,registered,unchanged,NO_DETERMINISTIC_DEVICE_LINK,,
1191,000019c640015600,İKİZCE,B11,Numarasız 16,0,registered,unchanged,NO_DETERMINISTIC_DEVICE_LINK,,
1192,000019c640007338,İKİZCE,B11,Numarasız 16,0,registered,unchanged,NO_DETERMINISTIC_DEVICE_LINK,,
1193,000019c640015609,İKİZCE,B11,Numarasız 17,0,registered,unchanged,NO_DETERMINISTIC_DEVICE_LINK,,
1194,000019c600003866,İKİZCE,B11,Numarasız 17,0,registered,unchanged,NO_DETERMINISTIC_DEVICE_LINK,,
1195,000019c640016006,İKİZCE,B11,Numarasız 18,0,registered,unchanged,NO_DETERMINISTIC_DEVICE_LINK,,
1196,000019c640007720,İKİZCE,B11,Numarasız 18,0,active,unchanged,NO_DETERMINISTIC_DEVICE_LINK,,
1197,000019c640015608,İKİZCE,B11,Numarasız 19,0,active,unchanged,NO_DETERMINISTIC_DEVICE_LINK,,
1198,000019c600004773,İKİZCE,B11,Numarasız 19,0,registered,unchanged,NO_DETERMINISTIC_DEVICE_LINK,,
1199,000019c640019453,İKİZCE,B11,Numarasız 2,0,registered,unchanged,NO_DETERMINISTIC_DEVICE_LINK,,
1200,000019c640007092,İKİZCE,B11,Numarasız 2,0,registered,unchanged,NO_DETERMINISTIC_DEVICE_LINK,,
1201,000019c640012777,İKİZCE,B11,Numarasız 20,0,registered,unchanged,NO_DETERMINISTIC_DEVICE_LINK,,
1202,000019c640009946,İKİZCE,B11,Numarasız 20,0,active,unchanged,NO_DETERMINISTIC_DEVICE_LINK,,
1203,000019c640014291,İKİZCE,B11,Numarasız 3,0,registered,unchanged,NO_DETERMINISTIC_DEVICE_LINK,,
1204,000019c640007611,İKİZCE,B11,Numarasız 3,0,registered,unchanged,NO_DETERMINISTIC_DEVICE_LINK,,
1205,000019c640015190,İKİZCE,B11,Numarasız 4,0,registered,unchanged,NO_DETERMINISTIC_DEVICE_LINK,,
1206,000019c640007740,İKİZCE,B11,Numarasız 4,0,active,unchanged,NO_DETERMINISTIC_DEVICE_LINK,,
1207,000019c640014299,İKİZCE,B11,Numarasız 5,0,registered,unchanged,NO_DETERMINISTIC_DEVICE_LINK,,
1208,000019c640007614,İKİZCE,B11,Numarasız 5,0,registered,unchanged,NO_DETERMINISTIC_DEVICE_LINK,,
1209,000019c640017420,İKİZCE,B11,Numarasız 6,0,registered,unchanged,NO_DETERMINISTIC_DEVICE_LINK,,
1210,000019c640007613,İKİZCE,B11,Numarasız 6,0,registered,unchanged,NO_DETERMINISTIC_DEVICE_LINK,,
1211,000019c640012525,İKİZCE,B11,Numarasız 7,0,registered,unchanged,NO_DETERMINISTIC_DEVICE_LINK,,
1212,000019c640007617,İKİZCE,B11,Numarasız 7,0,registered,unchanged,NO_DETERMINISTIC_DEVICE_LINK,,
1213,000019c640015191,İKİZCE,B11,Numarasız 8,0,registered,unchanged,NO_DETERMINISTIC_DEVICE_LINK,,
1214,000019c600002061,İKİZCE,B11,Numarasız 8,0,registered,unchanged,NO_DETERMINISTIC_DEVICE_LINK,,
1215,000019c640017426,İKİZCE,B11,Numarasız 9,0,registered,unchanged,NO_DETERMINISTIC_DEVICE_LINK,,
1216,000019c640007748,İKİZCE,B11,Numarasız 9,0,registered,unchanged,NO_DETERMINISTIC_DEVICE_LINK,,
1217,000019c640022391,İKİZCE,B11,Ortak sayac,0,registered,unchanged,NO_DETERMINISTIC_DEVICE_LINK,,
1218,000019c640013388,İKİZCE,B12,Daire 1,0,registered,unchanged,NO_DETERMINISTIC_DEVICE_LINK,,
1219,000019c640015918,İKİZCE,B12,Daire 10,0,registered,unchanged,NO_DETERMINISTIC_DEVICE_LINK,,
1220,000019c640013389,İKİZCE,B12,Daire 11,0,registered,unchanged,NO_DETERMINISTIC_DEVICE_LINK,,
1221,000019c640015910,İKİZCE,B12,Daire 12,0,registered,unchanged,NO_DETERMINISTIC_DEVICE_LINK,,
1222,000019c640012741,İKİZCE,B12,Daire 13,0,registered,unchanged,NO_DETERMINISTIC_DEVICE_LINK,,
1223,000019c640016067,İKİZCE,B12,Daire 14,0,registered,unchanged,NO_DETERMINISTIC_DEVICE_LINK,,
1224,000019c640013382,İKİZCE,B12,Daire 15,0,registered,unchanged,NO_DETERMINISTIC_DEVICE_LINK,,
1225,000019c640013383,İKİZCE,B12,Daire 16,0,registered,unchanged,NO_DETERMINISTIC_DEVICE_LINK,,
1226,000019c640013387,İKİZCE,B12,Daire 17,0,registered,unchanged,NO_DETERMINISTIC_DEVICE_LINK,,
1227,000019c640016065,İKİZCE,B12,Daire 18,0,registered,unchanged,NO_DETERMINISTIC_DEVICE_LINK,,
1228,000019c640015037,İKİZCE,B12,Daire 19,0,registered,unchanged,NO_DETERMINISTIC_DEVICE_LINK,,
1229,000019c640016016,İKİZCE,B12,Daire 2,0,registered,unchanged,NO_DETERMINISTIC_DEVICE_LINK,,
1230,000019c640016060,İKİZCE,B12,Daire 20,0,registered,unchanged,NO_DETERMINISTIC_DEVICE_LINK,,
1231,000019c640016012,İKİZCE,B12,Daire 3,0,registered,unchanged,NO_DETERMINISTIC_DEVICE_LINK,,
1232,000019c640016011,İKİZCE,B12,Daire 4,0,registered,unchanged,NO_DETERMINISTIC_DEVICE_LINK,,
1233,000019c640016017,İKİZCE,B12,Daire 5,0,registered,unchanged,NO_DETERMINISTIC_DEVICE_LINK,,
1234,000019c640012610,İKİZCE,B12,Daire 6,0,registered,unchanged,NO_DETERMINISTIC_DEVICE_LINK,,
1235,000019c640012614,İKİZCE,B12,Daire 7,0,registered,unchanged,NO_DETERMINISTIC_DEVICE_LINK,,
1236,000019c640016018,İKİZCE,B12,Daire 8,0,registered,unchanged,NO_DETERMINISTIC_DEVICE_LINK,,
1237,000019c640014558,İKİZCE,B12,Daire 9,0,registered,unchanged,NO_DETERMINISTIC_DEVICE_LINK,,
1238,000019c640016333,İKİZCE,B12,Numarasız 1,0,registered,unchanged,NO_DETERMINISTIC_DEVICE_LINK,,
1239,000019c640007311,İKİZCE,B12,Numarasız 1,0,registered,unchanged,NO_DETERMINISTIC_DEVICE_LINK,,
1240,000019c640012168,İKİZCE,B12,Numarasız 10,0,active,unchanged,NO_DETERMINISTIC_DEVICE_LINK,,
1241,000019c640009188,İKİZCE,B12,Numarasız 10,0,registered,unchanged,NO_DETERMINISTIC_DEVICE_LINK,,
1242,000019c640014297,İKİZCE,B12,Numarasız 11,0,registered,unchanged,NO_DETERMINISTIC_DEVICE_LINK,,
1243,000019c640009420,İKİZCE,B12,Numarasız 11,0,registered,unchanged,NO_DETERMINISTIC_DEVICE_LINK,,
1244,000019c640014293,İKİZCE,B12,Numarasız 12,0,registered,unchanged,NO_DETERMINISTIC_DEVICE_LINK,,
1245,000019c640009287,İKİZCE,B12,Numarasız 12,0,registered,unchanged,NO_DETERMINISTIC_DEVICE_LINK,,
1246,000019c640014298,İKİZCE,B12,Numarasız 13,0,registered,unchanged,NO_DETERMINISTIC_DEVICE_LINK,,
1247,000019c640009400,İKİZCE,B12,Numarasız 13,0,registered,unchanged,NO_DETERMINISTIC_DEVICE_LINK,,
1248,000019c640016337,İKİZCE,B12,Numarasız 14,0,registered,unchanged,NO_DETERMINISTIC_DEVICE_LINK,,
1249,000019c640009185,İKİZCE,B12,Numarasız 14,0,active,unchanged,NO_DETERMINISTIC_DEVICE_LINK,,
1250,000019c640013327,İKİZCE,B12,Numarasız 15,0,registered,unchanged,NO_DETERMINISTIC_DEVICE_LINK,,
1251,000019c640005474,İKİZCE,B12,Numarasız 15,0,active,unchanged,NO_DETERMINISTIC_DEVICE_LINK,,
1252,000019c640016334,İKİZCE,B12,Numarasız 16,0,registered,unchanged,NO_DETERMINISTIC_DEVICE_LINK,,
1253,000019c640009182,İKİZCE,B12,Numarasız 16,0,registered,unchanged,NO_DETERMINISTIC_DEVICE_LINK,,
1254,000019c640016330,İKİZCE,B12,Numarasız 17,0,registered,unchanged,NO_DETERMINISTIC_DEVICE_LINK,,
1255,000019c640005716,İKİZCE,B12,Numarasız 17,0,active,unchanged,NO_DETERMINISTIC_DEVICE_LINK,,
1256,000019c640016339,İKİZCE,B12,Numarasız 18,0,registered,unchanged,NO_DETERMINISTIC_DEVICE_LINK,,
1257,000019c640009187,İKİZCE,B12,Numarasız 18,0,registered,unchanged,NO_DETERMINISTIC_DEVICE_LINK,,
1258,000019c640016338,İKİZCE,B12,Numarasız 19,0,registered,unchanged,NO_DETERMINISTIC_DEVICE_LINK,,
1259,000019c640009459,İKİZCE,B12,Numarasız 19,0,active,unchanged,NO_DETERMINISTIC_DEVICE_LINK,,
1260,000019c640016331,İKİZCE,B12,Numarasız 2,0,registered,unchanged,NO_DETERMINISTIC_DEVICE_LINK,,
1261,000019c640008166,İKİZCE,B12,Numarasız 2,0,registered,unchanged,NO_DETERMINISTIC_DEVICE_LINK,,
1262,000019c640017425,İKİZCE,B12,Numarasız 20,0,registered,unchanged,NO_DETERMINISTIC_DEVICE_LINK,,
1263,000019c640017474,İKİZCE,B12,Numarasız 3,0,registered,unchanged,NO_DETERMINISTIC_DEVICE_LINK,,
1264,000019c640007314,İKİZCE,B12,Numarasız 3,0,registered,unchanged,NO_DETERMINISTIC_DEVICE_LINK,,
1265,000019c640015183,İKİZCE,B12,Numarasız 4,0,registered,unchanged,NO_DETERMINISTIC_DEVICE_LINK,,
1266,000019c640006110,İKİZCE,B12,Numarasız 4,0,registered,unchanged,NO_DETERMINISTIC_DEVICE_LINK,,
1267,000019c640015188,İKİZCE,B12,Numarasız 5,0,registered,unchanged,NO_DETERMINISTIC_DEVICE_LINK,,
1268,000019c640009423,İKİZCE,B12,Numarasız 5,0,registered,unchanged,NO_DETERMINISTIC_DEVICE_LINK,,
1269,000019c640013320,İKİZCE,B12,Numarasız 6,0,registered,unchanged,NO_DETERMINISTIC_DEVICE_LINK,,
1270,000019c640008168,İKİZCE,B12,Numarasız 6,0,registered,unchanged,NO_DETERMINISTIC_DEVICE_LINK,,
1271,000019c640018256,İKİZCE,B12,Numarasız 7,0,registered,unchanged,NO_DETERMINISTIC_DEVICE_LINK,,
1272,000019c640009428,İKİZCE,B12,Numarasız 7,0,registered,unchanged,NO_DETERMINISTIC_DEVICE_LINK,,
1273,000019c640019418,İKİZCE,B12,Numarasız 8,0,registered,unchanged,NO_DETERMINISTIC_DEVICE_LINK,,
1274,000019c640009429,İKİZCE,B12,Numarasız 8,0,registered,unchanged,NO_DETERMINISTIC_DEVICE_LINK,,
1275,000019c640016332,İKİZCE,B12,Numarasız 9,0,registered,unchanged,NO_DETERMINISTIC_DEVICE_LINK,,
1276,000019c640009456,İKİZCE,B12,Numarasız 9,0,registered,unchanged,NO_DETERMINISTIC_DEVICE_LINK,,
1277,000019c640011389,İKİZCE,B12,Ortak sayac,0,registered,unchanged,NO_DETERMINISTIC_DEVICE_LINK,,
1278,000019c640018729,İKİZCE,B13,Daire 1,0,registered,unchanged,NO_DETERMINISTIC_DEVICE_LINK,,
1279,000019c640021529,İKİZCE,B13,Daire 10,0,registered,unchanged,NO_DETERMINISTIC_DEVICE_LINK,,
1280,000019c640020036,İKİZCE,B13,Daire 11,0,registered,unchanged,NO_DETERMINISTIC_DEVICE_LINK,,
1281,000019c640014910,İKİZCE,B13,Daire 12,0,registered,unchanged,NO_DETERMINISTIC_DEVICE_LINK,,
1282,000019c640021525,İKİZCE,B13,Daire 13,0,registered,unchanged,NO_DETERMINISTIC_DEVICE_LINK,,
1283,000019c640021524,İKİZCE,B13,Daire 14,0,active,unchanged,NO_DETERMINISTIC_DEVICE_LINK,,
1284,000019c640020032,İKİZCE,B13,Daire 15,0,registered,unchanged,NO_DETERMINISTIC_DEVICE_LINK,,
1285,000019c640020038,İKİZCE,B13,Daire 16,0,active,unchanged,NO_DETERMINISTIC_DEVICE_LINK,,
1286,000019c640020716,İKİZCE,B13,Daire 17,0,active,unchanged,NO_DETERMINISTIC_DEVICE_LINK,,
1287,000019c640021523,İKİZCE,B13,Daire 18,0,registered,unchanged,NO_DETERMINISTIC_DEVICE_LINK,,
1288,000019c640021521,İKİZCE,B13,Daire 19,0,registered,unchanged,NO_DETERMINISTIC_DEVICE_LINK,,
1289,000019c640014916,İKİZCE,B13,Daire 2,0,registered,unchanged,NO_DETERMINISTIC_DEVICE_LINK,,
1290,000019c640021528,İKİZCE,B13,Daire 20,0,registered,unchanged,NO_DETERMINISTIC_DEVICE_LINK,,
1291,000019c640019872,İKİZCE,B13,Daire 3,0,registered,unchanged,NO_DETERMINISTIC_DEVICE_LINK,,
1292,000019c640021526,İKİZCE,B13,Daire 4,0,registered,unchanged,NO_DETERMINISTIC_DEVICE_LINK,,
1293,000019c640014912,İKİZCE,B13,Daire 5,0,registered,unchanged,NO_DETERMINISTIC_DEVICE_LINK,,
1294,000019c640019874,İKİZCE,B13,Daire 6,0,registered,unchanged,NO_DETERMINISTIC_DEVICE_LINK,,
1295,000019c640014914,İKİZCE,B13,Daire 7,0,registered,unchanged,NO_DETERMINISTIC_DEVICE_LINK,,
1296,000019c640014915,İKİZCE,B13,Daire 8,0,registered,unchanged,NO_DETERMINISTIC_DEVICE_LINK,,
1297,000019c640020037,İKİZCE,B13,Daire 9,0,registered,unchanged,NO_DETERMINISTIC_DEVICE_LINK,,
1298,000019c640012790,İKİZCE,B13,Numarasız 1,0,registered,unchanged,NO_DETERMINISTIC_DEVICE_LINK,,
1299,000019c640007790,İKİZCE,B13,Numarasız 1,0,registered,unchanged,NO_DETERMINISTIC_DEVICE_LINK,,
1300,000019c640009677,İKİZCE,B13,Numarasız 1,0,active,unchanged,NO_DETERMINISTIC_DEVICE_LINK,,
1301,000019c640012996,İKİZCE,B13,Numarasız 10,0,registered,unchanged,NO_DETERMINISTIC_DEVICE_LINK,,
1302,000019c640009744,İKİZCE,B13,Numarasız 10,0,registered,unchanged,NO_DETERMINISTIC_DEVICE_LINK,,
1303,000019c640009821,İKİZCE,B13,Numarasız 10,0,registered,unchanged,NO_DETERMINISTIC_DEVICE_LINK,,
1304,000019c640012746,İKİZCE,B13,Numarasız 11,0,registered,unchanged,NO_DETERMINISTIC_DEVICE_LINK,,
1305,000019c640009746,İKİZCE,B13,Numarasız 11,0,registered,unchanged,NO_DETERMINISTIC_DEVICE_LINK,,
1306,000019c640009820,İKİZCE,B13,Numarasız 11,0,registered,unchanged,NO_DETERMINISTIC_DEVICE_LINK,,
1307,000019c640015942,İKİZCE,B13,Numarasız 12,0,registered,unchanged,NO_DETERMINISTIC_DEVICE_LINK,,
1308,000019c640009504,İKİZCE,B13,Numarasız 12,0,registered,unchanged,NO_DETERMINISTIC_DEVICE_LINK,,
1309,000019c640008803,İKİZCE,B13,Numarasız 12,0,registered,unchanged,NO_DETERMINISTIC_DEVICE_LINK,,
1310,000019c640015992,İKİZCE,B13,Numarasız 13,0,registered,unchanged,NO_DETERMINISTIC_DEVICE_LINK,,
1311,000019c640009176,İKİZCE,B13,Numarasız 13,0,registered,unchanged,NO_DETERMINISTIC_DEVICE_LINK,,
1312,000019c640008110,İKİZCE,B13,Numarasız 13,0,registered,unchanged,NO_DETERMINISTIC_DEVICE_LINK,,
1313,000019c640015995,İKİZCE,B13,Numarasız 14,0,registered,unchanged,NO_DETERMINISTIC_DEVICE_LINK,,
1314,000019c640007064,İKİZCE,B13,Numarasız 14,0,registered,unchanged,NO_DETERMINISTIC_DEVICE_LINK,,
1315,000019c640019221,İKİZCE,B13,Numarasız 14,0,active,unchanged,NO_DETERMINISTIC_DEVICE_LINK,,
1316,000019c640012617,İKİZCE,B13,Numarasız 15,0,registered,unchanged,NO_DETERMINISTIC_DEVICE_LINK,,
1317,000019c640006983,İKİZCE,B13,Numarasız 15,0,registered,unchanged,NO_DETERMINISTIC_DEVICE_LINK,,
1318,000019c600001669,İKİZCE,B13,Numarasız 15,0,registered,unchanged,NO_DETERMINISTIC_DEVICE_LINK,,
1319,000019c640015949,İKİZCE,B13,Numarasız 16,0,registered,unchanged,NO_DETERMINISTIC_DEVICE_LINK,,
1320,000019c640009175,İKİZCE,B13,Numarasız 16,0,registered,unchanged,NO_DETERMINISTIC_DEVICE_LINK,,
1321,000019c640019224,İKİZCE,B13,Numarasız 16,0,active,unchanged,NO_DETERMINISTIC_DEVICE_LINK,,
1322,000019c640012791,İKİZCE,B13,Numarasız 17,0,registered,unchanged,NO_DETERMINISTIC_DEVICE_LINK,,
1323,000019c640007068,İKİZCE,B13,Numarasız 17,0,registered,unchanged,NO_DETERMINISTIC_DEVICE_LINK,,
1324,000019c640007508,İKİZCE,B13,Numarasız 17,0,active,unchanged,NO_DETERMINISTIC_DEVICE_LINK,,
1325,000019c640015994,İKİZCE,B13,Numarasız 18,0,registered,unchanged,NO_DETERMINISTIC_DEVICE_LINK,,
1326,000019c640009736,İKİZCE,B13,Numarasız 18,0,registered,unchanged,NO_DETERMINISTIC_DEVICE_LINK,,
1327,000019c640009528,İKİZCE,B13,Numarasız 18,0,registered,unchanged,NO_DETERMINISTIC_DEVICE_LINK,,
1328,000019c640012794,İKİZCE,B13,Numarasız 19,0,registered,unchanged,NO_DETERMINISTIC_DEVICE_LINK,,
1329,000019c640009171,İKİZCE,B13,Numarasız 19,0,active,unchanged,NO_DETERMINISTIC_DEVICE_LINK,,
1330,000019c600001663,İKİZCE,B13,Numarasız 19,0,registered,unchanged,NO_DETERMINISTIC_DEVICE_LINK,,
1331,000019c640019293,İKİZCE,B13,Numarasız 2,0,registered,unchanged,NO_DETERMINISTIC_DEVICE_LINK,,
1332,000019c640006747,İKİZCE,B13,Numarasız 2,0,registered,unchanged,NO_DETERMINISTIC_DEVICE_LINK,,
1333,000019c600003050,İKİZCE,B13,Numarasız 2,0,registered,unchanged,NO_DETERMINISTIC_DEVICE_LINK,,
1334,000019c640015947,İKİZCE,B13,Numarasız 20,0,active,unchanged,NO_DETERMINISTIC_DEVICE_LINK,,
1335,000019c640009740,İKİZCE,B13,Numarasız 20,0,registered,unchanged,NO_DETERMINISTIC_DEVICE_LINK,,
1336,000019c640008115,İKİZCE,B13,Numarasız 20,0,active,unchanged,NO_DETERMINISTIC_DEVICE_LINK,,
1337,000019c640019541,İKİZCE,B13,Numarasız 3,0,registered,unchanged,NO_DETERMINISTIC_DEVICE_LINK,,
1338,000019c640006142,İKİZCE,B13,Numarasız 3,0,registered,unchanged,NO_DETERMINISTIC_DEVICE_LINK,,
1339,000019c640009823,İKİZCE,B13,Numarasız 3,0,active,unchanged,NO_DETERMINISTIC_DEVICE_LINK,,
1340,000019c640012747,İKİZCE,B13,Numarasız 4,0,registered,unchanged,NO_DETERMINISTIC_DEVICE_LINK,,
1341,000019c640006148,İKİZCE,B13,Numarasız 4,0,registered,unchanged,NO_DETERMINISTIC_DEVICE_LINK,,
1342,000019c640008810,İKİZCE,B13,Numarasız 4,0,registered,unchanged,NO_DETERMINISTIC_DEVICE_LINK,,
1343,000019c640015030,İKİZCE,B13,Numarasız 5,0,registered,unchanged,NO_DETERMINISTIC_DEVICE_LINK,,
1344,000019c640007795,İKİZCE,B13,Numarasız 5,0,registered,unchanged,NO_DETERMINISTIC_DEVICE_LINK,,
1345,000019c640008114,İKİZCE,B13,Numarasız 5,0,active,unchanged,NO_DETERMINISTIC_DEVICE_LINK,,
1346,000019c640012799,İKİZCE,B13,Numarasız 6,0,registered,unchanged,NO_DETERMINISTIC_DEVICE_LINK,,
1347,000019c640008285,İKİZCE,B13,Numarasız 6,0,registered,unchanged,NO_DETERMINISTIC_DEVICE_LINK,,
1348,000019c640006276,İKİZCE,B13,Numarasız 6,0,registered,unchanged,NO_DETERMINISTIC_DEVICE_LINK,,
1349,000019c640017376,İKİZCE,B13,Numarasız 7,0,registered,unchanged,NO_DETERMINISTIC_DEVICE_LINK,,
1350,000019c640006980,İKİZCE,B13,Numarasız 7,0,registered,unchanged,NO_DETERMINISTIC_DEVICE_LINK,,
1351,000019c640009828,İKİZCE,B13,Numarasız 7,0,registered,unchanged,NO_DETERMINISTIC_DEVICE_LINK,,
1352,000019c640015990,İKİZCE,B13,Numarasız 8,0,registered,unchanged,NO_DETERMINISTIC_DEVICE_LINK,,
1353,000019c640008284,İKİZCE,B13,Numarasız 8,0,active,unchanged,NO_DETERMINISTIC_DEVICE_LINK,,
1354,000019c640008809,İKİZCE,B13,Numarasız 8,0,registered,unchanged,NO_DETERMINISTIC_DEVICE_LINK,,
1355,000019c640019873,İKİZCE,B13,Numarasız 9,0,registered,unchanged,NO_DETERMINISTIC_DEVICE_LINK,,
1356,000019c640009509,İKİZCE,B13,Numarasız 9,0,registered,unchanged,NO_DETERMINISTIC_DEVICE_LINK,,
1357,000019c640005730,İKİZCE,B13,Numarasız 9,0,registered,unchanged,NO_DETERMINISTIC_DEVICE_LINK,,
1358,000019c640022337,İKİZCE,B13,Ortak sayac,0,registered,unchanged,NO_DETERMINISTIC_DEVICE_LINK,,
1359,000019c640016398,İKİZCE,B14,Daire 1,0,registered,unchanged,NO_DETERMINISTIC_DEVICE_LINK,,
1360,000019c640015774,İKİZCE,B14,Daire 10,0,registered,unchanged,NO_DETERMINISTIC_DEVICE_LINK,,
1361,000019c640015721,İKİZCE,B14,Daire 11,0,active,unchanged,NO_DETERMINISTIC_DEVICE_LINK,,
1362,000019c640020447,İKİZCE,B14,Daire 12,0,active,unchanged,NO_DETERMINISTIC_DEVICE_LINK,,
1363,000019c640012846,İKİZCE,B14,Daire 13,0,registered,unchanged,NO_DETERMINISTIC_DEVICE_LINK,,
1364,000019c640012843,İKİZCE,B14,Daire 14,0,active,unchanged,NO_DETERMINISTIC_DEVICE_LINK,,
1365,000019c640015724,İKİZCE,B14,Daire 15,0,registered,unchanged,NO_DETERMINISTIC_DEVICE_LINK,,
1366,000019c640012265,İKİZCE,B14,Daire 16,0,active,unchanged,NO_DETERMINISTIC_DEVICE_LINK,,
1367,000019c640022096,İKİZCE,B14,Daire 17,0,registered,unchanged,NO_DETERMINISTIC_DEVICE_LINK,,
1368,000019c640017343,İKİZCE,B14,Daire 18,0,active,unchanged,NO_DETERMINISTIC_DEVICE_LINK,,
1369,000019c640012173,İKİZCE,B14,Daire 19,0,registered,unchanged,NO_DETERMINISTIC_DEVICE_LINK,,
1370,000019c640018441,İKİZCE,B14,Daire 2,0,active,unchanged,NO_DETERMINISTIC_DEVICE_LINK,,
1371,000019c640017344,İKİZCE,B14,Daire 20,0,active,unchanged,NO_DETERMINISTIC_DEVICE_LINK,,
1372,000019c640015320,İKİZCE,B14,Daire 3,0,registered,unchanged,NO_DETERMINISTIC_DEVICE_LINK,,
1373,000019c640015722,İKİZCE,B14,Daire 4,0,registered,unchanged,NO_DETERMINISTIC_DEVICE_LINK,,
1374,000019c640014445,İKİZCE,B14,Daire 5,0,registered,unchanged,NO_DETERMINISTIC_DEVICE_LINK,,
1375,000019c640017449,İKİZCE,B14,Daire 6,0,registered,unchanged,NO_DETERMINISTIC_DEVICE_LINK,,
1376,000019c640012178,İKİZCE,B14,Daire 7,0,registered,unchanged,NO_DETERMINISTIC_DEVICE_LINK,,
1377,000019c640012847,İKİZCE,B14,Daire 8,0,registered,unchanged,NO_DETERMINISTIC_DEVICE_LINK,,
1378,000019c640013500,İKİZCE,B14,Daire 9,0,registered,unchanged,NO_DETERMINISTIC_DEVICE_LINK,,
1379,000019c640008833,İKİZCE,B14,Kapıcı Dairesi,0,registered,unchanged,NO_DETERMINISTIC_DEVICE_LINK,,
1380,000019c640016835,İKİZCE,B14,Numarasız 1,0,registered,unchanged,NO_DETERMINISTIC_DEVICE_LINK,,
1381,000019c640009234,İKİZCE,B14,Numarasız 1,0,registered,unchanged,NO_DETERMINISTIC_DEVICE_LINK,,
1382,000019c640014743,İKİZCE,B14,Numarasız 10,0,registered,unchanged,NO_DETERMINISTIC_DEVICE_LINK,,
1383,000019c640008763,İKİZCE,B14,Numarasız 10,0,active,unchanged,NO_DETERMINISTIC_DEVICE_LINK,,
1384,000019c640015376,İKİZCE,B14,Numarasız 11,0,registered,unchanged,NO_DETERMINISTIC_DEVICE_LINK,,
1385,000019c640009238,İKİZCE,B14,Numarasız 11,0,registered,unchanged,NO_DETERMINISTIC_DEVICE_LINK,,
1386,000019c640015372,İKİZCE,B14,Numarasız 12,0,registered,unchanged,NO_DETERMINISTIC_DEVICE_LINK,,
1387,000019c640009510,İKİZCE,B14,Numarasız 12,0,registered,unchanged,NO_DETERMINISTIC_DEVICE_LINK,,
1388,000019c640015386,İKİZCE,B14,Numarasız 13,0,registered,unchanged,NO_DETERMINISTIC_DEVICE_LINK,,
1389,000019c640006191,İKİZCE,B14,Numarasız 13,0,registered,unchanged,NO_DETERMINISTIC_DEVICE_LINK,,
1390,000019c640016475,İKİZCE,B14,Numarasız 14,0,registered,unchanged,NO_DETERMINISTIC_DEVICE_LINK,,
1391,000019c640006190,İKİZCE,B14,Numarasız 14,0,registered,unchanged,NO_DETERMINISTIC_DEVICE_LINK,,
1392,000019c640018715,İKİZCE,B14,Numarasız 15,0,registered,unchanged,NO_DETERMINISTIC_DEVICE_LINK,,
1393,000019c640006127,İKİZCE,B14,Numarasız 15,0,registered,unchanged,NO_DETERMINISTIC_DEVICE_LINK,,
1394,000019c640016831,İKİZCE,B14,Numarasız 16,0,registered,unchanged,NO_DETERMINISTIC_DEVICE_LINK,,
1395,000019c640006121,İKİZCE,B14,Numarasız 16,0,active,unchanged,NO_DETERMINISTIC_DEVICE_LINK,,
1396,000019c640014741,İKİZCE,B14,Numarasız 17,0,registered,unchanged,NO_DETERMINISTIC_DEVICE_LINK,,
1397,000019c640006129,İKİZCE,B14,Numarasız 17,0,active,unchanged,NO_DETERMINISTIC_DEVICE_LINK,,
1398,000019c640015389,İKİZCE,B14,Numarasız 18,0,registered,unchanged,NO_DETERMINISTIC_DEVICE_LINK,,
1399,000019c640009700,İKİZCE,B14,Numarasız 18,0,registered,unchanged,NO_DETERMINISTIC_DEVICE_LINK,,
1400,000019c640015378,İKİZCE,B14,Numarasız 19,0,active,unchanged,NO_DETERMINISTIC_DEVICE_LINK,,
1401,000019c640009704,İKİZCE,B14,Numarasız 19,0,registered,unchanged,NO_DETERMINISTIC_DEVICE_LINK,,
1402,000019c640014746,İKİZCE,B14,Numarasız 2,0,registered,unchanged,NO_DETERMINISTIC_DEVICE_LINK,,
1403,000019c640008760,İKİZCE,B14,Numarasız 2,0,registered,unchanged,NO_DETERMINISTIC_DEVICE_LINK,,
1404,000019c640019134,İKİZCE,B14,Numarasız 20,0,registered,unchanged,NO_DETERMINISTIC_DEVICE_LINK,,
1405,000019c640009236,İKİZCE,B14,Numarasız 3,0,active,unchanged,NO_DETERMINISTIC_DEVICE_LINK,,
1406,000019c640008175,İKİZCE,B14,Numarasız 4,0,registered,unchanged,NO_DETERMINISTIC_DEVICE_LINK,,
1407,000019c640014748,İKİZCE,B14,Numarasız 5,0,active,unchanged,NO_DETERMINISTIC_DEVICE_LINK,,
1408,000019c640008766,İKİZCE,B14,Numarasız 5,0,active,unchanged,NO_DETERMINISTIC_DEVICE_LINK,,
1409,000019c640016477,İKİZCE,B14,Numarasız 6,0,active,unchanged,NO_DETERMINISTIC_DEVICE_LINK,,
1410,000019c640008767,İKİZCE,B14,Numarasız 6,0,registered,unchanged,NO_DETERMINISTIC_DEVICE_LINK,,
1411,000019c640015046,İKİZCE,B14,Numarasız 7,0,registered,unchanged,NO_DETERMINISTIC_DEVICE_LINK,,
1412,000019c640008179,İKİZCE,B14,Numarasız 7,0,registered,unchanged,NO_DETERMINISTIC_DEVICE_LINK,,
1413,000019c640015380,İKİZCE,B14,Numarasız 8,0,registered,unchanged,NO_DETERMINISTIC_DEVICE_LINK,,
1414,000019c640009705,İKİZCE,B14,Numarasız 8,0,active,unchanged,NO_DETERMINISTIC_DEVICE_LINK,,
1415,000019c640015371,İKİZCE,B14,Numarasız 9,0,registered,unchanged,NO_DETERMINISTIC_DEVICE_LINK,,
1416,000019c640009512,İKİZCE,B14,Numarasız 9,0,registered,unchanged,NO_DETERMINISTIC_DEVICE_LINK,,
1417,000019c640022226,İKİZCE,B14,Ortak Alan,0,registered,unchanged,NO_DETERMINISTIC_DEVICE_LINK,,
1418,000019c640021305,İKİZCE,B15,Daire 1,0,registered,unchanged,NO_DETERMINISTIC_DEVICE_LINK,,
1419,000019c640009338,İKİZCE,B15,Daire 1,0,active,unchanged,NO_DETERMINISTIC_DEVICE_LINK,,
1420,000019c640021143,İKİZCE,B15,Daire 10,0,registered,unchanged,NO_DETERMINISTIC_DEVICE_LINK,,
1421,000019c640009332,İKİZCE,B15,Daire 10,0,registered,unchanged,NO_DETERMINISTIC_DEVICE_LINK,,
1422,000019c640021502,İKİZCE,B15,Daire 11,0,registered,unchanged,NO_DETERMINISTIC_DEVICE_LINK,,
1423,000019c640005715,İKİZCE,B15,Daire 11,0,registered,unchanged,NO_DETERMINISTIC_DEVICE_LINK,,
1424,000019c640020713,İKİZCE,B15,Daire 12,0,registered,unchanged,NO_DETERMINISTIC_DEVICE_LINK,,
1425,000019c640006489,İKİZCE,B15,Daire 12,0,active,unchanged,NO_DETERMINISTIC_DEVICE_LINK,,
1426,000019c640017442,İKİZCE,B15,Daire 13,0,registered,unchanged,NO_DETERMINISTIC_DEVICE_LINK,,
1427,000019c640009499,İKİZCE,B15,Daire 13,0,active,unchanged,NO_DETERMINISTIC_DEVICE_LINK,,
1428,000019c640012793,İKİZCE,B15,Daire 14,0,registered,unchanged,NO_DETERMINISTIC_DEVICE_LINK,,
1429,000019c640008133,İKİZCE,B15,Daire 14,0,registered,unchanged,NO_DETERMINISTIC_DEVICE_LINK,,
1430,000019c640012863,İKİZCE,B15,Daire 15,0,registered,unchanged,NO_DETERMINISTIC_DEVICE_LINK,,
1431,000019c640009493,İKİZCE,B15,Daire 15,0,registered,unchanged,NO_DETERMINISTIC_DEVICE_LINK,,
1432,000019c640015365,İKİZCE,B15,Daire 16,0,registered,unchanged,NO_DETERMINISTIC_DEVICE_LINK,,
1433,000019c640008134,İKİZCE,B15,Daire 16,0,registered,unchanged,NO_DETERMINISTIC_DEVICE_LINK,,
1434,000019c640017446,İKİZCE,B15,Daire 17,0,registered,unchanged,NO_DETERMINISTIC_DEVICE_LINK,,
1435,000019c640009497,İKİZCE,B15,Daire 17,0,active,unchanged,NO_DETERMINISTIC_DEVICE_LINK,,
1436,000019c640012807,İKİZCE,B15,Daire 18,0,active,unchanged,NO_DETERMINISTIC_DEVICE_LINK,,
1437,000019c640008136,İKİZCE,B15,Daire 18,0,active,unchanged,NO_DETERMINISTIC_DEVICE_LINK,,
1438,000019c640015366,İKİZCE,B15,Daire 19,0,registered,unchanged,NO_DETERMINISTIC_DEVICE_LINK,,
1439,000019c640009408,İKİZCE,B15,Daire 19,0,active,unchanged,NO_DETERMINISTIC_DEVICE_LINK,,
1440,000019c640016378,İKİZCE,B15,Daire 2,0,registered,unchanged,NO_DETERMINISTIC_DEVICE_LINK,,
1441,000019c640009334,İKİZCE,B15,Daire 2,0,active,unchanged,NO_DETERMINISTIC_DEVICE_LINK,,
1442,000019c640012860,İKİZCE,B15,Daire 20,0,active,unchanged,NO_DETERMINISTIC_DEVICE_LINK,,
1443,000019c640008412,İKİZCE,B15,Daire 20,0,registered,unchanged,NO_DETERMINISTIC_DEVICE_LINK,,
1444,000019c640018876,İKİZCE,B15,Daire 3,0,registered,unchanged,NO_DETERMINISTIC_DEVICE_LINK,,
1445,000019c640008138,İKİZCE,B15,Daire 3,0,registered,unchanged,NO_DETERMINISTIC_DEVICE_LINK,,
1446,000019c640017447,İKİZCE,B15,Daire 4,0,registered,unchanged,NO_DETERMINISTIC_DEVICE_LINK,,
1447,000019c640005711,İKİZCE,B15,Daire 4,0,registered,unchanged,NO_DETERMINISTIC_DEVICE_LINK,,
1448,000019c640012801,İKİZCE,B15,Daire 5,0,registered,unchanged,NO_DETERMINISTIC_DEVICE_LINK,,
1449,000019c640009189,İKİZCE,B15,Daire 5,0,active,unchanged,NO_DETERMINISTIC_DEVICE_LINK,,
1450,000019c640017375,İKİZCE,B15,Daire 6,0,registered,unchanged,NO_DETERMINISTIC_DEVICE_LINK,,
1451,000019c640009494,İKİZCE,B15,Daire 6,0,registered,unchanged,NO_DETERMINISTIC_DEVICE_LINK,,
1452,000019c640017378,İKİZCE,B15,Daire 7,0,registered,unchanged,NO_DETERMINISTIC_DEVICE_LINK,,
1453,000019c640009495,İKİZCE,B15,Daire 7,0,active,unchanged,NO_DETERMINISTIC_DEVICE_LINK,,
1454,000019c640021306,İKİZCE,B15,Daire 8,0,registered,unchanged,NO_DETERMINISTIC_DEVICE_LINK,,
1455,000019c640005719,İKİZCE,B15,Daire 8,0,active,unchanged,NO_DETERMINISTIC_DEVICE_LINK,,
1456,000019c640021503,İKİZCE,B15,Daire 9,0,registered,unchanged,NO_DETERMINISTIC_DEVICE_LINK,,
1457,000019c640008418,İKİZCE,B15,Daire 9,0,active,unchanged,NO_DETERMINISTIC_DEVICE_LINK,,
1458,000019c640022378,İKİZCE,B15,Ortak alan,0,registered,unchanged,NO_DETERMINISTIC_DEVICE_LINK,,
1459,000019c640007981,İKİZCE,B16,Daire 10,0,registered,unchanged,NO_DETERMINISTIC_DEVICE_LINK,,
1460,000019c640009191,İKİZCE,B16,Kapıcı Dairesi,0,registered,unchanged,NO_DETERMINISTIC_DEVICE_LINK,,
1461,000019c640007986,İKİZCE,B16,Numarasız 1,0,registered,unchanged,NO_DETERMINISTIC_DEVICE_LINK,,
1462,000019c640005612,İKİZCE,B16,Numarasız 11,0,registered,unchanged,NO_DETERMINISTIC_DEVICE_LINK,,
1463,000019c640005615,İKİZCE,B16,Numarasız 12,0,active,unchanged,NO_DETERMINISTIC_DEVICE_LINK,,
1464,000019c640007984,İKİZCE,B16,Numarasız 13,0,active,unchanged,NO_DETERMINISTIC_DEVICE_LINK,,
1465,000019c640005618,İKİZCE,B16,Numarasız 14,0,registered,unchanged,NO_DETERMINISTIC_DEVICE_LINK,,
1466,000019c640005619,İKİZCE,B16,Numarasız 15,0,active,unchanged,NO_DETERMINISTIC_DEVICE_LINK,,
1467,000019c640006120,İKİZCE,B16,Numarasız 16,0,active,unchanged,NO_DETERMINISTIC_DEVICE_LINK,,
1468,000019c640006199,İKİZCE,B16,Numarasız 17,0,registered,unchanged,NO_DETERMINISTIC_DEVICE_LINK,,
1469,000019c640006125,İKİZCE,B16,Numarasız 18,0,active,unchanged,NO_DETERMINISTIC_DEVICE_LINK,,
1470,000019c640009701,İKİZCE,B16,Numarasız 19,0,active,unchanged,NO_DETERMINISTIC_DEVICE_LINK,,
1471,000019c640009192,İKİZCE,B16,Numarasız 2,0,registered,unchanged,NO_DETERMINISTIC_DEVICE_LINK,,
1472,000019c640007695,İKİZCE,B16,Numarasız 3,0,registered,unchanged,NO_DETERMINISTIC_DEVICE_LINK,,
1473,000019c640005617,İKİZCE,B16,Numarasız 4,0,registered,unchanged,NO_DETERMINISTIC_DEVICE_LINK,,
1474,000019c640008079,İKİZCE,B16,Numarasız 5,0,registered,unchanged,NO_DETERMINISTIC_DEVICE_LINK,,
1475,000019c640008074,İKİZCE,B16,Numarasız 6,0,registered,unchanged,NO_DETERMINISTIC_DEVICE_LINK,,
1476,000019c640008978,İKİZCE,B16,Numarasız 7,0,registered,unchanged,NO_DETERMINISTIC_DEVICE_LINK,,
1477,000019c640008975,İKİZCE,B16,Numarasız 8,0,registered,unchanged,NO_DETERMINISTIC_DEVICE_LINK,,
1478,000019c640007983,İKİZCE,B16,Numarasız 9,0,active,unchanged,NO_DETERMINISTIC_DEVICE_LINK,,
1479,000019c640022298,İKİZCE,B16,Ortak alan,0,registered,unchanged,NO_DETERMINISTIC_DEVICE_LINK,,
1480,000019c640008522,İKİZCE,B17,Numarasız 1,0,registered,unchanged,NO_DETERMINISTIC_DEVICE_LINK,,
1481,000019c640009233,İKİZCE,B17,Numarasız 10,0,registered,unchanged,NO_DETERMINISTIC_DEVICE_LINK,,
1482,000019c640009232,İKİZCE,B17,Numarasız 11,0,registered,unchanged,NO_DETERMINISTIC_DEVICE_LINK,,
1483,000019c640006992,İKİZCE,B17,Numarasız 12,0,registered,unchanged,NO_DETERMINISTIC_DEVICE_LINK,,
1484,000019c640008226,İKİZCE,B17,Numarasız 13,0,active,unchanged,NO_DETERMINISTIC_DEVICE_LINK,,
1485,000019c640008744,İKİZCE,B17,Numarasız 14,0,registered,unchanged,NO_DETERMINISTIC_DEVICE_LINK,,
1486,000019c640009733,İKİZCE,B17,Numarasız 15,0,registered,unchanged,NO_DETERMINISTIC_DEVICE_LINK,,
1487,000019c640006718,İKİZCE,B17,Numarasız 16,0,registered,unchanged,NO_DETERMINISTIC_DEVICE_LINK,,
1488,000019c640008399,İKİZCE,B17,Numarasız 17,0,registered,unchanged,NO_DETERMINISTIC_DEVICE_LINK,,
1489,000019c640009367,İKİZCE,B17,Numarasız 18,0,active,unchanged,NO_DETERMINISTIC_DEVICE_LINK,,
1490,000019c640008227,İKİZCE,B17,Numarasız 19,0,active,unchanged,NO_DETERMINISTIC_DEVICE_LINK,,
1491,000019c640008176,İKİZCE,B17,Numarasız 2,0,registered,unchanged,NO_DETERMINISTIC_DEVICE_LINK,,
1492,000019c640009239,İKİZCE,B17,Numarasız 20,0,active,unchanged,NO_DETERMINISTIC_DEVICE_LINK,,
1493,000019c640009230,İKİZCE,B17,Numarasız 3,0,registered,unchanged,NO_DETERMINISTIC_DEVICE_LINK,,
1494,000019c640008170,İKİZCE,B17,Numarasız 4,0,registered,unchanged,NO_DETERMINISTIC_DEVICE_LINK,,
1495,000019c640007916,İKİZCE,B17,Numarasız 5,0,registered,unchanged,NO_DETERMINISTIC_DEVICE_LINK,,
1496,000019c640008831,İKİZCE,B17,Numarasız 6,0,registered,unchanged,NO_DETERMINISTIC_DEVICE_LINK,,
1497,000019c640008830,İKİZCE,B17,Numarasız 7,0,registered,unchanged,NO_DETERMINISTIC_DEVICE_LINK,,
1498,000019c640008838,İKİZCE,B17,Numarasız 8,0,registered,unchanged,NO_DETERMINISTIC_DEVICE_LINK,,
1499,000019c640008177,İKİZCE,B17,Numarasız 9,0,registered,unchanged,NO_DETERMINISTIC_DEVICE_LINK,,
1500,000019c640022363,İKİZCE,B17,Ortak sayac,0,registered,unchanged,NO_DETERMINISTIC_DEVICE_LINK,,
1501,000019c640007635,İKİZCE,B2,Daire 1,0,registered,unchanged,NO_DETERMINISTIC_DEVICE_LINK,,
1502,000019c640015367,İKİZCE,B2,Daire 1,0,registered,unchanged,NO_DETERMINISTIC_DEVICE_LINK,,
1503,000019c640005487,İKİZCE,B2,Daire 1,0,registered,unchanged,NO_DETERMINISTIC_DEVICE_LINK,,
1504,000019c600001775,İKİZCE,B2,Daire 1,0,registered,unchanged,NO_DETERMINISTIC_DEVICE_LINK,,
1505,000019c600001050,İKİZCE,B2,Daire 10,0,registered,unchanged,NO_DETERMINISTIC_DEVICE_LINK,,
1506,000019c640018992,İKİZCE,B2,Daire 10,0,registered,unchanged,NO_DETERMINISTIC_DEVICE_LINK,,
1507,000019c640006146,İKİZCE,B2,Daire 10,0,registered,unchanged,NO_DETERMINISTIC_DEVICE_LINK,,
1508,000019c600004638,İKİZCE,B2,Daire 10,0,active,unchanged,NO_DETERMINISTIC_DEVICE_LINK,,
1509,000019c640005050,İKİZCE,B2,Daire 11,0,active,unchanged,NO_DETERMINISTIC_DEVICE_LINK,,
1510,000019c640015100,İKİZCE,B2,Daire 11,0,registered,unchanged,NO_DETERMINISTIC_DEVICE_LINK,,
1511,000019c640009684,İKİZCE,B2,Daire 11,0,registered,unchanged,NO_DETERMINISTIC_DEVICE_LINK,,
1512,000019c600004631,İKİZCE,B2,Daire 11,0,active,unchanged,NO_DETERMINISTIC_DEVICE_LINK,,
1513,000019c640007633,İKİZCE,B2,Daire 12,0,active,unchanged,NO_DETERMINISTIC_DEVICE_LINK,,
1514,000019c640012930,İKİZCE,B2,Daire 12,0,registered,unchanged,NO_DETERMINISTIC_DEVICE_LINK,,
1515,000019c640006141,İKİZCE,B2,Daire 12,0,registered,unchanged,NO_DETERMINISTIC_DEVICE_LINK,,
1516,000019c640001770,İKİZCE,B2,Daire 12,0,registered,unchanged,NO_DETERMINISTIC_DEVICE_LINK,,
1517,000019c640005049,İKİZCE,B2,Daire 13,0,active,unchanged,NO_DETERMINISTIC_DEVICE_LINK,,
1518,000019c640012742,İKİZCE,B2,Daire 13,0,active,unchanged,NO_DETERMINISTIC_DEVICE_LINK,,
1519,000019c640009906,İKİZCE,B2,Daire 13,0,registered,unchanged,NO_DETERMINISTIC_DEVICE_LINK,,
1520,000019c600004365,İKİZCE,B2,Daire 13,0,registered,unchanged,NO_DETERMINISTIC_DEVICE_LINK,,
1521,000019c640005040,İKİZCE,B2,Daire 14,0,active,unchanged,NO_DETERMINISTIC_DEVICE_LINK,,
1522,000019c640017372,İKİZCE,B2,Daire 14,0,registered,unchanged,NO_DETERMINISTIC_DEVICE_LINK,,
1523,000019c640009178,İKİZCE,B2,Daire 14,0,active,unchanged,NO_DETERMINISTIC_DEVICE_LINK,,
1524,000019c600003530,İKİZCE,B2,Daire 14,0,registered,unchanged,NO_DETERMINISTIC_DEVICE_LINK,,
1525,000019c640007304,İKİZCE,B2,Daire 15,0,active,unchanged,NO_DETERMINISTIC_DEVICE_LINK,,
1526,000019c640017364,İKİZCE,B2,Daire 15,0,registered,unchanged,NO_DETERMINISTIC_DEVICE_LINK,,
1527,000019c640009904,İKİZCE,B2,Daire 15,0,registered,unchanged,NO_DETERMINISTIC_DEVICE_LINK,,
1528,000019c640004632,İKİZCE,B2,Daire 15,0,registered,unchanged,NO_DETERMINISTIC_DEVICE_LINK,,
1529,000019c640006178,İKİZCE,B2,Daire 16,0,active,unchanged,NO_DETERMINISTIC_DEVICE_LINK,,
1530,000019c640017443,İKİZCE,B2,Daire 16,0,registered,unchanged,NO_DETERMINISTIC_DEVICE_LINK,,
1531,000019c640006016,İKİZCE,B2,Daire 16,0,registered,unchanged,NO_DETERMINISTIC_DEVICE_LINK,,
1532,000019c600001778,İKİZCE,B2,Daire 16,0,active,unchanged,NO_DETERMINISTIC_DEVICE_LINK,,
1533,000019c640005044,İKİZCE,B2,Daire 17,0,active,unchanged,NO_DETERMINISTIC_DEVICE_LINK,,
1534,000019c640014919,İKİZCE,B2,Daire 17,0,active,unchanged,NO_DETERMINISTIC_DEVICE_LINK,,
1535,000019c640007259,İKİZCE,B2,Daire 17,0,registered,unchanged,NO_DETERMINISTIC_DEVICE_LINK,,
1536,000019c640003032,İKİZCE,B2,Daire 17,0,active,unchanged,NO_DETERMINISTIC_DEVICE_LINK,,
1537,000019c640005127,İKİZCE,B2,Daire 18,0,active,unchanged,NO_DETERMINISTIC_DEVICE_LINK,,
1538,000019c640018721,İKİZCE,B2,Daire 18,0,registered,unchanged,NO_DETERMINISTIC_DEVICE_LINK,,
1539,000019c640007559,İKİZCE,B2,Daire 18,0,registered,unchanged,NO_DETERMINISTIC_DEVICE_LINK,,
1540,000019c600001777,İKİZCE,B2,Daire 18,0,registered,unchanged,NO_DETERMINISTIC_DEVICE_LINK,,
1541,000019c640005637,İKİZCE,B2,Daire 19,0,active,unchanged,NO_DETERMINISTIC_DEVICE_LINK,,
1542,000019c640006501,İKİZCE,B2,Daire 19,0,registered,unchanged,NO_DETERMINISTIC_DEVICE_LINK,,
1543,000019c600004821,İKİZCE,B2,Daire 19,0,registered,unchanged,NO_DETERMINISTIC_DEVICE_LINK,,
1544,000019c640006569,İKİZCE,B2,Daire 2,0,registered,unchanged,NO_DETERMINISTIC_DEVICE_LINK,,
1545,000019c640012842,İKİZCE,B2,Daire 2,0,registered,unchanged,NO_DETERMINISTIC_DEVICE_LINK,,
1546,000019c640008970,İKİZCE,B2,Daire 2,0,registered,unchanged,NO_DETERMINISTIC_DEVICE_LINK,,
1547,000019c600004639,İKİZCE,B2,Daire 2,0,registered,unchanged,NO_DETERMINISTIC_DEVICE_LINK,,
1548,000019c640007638,İKİZCE,B2,Daire 20,0,active,unchanged,NO_DETERMINISTIC_DEVICE_LINK,,
1549,000019c640007250,İKİZCE,B2,Daire 20,0,registered,unchanged,NO_DETERMINISTIC_DEVICE_LINK,,
1550,000019c640005046,İKİZCE,B2,Daire 3,0,active,unchanged,NO_DETERMINISTIC_DEVICE_LINK,,
1551,000019c640018873,İKİZCE,B2,Daire 3,0,registered,unchanged,NO_DETERMINISTIC_DEVICE_LINK,,
1552,000019c640009199,İKİZCE,B2,Daire 3,0,registered,unchanged,NO_DETERMINISTIC_DEVICE_LINK,,
1553,000019c600001774,İKİZCE,B2,Daire 3,0,registered,unchanged,NO_DETERMINISTIC_DEVICE_LINK,,
1554,000019c640005048,İKİZCE,B2,Daire 4,0,active,unchanged,NO_DETERMINISTIC_DEVICE_LINK,,
1555,000019c640017342,İKİZCE,B2,Daire 4,0,registered,unchanged,NO_DETERMINISTIC_DEVICE_LINK,,
1556,000019c640008282,İKİZCE,B2,Daire 4,0,registered,unchanged,NO_DETERMINISTIC_DEVICE_LINK,,
1557,000019c600001772,İKİZCE,B2,Daire 4,0,registered,unchanged,NO_DETERMINISTIC_DEVICE_LINK,,
1558,000019c640006173,İKİZCE,B2,Daire 5,0,active,unchanged,NO_DETERMINISTIC_DEVICE_LINK,,
1559,000019c640021527,İKİZCE,B2,Daire 5,0,registered,unchanged,NO_DETERMINISTIC_DEVICE_LINK,,
1560,000019c640006097,İKİZCE,B2,Daire 5,0,registered,unchanged,NO_DETERMINISTIC_DEVICE_LINK,,
1561,000019c600004827,İKİZCE,B2,Daire 5,0,active,unchanged,NO_DETERMINISTIC_DEVICE_LINK,,
1562,000019c600001329,İKİZCE,B2,Daire 6,0,active,unchanged,NO_DETERMINISTIC_DEVICE_LINK,,
1563,000019c640016020,İKİZCE,B2,Daire 6,0,active,unchanged,NO_DETERMINISTIC_DEVICE_LINK,,
1564,000019c640006745,İKİZCE,B2,Daire 6,0,registered,unchanged,NO_DETERMINISTIC_DEVICE_LINK,,
1565,000019c600004636,İKİZCE,B2,Daire 6,0,registered,unchanged,NO_DETERMINISTIC_DEVICE_LINK,,
1566,000019c640007305,İKİZCE,B2,Daire 7,0,registered,unchanged,NO_DETERMINISTIC_DEVICE_LINK,,
1567,000019c640018140,İKİZCE,B2,Daire 7,0,registered,unchanged,NO_DETERMINISTIC_DEVICE_LINK,,
1568,000019c640007799,İKİZCE,B2,Daire 7,0,registered,unchanged,NO_DETERMINISTIC_DEVICE_LINK,,
1569,000019c600003507,İKİZCE,B2,Daire 7,0,registered,unchanged,NO_DETERMINISTIC_DEVICE_LINK,,
1570,000019c600003183,İKİZCE,B2,Daire 8,0,active,unchanged,NO_DETERMINISTIC_DEVICE_LINK,,
1571,000019c640016034,İKİZCE,B2,Daire 8,0,registered,unchanged,NO_DETERMINISTIC_DEVICE_LINK,,
1572,000019c640008287,İKİZCE,B2,Daire 8,0,registered,unchanged,NO_DETERMINISTIC_DEVICE_LINK,,
1573,000019c600003981,İKİZCE,B2,Daire 8,0,registered,unchanged,NO_DETERMINISTIC_DEVICE_LINK,,
1574,000019c640006568,İKİZCE,B2,Daire 9,0,active,unchanged,NO_DETERMINISTIC_DEVICE_LINK,,
1575,000019c640018142,İKİZCE,B2,Daire 9,0,active,unchanged,NO_DETERMINISTIC_DEVICE_LINK,,
1576,000019c640006149,İKİZCE,B2,Daire 9,0,registered,unchanged,NO_DETERMINISTIC_DEVICE_LINK,,
1577,000019c600004824,İKİZCE,B2,Daire 9,0,registered,unchanged,NO_DETERMINISTIC_DEVICE_LINK,,
1578,000019c600002272,İKİZCE,B2,Kapıcı Dairesi,0,registered,unchanged,NO_DETERMINISTIC_DEVICE_LINK,,
1579,000019c640012164,İKİZCE,B2,Numarasız 1,0,registered,unchanged,NO_DETERMINISTIC_DEVICE_LINK,,
1580,000019c640012167,İKİZCE,B2,Numarasız 10,0,registered,unchanged,NO_DETERMINISTIC_DEVICE_LINK,,
1581,000019c640019459,İKİZCE,B2,Numarasız 11,0,registered,unchanged,NO_DETERMINISTIC_DEVICE_LINK,,
1582,000019c640012165,İKİZCE,B2,Numarasız 12,0,active,unchanged,NO_DETERMINISTIC_DEVICE_LINK,,
1583,000019c640019026,İKİZCE,B2,Numarasız 13,0,active,unchanged,NO_DETERMINISTIC_DEVICE_LINK,,
1584,000019c640012163,İKİZCE,B2,Numarasız 14,0,registered,unchanged,NO_DETERMINISTIC_DEVICE_LINK,,
1585,000019c640018258,İKİZCE,B2,Numarasız 15,0,active,unchanged,NO_DETERMINISTIC_DEVICE_LINK,,
1586,000019c640016002,İKİZCE,B2,Numarasız 16,0,registered,unchanged,NO_DETERMINISTIC_DEVICE_LINK,,
1587,000019c640019414,İKİZCE,B2,Numarasız 17,0,registered,unchanged,NO_DETERMINISTIC_DEVICE_LINK,,
1588,000019c640012541,İKİZCE,B2,Numarasız 18,0,registered,unchanged,NO_DETERMINISTIC_DEVICE_LINK,,
1589,000019c640017427,İKİZCE,B2,Numarasız 2,0,registered,unchanged,NO_DETERMINISTIC_DEVICE_LINK,,
1590,000019c640012160,İKİZCE,B2,Numarasız 7,0,registered,unchanged,NO_DETERMINISTIC_DEVICE_LINK,,
1591,000019c640019451,İKİZCE,B2,Numarasız 8,0,registered,unchanged,NO_DETERMINISTIC_DEVICE_LINK,,
1592,000019c640012166,İKİZCE,B2,Numarasız 9,0,registered,unchanged,NO_DETERMINISTIC_DEVICE_LINK,,
1593,000019c640022269,İKİZCE,B2,Ortak alan,0,registered,unchanged,NO_DETERMINISTIC_DEVICE_LINK,,
1594,000019c600002465,İKİZCE,B3,Daire 1,0,active,unchanged,NO_DETERMINISTIC_DEVICE_LINK,,
1595,000019c640012578,İKİZCE,B3,Daire 1,0,registered,unchanged,NO_DETERMINISTIC_DEVICE_LINK,,
1596,000019c640007551,İKİZCE,B3,Daire 1,0,registered,unchanged,NO_DETERMINISTIC_DEVICE_LINK,,
1597,000019c640005205,İKİZCE,B3,Daire 10,0,active,unchanged,NO_DETERMINISTIC_DEVICE_LINK,,
1598,000019c640012269,İKİZCE,B3,Daire 10,0,registered,unchanged,NO_DETERMINISTIC_DEVICE_LINK,,
1599,000019c640006466,İKİZCE,B3,Daire 10,0,registered,unchanged,NO_DETERMINISTIC_DEVICE_LINK,,
1600,000019c640005393,İKİZCE,B3,Daire 11,0,active,unchanged,NO_DETERMINISTIC_DEVICE_LINK,,
1601,000019c640015363,İKİZCE,B3,Daire 11,0,active,unchanged,NO_DETERMINISTIC_DEVICE_LINK,,
1602,000019c640006336,İKİZCE,B3,Daire 11,0,active,unchanged,NO_DETERMINISTIC_DEVICE_LINK,,
1603,000019c640009065,İKİZCE,B3,Daire 12,0,active,unchanged,NO_DETERMINISTIC_DEVICE_LINK,,
1604,000019c640015360,İKİZCE,B3,Daire 12,0,active,unchanged,NO_DETERMINISTIC_DEVICE_LINK,,
1605,000019c640007552,İKİZCE,B3,Daire 12,0,registered,unchanged,NO_DETERMINISTIC_DEVICE_LINK,,
1606,000019c640008619,İKİZCE,B3,Daire 13,0,active,unchanged,NO_DETERMINISTIC_DEVICE_LINK,,
1607,000019c640016396,İKİZCE,B3,Daire 13,0,registered,unchanged,NO_DETERMINISTIC_DEVICE_LINK,,
1608,000019c640007558,İKİZCE,B3,Daire 13,0,registered,unchanged,NO_DETERMINISTIC_DEVICE_LINK,,
1609,000019c640005343,İKİZCE,B3,Daire 14,0,active,unchanged,NO_DETERMINISTIC_DEVICE_LINK,,
1610,000019c640015684,İKİZCE,B3,Daire 14,0,registered,unchanged,NO_DETERMINISTIC_DEVICE_LINK,,
1611,000019c640007556,İKİZCE,B3,Daire 14,0,active,unchanged,NO_DETERMINISTIC_DEVICE_LINK,,
1612,000019c640009057,İKİZCE,B3,Daire 15,0,active,unchanged,NO_DETERMINISTIC_DEVICE_LINK,,
1613,000019c640019308,İKİZCE,B3,Daire 15,0,registered,unchanged,NO_DETERMINISTIC_DEVICE_LINK,,
1614,000019c640007553,İKİZCE,B3,Daire 15,0,registered,unchanged,NO_DETERMINISTIC_DEVICE_LINK,,
1615,000019c640007656,İKİZCE,B3,Daire 16,0,active,unchanged,NO_DETERMINISTIC_DEVICE_LINK,,
1616,000019c640016392,İKİZCE,B3,Daire 16,0,active,unchanged,NO_DETERMINISTIC_DEVICE_LINK,,
1617,000019c640008498,İKİZCE,B3,Daire 16,0,registered,unchanged,NO_DETERMINISTIC_DEVICE_LINK,,
1618,000019c640009050,İKİZCE,B3,Daire 17,0,active,unchanged,NO_DETERMINISTIC_DEVICE_LINK,,
1619,000019c640015368,İKİZCE,B3,Daire 17,0,registered,unchanged,NO_DETERMINISTIC_DEVICE_LINK,,
1620,000019c640006464,İKİZCE,B3,Daire 17,0,registered,unchanged,NO_DETERMINISTIC_DEVICE_LINK,,
1621,000019c640007663,İKİZCE,B3,Daire 18,0,active,unchanged,NO_DETERMINISTIC_DEVICE_LINK,,
1622,000019c640019300,İKİZCE,B3,Daire 18,0,registered,unchanged,NO_DETERMINISTIC_DEVICE_LINK,,
1623,000019c640008404,İKİZCE,B3,Daire 18,0,active,unchanged,NO_DETERMINISTIC_DEVICE_LINK,,
1624,000019c640005399,İKİZCE,B3,Daire 19,0,active,unchanged,NO_DETERMINISTIC_DEVICE_LINK,,
1625,000019c640012831,İKİZCE,B3,Daire 19,0,active,unchanged,NO_DETERMINISTIC_DEVICE_LINK,,
1626,000019c640008056,İKİZCE,B3,Daire 19,0,registered,unchanged,NO_DETERMINISTIC_DEVICE_LINK,,
1627,000019c640007996,İKİZCE,B3,Daire 2,0,active,unchanged,NO_DETERMINISTIC_DEVICE_LINK,,
1628,000019c640012878,İKİZCE,B3,Daire 2,0,registered,unchanged,NO_DETERMINISTIC_DEVICE_LINK,,
1629,000019c640006335,İKİZCE,B3,Daire 2,0,registered,unchanged,NO_DETERMINISTIC_DEVICE_LINK,,
1630,000019c640005206,İKİZCE,B3,Daire 20,0,active,unchanged,NO_DETERMINISTIC_DEVICE_LINK,,
1631,000019c640012841,İKİZCE,B3,Daire 20,0,active,unchanged,NO_DETERMINISTIC_DEVICE_LINK,,
1632,000019c640006460,İKİZCE,B3,Daire 20,0,active,unchanged,NO_DETERMINISTIC_DEVICE_LINK,,
1633,000019c600002467,İKİZCE,B3,Daire 3,0,active,unchanged,NO_DETERMINISTIC_DEVICE_LINK,,
1634,000019c640012577,İKİZCE,B3,Daire 3,0,registered,unchanged,NO_DETERMINISTIC_DEVICE_LINK,,
1635,000019c640008054,İKİZCE,B3,Daire 3,0,registered,unchanged,NO_DETERMINISTIC_DEVICE_LINK,,
1636,000019c640005347,İKİZCE,B3,Daire 4,0,active,unchanged,NO_DETERMINISTIC_DEVICE_LINK,,
1637,000019c640016399,İKİZCE,B3,Daire 4,0,registered,unchanged,NO_DETERMINISTIC_DEVICE_LINK,,
1638,000019c640007257,İKİZCE,B3,Daire 4,0,registered,unchanged,NO_DETERMINISTIC_DEVICE_LINK,,
1639,000019c600001259,İKİZCE,B3,Daire 5,0,active,unchanged,NO_DETERMINISTIC_DEVICE_LINK,,
1640,000019c640012571,İKİZCE,B3,Daire 5,0,registered,unchanged,NO_DETERMINISTIC_DEVICE_LINK,,
1641,000019c640008495,İKİZCE,B3,Daire 5,0,registered,unchanged,NO_DETERMINISTIC_DEVICE_LINK,,
1642,000019c640009066,İKİZCE,B3,Daire 6,0,active,unchanged,NO_DETERMINISTIC_DEVICE_LINK,,
1643,000019c640012576,İKİZCE,B3,Daire 6,0,registered,unchanged,NO_DETERMINISTIC_DEVICE_LINK,,
1644,000019c640006463,İKİZCE,B3,Daire 6,0,registered,unchanged,NO_DETERMINISTIC_DEVICE_LINK,,
1645,000019c640008616,İKİZCE,B3,Daire 7,0,active,unchanged,NO_DETERMINISTIC_DEVICE_LINK,,
1646,000019c640020637,İKİZCE,B3,Daire 7,0,registered,unchanged,NO_DETERMINISTIC_DEVICE_LINK,,
1647,000019c640009907,İKİZCE,B3,Daire 7,0,active,unchanged,NO_DETERMINISTIC_DEVICE_LINK,,
1648,000019c640007668,İKİZCE,B3,Daire 8,0,active,unchanged,NO_DETERMINISTIC_DEVICE_LINK,,
1649,000019c640012572,İKİZCE,B3,Daire 8,0,registered,unchanged,NO_DETERMINISTIC_DEVICE_LINK,,
1650,000019c640008496,İKİZCE,B3,Daire 8,0,active,unchanged,NO_DETERMINISTIC_DEVICE_LINK,,
1651,000019c600004233,İKİZCE,B3,Daire 9,0,active,unchanged,NO_DETERMINISTIC_DEVICE_LINK,,
1652,000019c640013507,İKİZCE,B3,Daire 9,0,registered,unchanged,NO_DETERMINISTIC_DEVICE_LINK,,
1653,000019c640008499,İKİZCE,B3,Daire 9,0,active,unchanged,NO_DETERMINISTIC_DEVICE_LINK,,
1654,000019c640016007,İKİZCE,B3,Numarasız 1,0,registered,unchanged,NO_DETERMINISTIC_DEVICE_LINK,,
1655,000019c640007111,İKİZCE,B3,Numarasız 1,0,active,unchanged,NO_DETERMINISTIC_DEVICE_LINK,,
1656,000019c640012546,İKİZCE,B3,Numarasız 10,0,active,unchanged,NO_DETERMINISTIC_DEVICE_LINK,,
1657,000019c640005061,İKİZCE,B3,Numarasız 10,0,active,unchanged,NO_DETERMINISTIC_DEVICE_LINK,,
1658,000019c640019410,İKİZCE,B3,Numarasız 11,0,registered,unchanged,NO_DETERMINISTIC_DEVICE_LINK,,
1659,000019c640007113,İKİZCE,B3,Numarasız 11,0,active,unchanged,NO_DETERMINISTIC_DEVICE_LINK,,
1660,000019c640013347,İKİZCE,B3,Numarasız 12,0,active,unchanged,NO_DETERMINISTIC_DEVICE_LINK,,
1661,000019c600003533,İKİZCE,B3,Numarasız 12,0,registered,unchanged,NO_DETERMINISTIC_DEVICE_LINK,,
1662,000019c640016009,İKİZCE,B3,Numarasız 13,0,registered,unchanged,NO_DETERMINISTIC_DEVICE_LINK,,
1663,000019c600004897,İKİZCE,B3,Numarasız 13,0,active,unchanged,NO_DETERMINISTIC_DEVICE_LINK,,
1664,000019c640016001,İKİZCE,B3,Numarasız 14,0,registered,unchanged,NO_DETERMINISTIC_DEVICE_LINK,,
1665,000019c640006659,İKİZCE,B3,Numarasız 14,0,active,unchanged,NO_DETERMINISTIC_DEVICE_LINK,,
1666,000019c640015136,İKİZCE,B3,Numarasız 15,0,active,unchanged,NO_DETERMINISTIC_DEVICE_LINK,,
1667,000019c640005060,İKİZCE,B3,Numarasız 15,0,registered,unchanged,NO_DETERMINISTIC_DEVICE_LINK,,
1668,000019c640012105,İKİZCE,B3,Numarasız 16,0,registered,unchanged,NO_DETERMINISTIC_DEVICE_LINK,,
1669,000019c600004634,İKİZCE,B3,Numarasız 16,0,registered,unchanged,NO_DETERMINISTIC_DEVICE_LINK,,
1670,000019c640012104,İKİZCE,B3,Numarasız 17,0,active,unchanged,NO_DETERMINISTIC_DEVICE_LINK,,
1671,000019c600004893,İKİZCE,B3,Numarasız 17,0,registered,unchanged,NO_DETERMINISTIC_DEVICE_LINK,,
1672,000019c640015193,İKİZCE,B3,Numarasız 18,0,active,unchanged,NO_DETERMINISTIC_DEVICE_LINK,,
1673,000019c640007119,İKİZCE,B3,Numarasız 18,0,registered,unchanged,NO_DETERMINISTIC_DEVICE_LINK,,
1674,000019c600003685,İKİZCE,B3,Numarasız 19,0,active,unchanged,NO_DETERMINISTIC_DEVICE_LINK,,
1675,000019c640012776,İKİZCE,B3,Numarasız 2,0,registered,unchanged,NO_DETERMINISTIC_DEVICE_LINK,,
1676,000019c640006658,İKİZCE,B3,Numarasız 2,0,registered,unchanged,NO_DETERMINISTIC_DEVICE_LINK,,
1677,000019c600003536,İKİZCE,B3,Numarasız 20,0,active,unchanged,NO_DETERMINISTIC_DEVICE_LINK,,
1678,000019c640012548,İKİZCE,B3,Numarasız 3,0,active,unchanged,NO_DETERMINISTIC_DEVICE_LINK,,
1679,000019c640006650,İKİZCE,B3,Numarasız 3,0,registered,unchanged,NO_DETERMINISTIC_DEVICE_LINK,,
1680,000019c640015601,İKİZCE,B3,Numarasız 4,0,registered,unchanged,NO_DETERMINISTIC_DEVICE_LINK,,
1681,000019c600001726,İKİZCE,B3,Numarasız 4,0,registered,unchanged,NO_DETERMINISTIC_DEVICE_LINK,,
1682,000019c640012547,İKİZCE,B3,Numarasız 5,0,registered,unchanged,NO_DETERMINISTIC_DEVICE_LINK,,
1683,000019c600001720,İKİZCE,B3,Numarasız 5,0,registered,unchanged,NO_DETERMINISTIC_DEVICE_LINK,,
1684,000019c640012544,İKİZCE,B3,Numarasız 6,0,registered,unchanged,NO_DETERMINISTIC_DEVICE_LINK,,
1685,000019c640005068,İKİZCE,B3,Numarasız 6,0,registered,unchanged,NO_DETERMINISTIC_DEVICE_LINK,,
1686,000019c640016000,İKİZCE,B3,Numarasız 7,0,active,unchanged,NO_DETERMINISTIC_DEVICE_LINK,,
1687,000019c640006654,İKİZCE,B3,Numarasız 7,0,registered,unchanged,NO_DETERMINISTIC_DEVICE_LINK,,
1688,000019c640016004,İKİZCE,B3,Numarasız 8,0,active,unchanged,NO_DETERMINISTIC_DEVICE_LINK,,
1689,000019c600003119,İKİZCE,B3,Numarasız 8,0,active,unchanged,NO_DETERMINISTIC_DEVICE_LINK,,
1690,000019c640012779,İKİZCE,B3,Numarasız 9,0,active,unchanged,NO_DETERMINISTIC_DEVICE_LINK,,
1691,000019c600003113,İKİZCE,B3,Numarasız 9,0,registered,unchanged,NO_DETERMINISTIC_DEVICE_LINK,,
1692,000019c640022442,İKİZCE,B3,Ortak Alan,0,registered,unchanged,NO_DETERMINISTIC_DEVICE_LINK,,
1693,000019c600002463,İKİZCE,B4,Daire 1,0,active,unchanged,NO_DETERMINISTIC_DEVICE_LINK,,
1694,000019c640021145,İKİZCE,B4,Daire 1,0,registered,unchanged,NO_DETERMINISTIC_DEVICE_LINK,,
1695,000019c640009286,İKİZCE,B4,Daire 1,0,registered,unchanged,NO_DETERMINISTIC_DEVICE_LINK,,
1696,000019c600003988,İKİZCE,B4,Daire 1,0,registered,unchanged,NO_DETERMINISTIC_DEVICE_LINK,,
1697,000019c600003262,İKİZCE,B4,Daire 10,0,active,unchanged,NO_DETERMINISTIC_DEVICE_LINK,,
1698,000019c640018401,İKİZCE,B4,Daire 10,0,registered,unchanged,NO_DETERMINISTIC_DEVICE_LINK,,
1699,000019c640009455,İKİZCE,B4,Daire 10,0,active,unchanged,NO_DETERMINISTIC_DEVICE_LINK,,
1700,000019c600003111,İKİZCE,B4,Daire 10,0,registered,unchanged,NO_DETERMINISTIC_DEVICE_LINK,,
1701,000019c640008087,İKİZCE,B4,Daire 11,0,active,unchanged,NO_DETERMINISTIC_DEVICE_LINK,,
1702,000019c640020630,İKİZCE,B4,Daire 11,0,registered,unchanged,NO_DETERMINISTIC_DEVICE_LINK,,
1703,000019c640007310,İKİZCE,B4,Daire 11,0,registered,unchanged,NO_DETERMINISTIC_DEVICE_LINK,,
1704,000019c640003686,İKİZCE,B4,Daire 11,0,registered,unchanged,NO_DETERMINISTIC_DEVICE_LINK,,
1705,000019c640008637,İKİZCE,B4,Daire 12,0,active,unchanged,NO_DETERMINISTIC_DEVICE_LINK,,
1706,000019c640014572,İKİZCE,B4,Daire 12,0,registered,unchanged,NO_DETERMINISTIC_DEVICE_LINK,,
1707,000019c640006115,İKİZCE,B4,Daire 12,0,active,unchanged,NO_DETERMINISTIC_DEVICE_LINK,,
1708,000019c600003687,İKİZCE,B4,Daire 12,0,registered,unchanged,NO_DETERMINISTIC_DEVICE_LINK,,
1709,000019c600003268,İKİZCE,B4,Daire 13,0,active,unchanged,NO_DETERMINISTIC_DEVICE_LINK,,
1710,000019c640016388,İKİZCE,B4,Daire 13,0,active,unchanged,NO_DETERMINISTIC_DEVICE_LINK,,
1711,000019c640007316,İKİZCE,B4,Daire 13,0,registered,unchanged,NO_DETERMINISTIC_DEVICE_LINK,,
1712,000019c600003554,İKİZCE,B4,Daire 13,0,registered,unchanged,NO_DETERMINISTIC_DEVICE_LINK,,
1713,000019c600003265,İKİZCE,B4,Daire 14,0,active,unchanged,NO_DETERMINISTIC_DEVICE_LINK,,
1714,000019c640018723,İKİZCE,B4,Daire 14,0,registered,unchanged,NO_DETERMINISTIC_DEVICE_LINK,,
1715,000019c640007317,İKİZCE,B4,Daire 14,0,active,unchanged,NO_DETERMINISTIC_DEVICE_LINK,,
1716,000019c600001721,İKİZCE,B4,Daire 14,0,registered,unchanged,NO_DETERMINISTIC_DEVICE_LINK,,
1717,000019c640007993,İKİZCE,B4,Daire 15,0,active,unchanged,NO_DETERMINISTIC_DEVICE_LINK,,
1718,000019c640014570,İKİZCE,B4,Daire 15,0,registered,unchanged,NO_DETERMINISTIC_DEVICE_LINK,,
1719,000019c640008169,İKİZCE,B4,Daire 15,0,registered,unchanged,NO_DETERMINISTIC_DEVICE_LINK,,
1720,000019c600003567,İKİZCE,B4,Daire 15,0,active,unchanged,NO_DETERMINISTIC_DEVICE_LINK,,
1721,000019c640007994,İKİZCE,B4,Daire 16,0,active,unchanged,NO_DETERMINISTIC_DEVICE_LINK,,
1722,000019c640021381,İKİZCE,B4,Daire 16,0,registered,unchanged,NO_DETERMINISTIC_DEVICE_LINK,,
1723,000019c640009426,İKİZCE,B4,Daire 16,0,registered,unchanged,NO_DETERMINISTIC_DEVICE_LINK,,
1724,000019c600003597,İKİZCE,B4,Daire 16,0,registered,unchanged,NO_DETERMINISTIC_DEVICE_LINK,,
1725,000019c600002468,İKİZCE,B4,Daire 17,0,active,unchanged,NO_DETERMINISTIC_DEVICE_LINK,,
1726,000019c640018404,İKİZCE,B4,Daire 17,0,registered,unchanged,NO_DETERMINISTIC_DEVICE_LINK,,
1727,000019c640007318,İKİZCE,B4,Daire 17,0,registered,unchanged,NO_DETERMINISTIC_DEVICE_LINK,,
1728,000019c600003594,İKİZCE,B4,Daire 17,0,active,unchanged,NO_DETERMINISTIC_DEVICE_LINK,,
1729,000019c640008635,İKİZCE,B4,Daire 18,0,active,unchanged,NO_DETERMINISTIC_DEVICE_LINK,,
1730,000019c640019033,İKİZCE,B4,Daire 18,0,registered,unchanged,NO_DETERMINISTIC_DEVICE_LINK,,
1731,000019c640007319,İKİZCE,B4,Daire 18,0,active,unchanged,NO_DETERMINISTIC_DEVICE_LINK,,
1732,000019c600003689,İKİZCE,B4,Daire 18,0,active,unchanged,NO_DETERMINISTIC_DEVICE_LINK,,
1733,000019c640007990,İKİZCE,B4,Daire 19,0,active,unchanged,NO_DETERMINISTIC_DEVICE_LINK,,
1734,000019c640018406,İKİZCE,B4,Daire 19,0,active,unchanged,NO_DETERMINISTIC_DEVICE_LINK,,
1735,000019c640009427,İKİZCE,B4,Daire 19,0,active,unchanged,NO_DETERMINISTIC_DEVICE_LINK,,
1736,000019c640004890,İKİZCE,B4,Daire 19,0,registered,unchanged,NO_DETERMINISTIC_DEVICE_LINK,,
1737,000019c600002469,İKİZCE,B4,Daire 2,0,active,unchanged,NO_DETERMINISTIC_DEVICE_LINK,,
1738,000019c640019031,İKİZCE,B4,Daire 2,0,registered,unchanged,NO_DETERMINISTIC_DEVICE_LINK,,
1739,000019c640009181,İKİZCE,B4,Daire 2,0,registered,unchanged,NO_DETERMINISTIC_DEVICE_LINK,,
1740,000019c600003680,İKİZCE,B4,Daire 2,0,registered,unchanged,NO_DETERMINISTIC_DEVICE_LINK,,
1741,000019c600002464,İKİZCE,B4,Daire 20,0,active,unchanged,NO_DETERMINISTIC_DEVICE_LINK,,
1742,000019c640014575,İKİZCE,B4,Daire 20,0,active,unchanged,NO_DETERMINISTIC_DEVICE_LINK,,
1743,000019c640008163,İKİZCE,B4,Daire 20,0,registered,unchanged,NO_DETERMINISTIC_DEVICE_LINK,,
1744,000019c600001702,İKİZCE,B4,Daire 3,0,active,unchanged,NO_DETERMINISTIC_DEVICE_LINK,,
1745,000019c640019039,İKİZCE,B4,Daire 3,0,registered,unchanged,NO_DETERMINISTIC_DEVICE_LINK,,
1746,000019c640005509,İKİZCE,B4,Daire 3,0,active,unchanged,NO_DETERMINISTIC_DEVICE_LINK,,
1747,000019c600003596,İKİZCE,B4,Daire 3,0,registered,unchanged,NO_DETERMINISTIC_DEVICE_LINK,,
1748,000019c640009055,İKİZCE,B4,Daire 4,0,active,unchanged,NO_DETERMINISTIC_DEVICE_LINK,,
1749,000019c640013726,İKİZCE,B4,Daire 4,0,registered,unchanged,NO_DETERMINISTIC_DEVICE_LINK,,
1750,000019c640009284,İKİZCE,B4,Daire 4,0,active,unchanged,NO_DETERMINISTIC_DEVICE_LINK,,
1751,000019c600003593,İKİZCE,B4,Daire 4,0,registered,unchanged,NO_DETERMINISTIC_DEVICE_LINK,,
1752,000019c640008613,İKİZCE,B4,Daire 5,0,active,unchanged,NO_DETERMINISTIC_DEVICE_LINK,,
1753,000019c640018409,İKİZCE,B4,Daire 5,0,registered,unchanged,NO_DETERMINISTIC_DEVICE_LINK,,
1754,000019c640009183,İKİZCE,B4,Daire 5,0,registered,unchanged,NO_DETERMINISTIC_DEVICE_LINK,,
1755,000019c600003553,İKİZCE,B4,Daire 5,0,registered,unchanged,NO_DETERMINISTIC_DEVICE_LINK,,
1756,000019c640005166,İKİZCE,B4,Daire 6,0,active,unchanged,NO_DETERMINISTIC_DEVICE_LINK,,
1757,000019c640018156,İKİZCE,B4,Daire 6,0,registered,unchanged,NO_DETERMINISTIC_DEVICE_LINK,,
1758,000019c640008165,İKİZCE,B4,Daire 6,0,registered,unchanged,NO_DETERMINISTIC_DEVICE_LINK,,
1759,000019c600003681,İKİZCE,B4,Daire 6,0,active,unchanged,NO_DETERMINISTIC_DEVICE_LINK,,
1760,000019c640008630,İKİZCE,B4,Daire 7,0,active,unchanged,NO_DETERMINISTIC_DEVICE_LINK,,
1761,000019c640015107,İKİZCE,B4,Daire 7,0,registered,unchanged,NO_DETERMINISTIC_DEVICE_LINK,,
1762,000019c640008167,İKİZCE,B4,Daire 7,0,registered,unchanged,NO_DETERMINISTIC_DEVICE_LINK,,
1763,000019c600003595,İKİZCE,B4,Daire 7,0,registered,unchanged,NO_DETERMINISTIC_DEVICE_LINK,,
1764,000019c600002461,İKİZCE,B4,Daire 8,0,active,unchanged,NO_DETERMINISTIC_DEVICE_LINK,,
1765,000019c640014312,İKİZCE,B4,Daire 8,0,registered,unchanged,NO_DETERMINISTIC_DEVICE_LINK,,
1766,000019c640006111,İKİZCE,B4,Daire 8,0,registered,unchanged,NO_DETERMINISTIC_DEVICE_LINK,,
1767,000019c600003684,İKİZCE,B4,Daire 8,0,registered,unchanged,NO_DETERMINISTIC_DEVICE_LINK,,
1768,000019c640008670,İKİZCE,B4,Daire 9,0,active,unchanged,NO_DETERMINISTIC_DEVICE_LINK,,
1769,000019c640020636,İKİZCE,B4,Daire 9,0,registered,unchanged,NO_DETERMINISTIC_DEVICE_LINK,,
1770,000019c640005477,İKİZCE,B4,Daire 9,0,registered,unchanged,NO_DETERMINISTIC_DEVICE_LINK,,
1771,000019c600003591,İKİZCE,B4,Daire 9,0,registered,unchanged,NO_DETERMINISTIC_DEVICE_LINK,,
1772,000019c600001771,İKİZCE,B4,Kapıcı Dairesi,0,registered,unchanged,NO_DETERMINISTIC_DEVICE_LINK,,
1773,000019c640022393,İKİZCE,B4,Ortak Alan,0,registered,unchanged,NO_DETERMINISTIC_DEVICE_LINK,,
1774,000019c640007660,İKİZCE,B5,Daire 1,0,active,unchanged,NO_DETERMINISTIC_DEVICE_LINK,,
1775,000019c640015256,İKİZCE,B5,Daire 1,0,registered,unchanged,NO_DETERMINISTIC_DEVICE_LINK,,
1776,000019c640009926,İKİZCE,B5,Daire 1,0,registered,unchanged,NO_DETERMINISTIC_DEVICE_LINK,,
1777,000019c600003538,İKİZCE,B5,Daire 1,0,registered,unchanged,NO_DETERMINISTIC_DEVICE_LINK,,
1778,000019c640005397,İKİZCE,B5,Daire 10,0,active,unchanged,NO_DETERMINISTIC_DEVICE_LINK,,
1779,000019c640018133,İKİZCE,B5,Daire 10,0,registered,unchanged,NO_DETERMINISTIC_DEVICE_LINK,,
1780,000019c640006508,İKİZCE,B5,Daire 10,0,registered,unchanged,NO_DETERMINISTIC_DEVICE_LINK,,
1781,000019c600003506,İKİZCE,B5,Daire 10,0,registered,unchanged,NO_DETERMINISTIC_DEVICE_LINK,,
1782,000019c640006673,İKİZCE,B5,Daire 11,0,active,unchanged,NO_DETERMINISTIC_DEVICE_LINK,,
1783,000019c640017353,İKİZCE,B5,Daire 11,0,registered,unchanged,NO_DETERMINISTIC_DEVICE_LINK,,
1784,000019c640007299,İKİZCE,B5,Daire 11,0,registered,unchanged,NO_DETERMINISTIC_DEVICE_LINK,,
1785,000019c600003989,İKİZCE,B5,Daire 11,0,active,unchanged,NO_DETERMINISTIC_DEVICE_LINK,,
1786,000019c640005346,İKİZCE,B5,Daire 12,0,active,unchanged,NO_DETERMINISTIC_DEVICE_LINK,,
1787,000019c640019326,İKİZCE,B5,Daire 12,0,registered,unchanged,NO_DETERMINISTIC_DEVICE_LINK,,
1788,000019c640005296,İKİZCE,B5,Daire 12,0,registered,unchanged,NO_DETERMINISTIC_DEVICE_LINK,,
1789,000019c640002274,İKİZCE,B5,Daire 12,0,registered,unchanged,NO_DETERMINISTIC_DEVICE_LINK,,
1790,000019c600004221,İKİZCE,B5,Daire 13,0,active,unchanged,NO_DETERMINISTIC_DEVICE_LINK,,
1791,000019c640018111,İKİZCE,B5,Daire 13,0,registered,unchanged,NO_DETERMINISTIC_DEVICE_LINK,,
1792,000019c640009925,İKİZCE,B5,Daire 13,0,registered,unchanged,NO_DETERMINISTIC_DEVICE_LINK,,
1793,000019c600004822,İKİZCE,B5,Daire 13,0,active,unchanged,NO_DETERMINISTIC_DEVICE_LINK,,
1794,000019c640006678,İKİZCE,B5,Daire 14,0,active,unchanged,NO_DETERMINISTIC_DEVICE_LINK,,
1795,000019c640018135,İKİZCE,B5,Daire 14,0,registered,unchanged,NO_DETERMINISTIC_DEVICE_LINK,,
1796,000019c640009922,İKİZCE,B5,Daire 14,0,registered,unchanged,NO_DETERMINISTIC_DEVICE_LINK,,
1797,000019c600005009,İKİZCE,B5,Daire 14,0,registered,unchanged,NO_DETERMINISTIC_DEVICE_LINK,,
1798,000019c600001257,İKİZCE,B5,Daire 15,0,active,unchanged,NO_DETERMINISTIC_DEVICE_LINK,,
1799,000019c640013720,İKİZCE,B5,Daire 15,0,registered,unchanged,NO_DETERMINISTIC_DEVICE_LINK,,
1800,000019c640008034,İKİZCE,B5,Daire 15,0,registered,unchanged,NO_DETERMINISTIC_DEVICE_LINK,,
1801,000019c600003559,İKİZCE,B5,Daire 15,0,registered,unchanged,NO_DETERMINISTIC_DEVICE_LINK,,
1802,000019c600001086,İKİZCE,B5,Daire 16,0,active,unchanged,NO_DETERMINISTIC_DEVICE_LINK,,
1803,000019c640019760,İKİZCE,B5,Daire 16,0,registered,unchanged,NO_DETERMINISTIC_DEVICE_LINK,,
1804,000019c640007118,İKİZCE,B5,Daire 16,0,registered,unchanged,NO_DETERMINISTIC_DEVICE_LINK,,
1805,000019c600005005,İKİZCE,B5,Daire 16,0,active,unchanged,NO_DETERMINISTIC_DEVICE_LINK,,
1806,000019c600004225,İKİZCE,B5,Daire 17,0,active,unchanged,NO_DETERMINISTIC_DEVICE_LINK,,
1807,000019c640019769,İKİZCE,B5,Daire 17,0,registered,unchanged,NO_DETERMINISTIC_DEVICE_LINK,,
1808,000019c640007296,İKİZCE,B5,Daire 17,0,registered,unchanged,NO_DETERMINISTIC_DEVICE_LINK,,
1809,000019c600003983,İKİZCE,B5,Daire 17,0,active,unchanged,NO_DETERMINISTIC_DEVICE_LINK,,
1810,000019c640008618,İKİZCE,B5,Daire 18,0,active,unchanged,NO_DETERMINISTIC_DEVICE_LINK,,
1811,000019c640017350,İKİZCE,B5,Daire 18,0,registered,unchanged,NO_DETERMINISTIC_DEVICE_LINK,,
1812,000019c640007293,İKİZCE,B5,Daire 18,0,registered,unchanged,NO_DETERMINISTIC_DEVICE_LINK,,
1813,000019c600003115,İKİZCE,B5,Daire 18,0,active,unchanged,NO_DETERMINISTIC_DEVICE_LINK,,
1814,000019c600004227,İKİZCE,B5,Daire 19,0,active,unchanged,NO_DETERMINISTIC_DEVICE_LINK,,
1815,000019c640017015,İKİZCE,B5,Daire 19,0,registered,unchanged,NO_DETERMINISTIC_DEVICE_LINK,,
1816,000019c640009928,İKİZCE,B5,Daire 19,0,active,unchanged,NO_DETERMINISTIC_DEVICE_LINK,,
1817,000019c600002275,İKİZCE,B5,Daire 19,0,registered,unchanged,NO_DETERMINISTIC_DEVICE_LINK,,
1818,000019c600003294,İKİZCE,B5,Daire 2,0,active,unchanged,NO_DETERMINISTIC_DEVICE_LINK,,
1819,000019c640018116,İKİZCE,B5,Daire 2,0,registered,unchanged,NO_DETERMINISTIC_DEVICE_LINK,,
1820,000019c640009927,İKİZCE,B5,Daire 2,0,registered,unchanged,NO_DETERMINISTIC_DEVICE_LINK,,
1821,000019c600001776,İKİZCE,B5,Daire 2,0,registered,unchanged,NO_DETERMINISTIC_DEVICE_LINK,,
1822,000019c600001081,İKİZCE,B5,Daire 20,0,active,unchanged,NO_DETERMINISTIC_DEVICE_LINK,,
1823,000019c640018119,İKİZCE,B5,Daire 20,0,registered,unchanged,NO_DETERMINISTIC_DEVICE_LINK,,
1824,000019c600003531,İKİZCE,B5,Daire 20,0,active,unchanged,NO_DETERMINISTIC_DEVICE_LINK,,
1825,000019c600004220,İKİZCE,B5,Daire 3,0,active,unchanged,NO_DETERMINISTIC_DEVICE_LINK,,
1826,000019c640017358,İKİZCE,B5,Daire 3,0,registered,unchanged,NO_DETERMINISTIC_DEVICE_LINK,,
1827,000019c640008032,İKİZCE,B5,Daire 3,0,registered,unchanged,NO_DETERMINISTIC_DEVICE_LINK,,
1828,000019c600003134,İKİZCE,B5,Daire 3,0,registered,unchanged,NO_DETERMINISTIC_DEVICE_LINK,,
1829,000019c600004228,İKİZCE,B5,Daire 4,0,active,unchanged,NO_DETERMINISTIC_DEVICE_LINK,,
1830,000019c640013724,İKİZCE,B5,Daire 4,0,registered,unchanged,NO_DETERMINISTIC_DEVICE_LINK,,
1831,000019c640007251,İKİZCE,B5,Daire 4,0,registered,unchanged,NO_DETERMINISTIC_DEVICE_LINK,,
1832,000019c600001489,İKİZCE,B5,Daire 4,0,registered,unchanged,NO_DETERMINISTIC_DEVICE_LINK,,
1833,000019c600001755,İKİZCE,B5,Daire 5,0,active,unchanged,NO_DETERMINISTIC_DEVICE_LINK,,
1834,000019c640019328,İKİZCE,B5,Daire 5,0,registered,unchanged,NO_DETERMINISTIC_DEVICE_LINK,,
1835,000019c640008053,İKİZCE,B5,Daire 5,0,registered,unchanged,NO_DETERMINISTIC_DEVICE_LINK,,
1836,000019c600003284,İKİZCE,B5,Daire 5,0,registered,unchanged,NO_DETERMINISTIC_DEVICE_LINK,,
1837,000019c640005349,İKİZCE,B5,Daire 6,0,active,unchanged,NO_DETERMINISTIC_DEVICE_LINK,,
1838,000019c640019324,İKİZCE,B5,Daire 6,0,registered,unchanged,NO_DETERMINISTIC_DEVICE_LINK,,
1839,000019c640009920,İKİZCE,B5,Daire 6,0,registered,unchanged,NO_DETERMINISTIC_DEVICE_LINK,,
1840,000019c640004630,İKİZCE,B5,Daire 6,0,active,unchanged,NO_DETERMINISTIC_DEVICE_LINK,,
1841,000019c640010983,İKİZCE,B5,Daire 7,0,active,unchanged,NO_DETERMINISTIC_DEVICE_LINK,,
1842,000019c640019764,İKİZCE,B5,Daire 7,0,registered,unchanged,NO_DETERMINISTIC_DEVICE_LINK,,
1843,000019c640006017,İKİZCE,B5,Daire 7,0,registered,unchanged,NO_DETERMINISTIC_DEVICE_LINK,,
1844,000019c640003110,İKİZCE,B5,Daire 7,0,registered,unchanged,NO_DETERMINISTIC_DEVICE_LINK,,
1845,000019c640010833,İKİZCE,B5,Daire 8,0,active,unchanged,NO_DETERMINISTIC_DEVICE_LINK,,
1846,000019c640018132,İKİZCE,B5,Daire 8,0,registered,unchanged,NO_DETERMINISTIC_DEVICE_LINK,,
1847,000019c640006019,İKİZCE,B5,Daire 8,0,registered,unchanged,NO_DETERMINISTIC_DEVICE_LINK,,
1848,000019c600001773,İKİZCE,B5,Daire 8,0,active,unchanged,NO_DETERMINISTIC_DEVICE_LINK,,
1849,000019c640007658,İKİZCE,B5,Daire 9,0,active,unchanged,NO_DETERMINISTIC_DEVICE_LINK,,
1850,000019c640014447,İKİZCE,B5,Daire 9,0,registered,unchanged,NO_DETERMINISTIC_DEVICE_LINK,,
1851,000019c640005297,İKİZCE,B5,Daire 9,0,registered,unchanged,NO_DETERMINISTIC_DEVICE_LINK,,
1852,000019c600001779,İKİZCE,B5,Daire 9,0,registered,unchanged,NO_DETERMINISTIC_DEVICE_LINK,,
1853,000019c640006331,İKİZCE,B5,Kapıcı Dairesi,0,registered,unchanged,NO_DETERMINISTIC_DEVICE_LINK,,
1854,000019c640011490,İKİZCE,B5,Ortak Alan,0,registered,unchanged,NO_DETERMINISTIC_DEVICE_LINK,,
1855,000019c640006174,İKİZCE,B6,Daire 1,0,active,unchanged,NO_DETERMINISTIC_DEVICE_LINK,,
1856,000019c640018413,İKİZCE,B6,Daire 1,0,registered,unchanged,NO_DETERMINISTIC_DEVICE_LINK,,
1857,000019c640008162,İKİZCE,B6,Daire 1,0,registered,unchanged,NO_DETERMINISTIC_DEVICE_LINK,,
1858,000019c640007459,İKİZCE,B6,Daire 10,0,active,unchanged,NO_DETERMINISTIC_DEVICE_LINK,,
1859,000019c640017346,İKİZCE,B6,Daire 10,0,registered,unchanged,NO_DETERMINISTIC_DEVICE_LINK,,
1860,000019c640005504,İKİZCE,B6,Daire 10,0,registered,unchanged,NO_DETERMINISTIC_DEVICE_LINK,,
1861,000019c640005398,İKİZCE,B6,Daire 11,0,active,unchanged,NO_DETERMINISTIC_DEVICE_LINK,,
1862,000019c640017368,İKİZCE,B6,Daire 11,0,registered,unchanged,NO_DETERMINISTIC_DEVICE_LINK,,
1863,000019c640008164,İKİZCE,B6,Daire 11,0,registered,unchanged,NO_DETERMINISTIC_DEVICE_LINK,,
1864,000019c640006176,İKİZCE,B6,Daire 12,0,active,unchanged,NO_DETERMINISTIC_DEVICE_LINK,,
1865,000019c640015728,İKİZCE,B6,Daire 12,0,registered,unchanged,NO_DETERMINISTIC_DEVICE_LINK,,
1866,000019c640005508,İKİZCE,B6,Daire 12,0,registered,unchanged,NO_DETERMINISTIC_DEVICE_LINK,,
1867,000019c600004013,İKİZCE,B6,Daire 13,0,active,unchanged,NO_DETERMINISTIC_DEVICE_LINK,,
1868,000019c640018411,İKİZCE,B6,Daire 13,0,registered,unchanged,NO_DETERMINISTIC_DEVICE_LINK,,
1869,000019c640009281,İKİZCE,B6,Daire 13,0,registered,unchanged,NO_DETERMINISTIC_DEVICE_LINK,,
1870,000019c640008633,İKİZCE,B6,Daire 14,0,active,unchanged,NO_DETERMINISTIC_DEVICE_LINK,,
1871,000019c640012962,İKİZCE,B6,Daire 14,0,active,unchanged,NO_DETERMINISTIC_DEVICE_LINK,,
1872,000019c640008135,İKİZCE,B6,Daire 14,0,registered,unchanged,NO_DETERMINISTIC_DEVICE_LINK,,
1873,000019c600001751,İKİZCE,B6,Daire 15,0,active,unchanged,NO_DETERMINISTIC_DEVICE_LINK,,
1874,000019c640012579,İKİZCE,B6,Daire 15,0,registered,unchanged,NO_DETERMINISTIC_DEVICE_LINK,,
1875,000019c640005712,İKİZCE,B6,Daire 15,0,registered,unchanged,NO_DETERMINISTIC_DEVICE_LINK,,
1876,000019c600001317,İKİZCE,B6,Daire 16,0,active,unchanged,NO_DETERMINISTIC_DEVICE_LINK,,
1877,000019c640017361,İKİZCE,B6,Daire 16,0,registered,unchanged,NO_DETERMINISTIC_DEVICE_LINK,,
1878,000019c640008132,İKİZCE,B6,Daire 16,0,active,unchanged,NO_DETERMINISTIC_DEVICE_LINK,,
1879,000019c640008636,İKİZCE,B6,Daire 17,0,active,unchanged,NO_DETERMINISTIC_DEVICE_LINK,,
1880,000019c640017360,İKİZCE,B6,Daire 17,0,registered,unchanged,NO_DETERMINISTIC_DEVICE_LINK,,
1881,000019c640005470,İKİZCE,B6,Daire 17,0,registered,unchanged,NO_DETERMINISTIC_DEVICE_LINK,,
1882,000019c640007664,İKİZCE,B6,Daire 18,0,active,unchanged,NO_DETERMINISTIC_DEVICE_LINK,,
1883,000019c640012879,İKİZCE,B6,Daire 18,0,active,unchanged,NO_DETERMINISTIC_DEVICE_LINK,,
1884,000019c640005478,İKİZCE,B6,Daire 18,0,registered,unchanged,NO_DETERMINISTIC_DEVICE_LINK,,
1885,000019c640010834,İKİZCE,B6,Daire 19,0,active,unchanged,NO_DETERMINISTIC_DEVICE_LINK,,
1886,000019c640018416,İKİZCE,B6,Daire 19,0,registered,unchanged,NO_DETERMINISTIC_DEVICE_LINK,,
1887,000019c640009451,İKİZCE,B6,Daire 19,0,active,unchanged,NO_DETERMINISTIC_DEVICE_LINK,,
1888,000019c640009058,İKİZCE,B6,Daire 2,0,active,unchanged,NO_DETERMINISTIC_DEVICE_LINK,,
1889,000019c640019303,İKİZCE,B6,Daire 2,0,registered,unchanged,NO_DETERMINISTIC_DEVICE_LINK,,
1890,000019c640009450,İKİZCE,B6,Daire 2,0,registered,unchanged,NO_DETERMINISTIC_DEVICE_LINK,,
1891,000019c600001312,İKİZCE,B6,Daire 20,0,active,unchanged,NO_DETERMINISTIC_DEVICE_LINK,,
1892,000019c640012174,İKİZCE,B6,Daire 20,0,registered,unchanged,NO_DETERMINISTIC_DEVICE_LINK,,
1893,000019c640005475,İKİZCE,B6,Daire 20,0,registered,unchanged,NO_DETERMINISTIC_DEVICE_LINK,,
1894,000019c640007455,İKİZCE,B6,Daire 3,0,active,unchanged,NO_DETERMINISTIC_DEVICE_LINK,,
1895,000019c640018877,İKİZCE,B6,Daire 3,0,registered,unchanged,NO_DETERMINISTIC_DEVICE_LINK,,
1896,000019c640009425,İKİZCE,B6,Daire 3,0,registered,unchanged,NO_DETERMINISTIC_DEVICE_LINK,,
1897,000019c640005392,İKİZCE,B6,Daire 4,0,active,unchanged,NO_DETERMINISTIC_DEVICE_LINK,,
1898,000019c640017362,İKİZCE,B6,Daire 4,0,registered,unchanged,NO_DETERMINISTIC_DEVICE_LINK,,
1899,000019c640006112,İKİZCE,B6,Daire 4,0,registered,unchanged,NO_DETERMINISTIC_DEVICE_LINK,,
1900,000019c600004015,İKİZCE,B6,Daire 5,0,active,unchanged,NO_DETERMINISTIC_DEVICE_LINK,,
1901,000019c640016027,İKİZCE,B6,Daire 5,0,active,unchanged,NO_DETERMINISTIC_DEVICE_LINK,,
1902,000019c640008161,İKİZCE,B6,Daire 5,0,registered,unchanged,NO_DETERMINISTIC_DEVICE_LINK,,
1903,000019c600001753,İKİZCE,B6,Daire 6,0,active,unchanged,NO_DETERMINISTIC_DEVICE_LINK,,
1904,000019c640017367,İKİZCE,B6,Daire 6,0,active,unchanged,NO_DETERMINISTIC_DEVICE_LINK,,
1905,000019c640009457,İKİZCE,B6,Daire 6,0,registered,unchanged,NO_DETERMINISTIC_DEVICE_LINK,,
1906,000019c640006170,İKİZCE,B6,Daire 7,0,active,unchanged,NO_DETERMINISTIC_DEVICE_LINK,,
1907,000019c640012872,İKİZCE,B6,Daire 7,0,registered,unchanged,NO_DETERMINISTIC_DEVICE_LINK,,
1908,000019c640009422,İKİZCE,B6,Daire 7,0,registered,unchanged,NO_DETERMINISTIC_DEVICE_LINK,,
1909,000019c600001252,İKİZCE,B6,Daire 8,0,active,unchanged,NO_DETERMINISTIC_DEVICE_LINK,,
1910,000019c640015391,İKİZCE,B6,Daire 8,0,registered,unchanged,NO_DETERMINISTIC_DEVICE_LINK,,
1911,000019c640005710,İKİZCE,B6,Daire 8,0,registered,unchanged,NO_DETERMINISTIC_DEVICE_LINK,,
1912,000019c600001254,İKİZCE,B6,Daire 9,0,active,unchanged,NO_DETERMINISTIC_DEVICE_LINK,,
1913,000019c640018419,İKİZCE,B6,Daire 9,0,registered,unchanged,NO_DETERMINISTIC_DEVICE_LINK,,
1914,000019c640008130,İKİZCE,B6,Daire 9,0,registered,unchanged,NO_DETERMINISTIC_DEVICE_LINK,,
1915,000019c640022333,İKİZCE,B6,Ortak alan,0,registered,unchanged,NO_DETERMINISTIC_DEVICE_LINK,,
1916,000019c600002779,İKİZCE,B7,Daire 1,0,active,unchanged,NO_DETERMINISTIC_DEVICE_LINK,,
1917,000019c640018138,İKİZCE,B7,Daire 1,0,registered,unchanged,NO_DETERMINISTIC_DEVICE_LINK,,
1918,000019c640006096,İKİZCE,B7,Daire 1,0,registered,unchanged,NO_DETERMINISTIC_DEVICE_LINK,,
1919,000019c640006179,İKİZCE,B7,Daire 10,0,active,unchanged,NO_DETERMINISTIC_DEVICE_LINK,,
1920,000019c640015658,İKİZCE,B7,Daire 10,0,registered,unchanged,NO_DETERMINISTIC_DEVICE_LINK,,
1921,000019c640005252,İKİZCE,B7,Daire 10,0,registered,unchanged,NO_DETERMINISTIC_DEVICE_LINK,,
1922,000019c640005053,İKİZCE,B7,Daire 11,0,active,unchanged,NO_DETERMINISTIC_DEVICE_LINK,,
1923,000019c640018418,İKİZCE,B7,Daire 11,0,registered,unchanged,NO_DETERMINISTIC_DEVICE_LINK,,
1924,000019c640008742,İKİZCE,B7,Daire 11,0,registered,unchanged,NO_DETERMINISTIC_DEVICE_LINK,,
1925,000019c600004001,İKİZCE,B7,Daire 12,0,active,unchanged,NO_DETERMINISTIC_DEVICE_LINK,,
1926,000019c640012575,İKİZCE,B7,Daire 12,0,registered,unchanged,NO_DETERMINISTIC_DEVICE_LINK,,
1927,000019c640005281,İKİZCE,B7,Daire 12,0,registered,unchanged,NO_DETERMINISTIC_DEVICE_LINK,,
1928,000019c600004007,İKİZCE,B7,Daire 13,0,active,unchanged,NO_DETERMINISTIC_DEVICE_LINK,,
1929,000019c640012966,İKİZCE,B7,Daire 13,0,registered,unchanged,NO_DETERMINISTIC_DEVICE_LINK,,
1930,000019c640009364,İKİZCE,B7,Daire 13,0,active,unchanged,NO_DETERMINISTIC_DEVICE_LINK,,
1931,000019c640007207,İKİZCE,B7,Daire 14,0,active,unchanged,NO_DETERMINISTIC_DEVICE_LINK,,
1932,000019c640015255,İKİZCE,B7,Daire 14,0,registered,unchanged,NO_DETERMINISTIC_DEVICE_LINK,,
1933,000019c640006998,İKİZCE,B7,Daire 14,0,registered,unchanged,NO_DETERMINISTIC_DEVICE_LINK,,
1934,000019c600004002,İKİZCE,B7,Daire 15,0,active,unchanged,NO_DETERMINISTIC_DEVICE_LINK,,
1935,000019c640018170,İKİZCE,B7,Daire 15,0,registered,unchanged,NO_DETERMINISTIC_DEVICE_LINK,,
1936,000019c640006740,İKİZCE,B7,Daire 15,0,registered,unchanged,NO_DETERMINISTIC_DEVICE_LINK,,
1937,000019c640005056,İKİZCE,B7,Daire 16,0,active,unchanged,NO_DETERMINISTIC_DEVICE_LINK,,
1938,000019c640012830,İKİZCE,B7,Daire 16,0,registered,unchanged,NO_DETERMINISTIC_DEVICE_LINK,,
1939,000019c640005253,İKİZCE,B7,Daire 16,0,active,unchanged,NO_DETERMINISTIC_DEVICE_LINK,,
1940,000019c640005124,İKİZCE,B7,Daire 17,0,active,unchanged,NO_DETERMINISTIC_DEVICE_LINK,,
1941,000019c640017630,İKİZCE,B7,Daire 17,0,registered,unchanged,NO_DETERMINISTIC_DEVICE_LINK,,
1942,000019c640008283,İKİZCE,B7,Daire 17,0,registered,unchanged,NO_DETERMINISTIC_DEVICE_LINK,,
1943,000019c600004008,İKİZCE,B7,Daire 18,0,active,unchanged,NO_DETERMINISTIC_DEVICE_LINK,,
1944,000019c640018173,İKİZCE,B7,Daire 18,0,registered,unchanged,NO_DETERMINISTIC_DEVICE_LINK,,
1945,000019c640009365,İKİZCE,B7,Daire 18,0,registered,unchanged,NO_DETERMINISTIC_DEVICE_LINK,,
1946,000019c640007634,İKİZCE,B7,Daire 19,0,active,unchanged,NO_DETERMINISTIC_DEVICE_LINK,,
1947,000019c640016394,İKİZCE,B7,Daire 19,0,registered,unchanged,NO_DETERMINISTIC_DEVICE_LINK,,
1948,000019c640006746,İKİZCE,B7,Daire 19,0,active,unchanged,NO_DETERMINISTIC_DEVICE_LINK,,
1949,000019c600004238,İKİZCE,B7,Daire 2,0,active,unchanged,NO_DETERMINISTIC_DEVICE_LINK,,
1950,000019c640013723,İKİZCE,B7,Daire 2,0,registered,unchanged,NO_DETERMINISTIC_DEVICE_LINK,,
1951,000019c640009734,İKİZCE,B7,Daire 2,0,registered,unchanged,NO_DETERMINISTIC_DEVICE_LINK,,
1952,000019c640007209,İKİZCE,B7,Daire 20,0,active,unchanged,NO_DETERMINISTIC_DEVICE_LINK,,
1953,000019c640012961,İKİZCE,B7,Daire 20,0,registered,unchanged,NO_DETERMINISTIC_DEVICE_LINK,,
1954,000019c600002770,İKİZCE,B7,Daire 3,0,active,unchanged,NO_DETERMINISTIC_DEVICE_LINK,,
1955,000019c640018110,İKİZCE,B7,Daire 3,0,registered,unchanged,NO_DETERMINISTIC_DEVICE_LINK,,
1956,000019c640007796,İKİZCE,B7,Daire 3,0,registered,unchanged,NO_DETERMINISTIC_DEVICE_LINK,,
1957,000019c640005661,İKİZCE,B7,Daire 4,0,active,unchanged,NO_DETERMINISTIC_DEVICE_LINK,,
1958,000019c640018118,İKİZCE,B7,Daire 4,0,registered,unchanged,NO_DETERMINISTIC_DEVICE_LINK,,
1959,000019c640007065,İKİZCE,B7,Daire 4,0,registered,unchanged,NO_DETERMINISTIC_DEVICE_LINK,,
1960,000019c600002777,İKİZCE,B7,Daire 5,0,active,unchanged,NO_DETERMINISTIC_DEVICE_LINK,,
1961,000019c640013727,İKİZCE,B7,Daire 5,0,registered,unchanged,NO_DETERMINISTIC_DEVICE_LINK,,
1962,000019c640009506,İKİZCE,B7,Daire 5,0,registered,unchanged,NO_DETERMINISTIC_DEVICE_LINK,,
1963,000019c640007307,İKİZCE,B7,Daire 6,0,active,unchanged,NO_DETERMINISTIC_DEVICE_LINK,,
1964,000019c640018136,İKİZCE,B7,Daire 6,0,registered,unchanged,NO_DETERMINISTIC_DEVICE_LINK,,
1965,000019c640005528,İKİZCE,B7,Daire 6,0,registered,unchanged,NO_DETERMINISTIC_DEVICE_LINK,,
1966,000019c640007309,İKİZCE,B7,Daire 7,0,active,unchanged,NO_DETERMINISTIC_DEVICE_LINK,,
1967,000019c640016029,İKİZCE,B7,Daire 7,0,registered,unchanged,NO_DETERMINISTIC_DEVICE_LINK,,
1968,000019c640005287,İKİZCE,B7,Daire 7,0,registered,unchanged,NO_DETERMINISTIC_DEVICE_LINK,,
1969,000019c600002773,İKİZCE,B7,Daire 8,0,active,unchanged,NO_DETERMINISTIC_DEVICE_LINK,,
1970,000019c640018117,İKİZCE,B7,Daire 8,0,registered,unchanged,NO_DETERMINISTIC_DEVICE_LINK,,
1971,000019c640005529,İKİZCE,B7,Daire 8,0,registered,unchanged,NO_DETERMINISTIC_DEVICE_LINK,,
1972,000019c640009053,İKİZCE,B7,Daire 9,0,active,unchanged,NO_DETERMINISTIC_DEVICE_LINK,,
1973,000019c640019768,İKİZCE,B7,Daire 9,0,registered,unchanged,NO_DETERMINISTIC_DEVICE_LINK,,
1974,000019c640008289,İKİZCE,B7,Daire 9,0,registered,unchanged,NO_DETERMINISTIC_DEVICE_LINK,,
1975,000019c640006981,İKİZCE,B7,Kapıcı Dairesi,0,registered,unchanged,NO_DETERMINISTIC_DEVICE_LINK,,
1976,000019c640022353,İKİZCE,B7,Ortak sayac,0,registered,unchanged,NO_DETERMINISTIC_DEVICE_LINK,,
1977,000019c640012876,İKİZCE,B8,Daire 1,0,registered,unchanged,NO_DETERMINISTIC_DEVICE_LINK,,
1978,000019c640006681,İKİZCE,B8,Daire 1,0,registered,unchanged,NO_DETERMINISTIC_DEVICE_LINK,,
1979,000019c640015776,İKİZCE,B8,Daire 10,0,registered,unchanged,NO_DETERMINISTIC_DEVICE_LINK,,
1980,000019c640009726,İKİZCE,B8,Daire 10,0,registered,unchanged,NO_DETERMINISTIC_DEVICE_LINK,,
1981,000019c640012875,İKİZCE,B8,Daire 11,0,registered,unchanged,NO_DETERMINISTIC_DEVICE_LINK,,
1982,000019c640006682,İKİZCE,B8,Daire 11,0,registered,unchanged,NO_DETERMINISTIC_DEVICE_LINK,,
1983,000019c640012574,İKİZCE,B8,Daire 12,0,registered,unchanged,NO_DETERMINISTIC_DEVICE_LINK,,
1984,000019c640005484,İKİZCE,B8,Daire 12,0,registered,unchanged,NO_DETERMINISTIC_DEVICE_LINK,,
1985,000019c640012871,İKİZCE,B8,Daire 13,0,registered,unchanged,NO_DETERMINISTIC_DEVICE_LINK,,
1986,000019c640009742,İKİZCE,B8,Daire 13,0,registered,unchanged,NO_DETERMINISTIC_DEVICE_LINK,,
1987,000019c640014446,İKİZCE,B8,Daire 14,0,registered,unchanged,NO_DETERMINISTIC_DEVICE_LINK,,
1988,000019c640009741,İKİZCE,B8,Daire 14,0,registered,unchanged,NO_DETERMINISTIC_DEVICE_LINK,,
1989,000019c640019307,İKİZCE,B8,Daire 15,0,registered,unchanged,NO_DETERMINISTIC_DEVICE_LINK,,
1990,000019c640009722,İKİZCE,B8,Daire 15,0,registered,unchanged,NO_DETERMINISTIC_DEVICE_LINK,,
1991,000019c640019306,İKİZCE,B8,Daire 16,0,registered,unchanged,NO_DETERMINISTIC_DEVICE_LINK,,
1992,000019c640009470,İKİZCE,B8,Daire 16,0,registered,unchanged,NO_DETERMINISTIC_DEVICE_LINK,,
1993,000019c640013501,İKİZCE,B8,Daire 17,0,registered,unchanged,NO_DETERMINISTIC_DEVICE_LINK,,
1994,000019c640009472,İKİZCE,B8,Daire 17,0,registered,unchanged,NO_DETERMINISTIC_DEVICE_LINK,,
1995,000019c640018417,İKİZCE,B8,Daire 18,0,registered,unchanged,NO_DETERMINISTIC_DEVICE_LINK,,
1996,000019c640006144,İKİZCE,B8,Daire 18,0,registered,unchanged,NO_DETERMINISTIC_DEVICE_LINK,,
1997,000019c640012873,İKİZCE,B8,Daire 19,0,active,unchanged,NO_DETERMINISTIC_DEVICE_LINK,,
1998,000019c640009748,İKİZCE,B8,Daire 19,0,active,unchanged,NO_DETERMINISTIC_DEVICE_LINK,,
1999,000019c640012877,İKİZCE,B8,Daire 2,0,registered,unchanged,NO_DETERMINISTIC_DEVICE_LINK,,
2000,000019c640009724,İKİZCE,B8,Daire 2,0,registered,unchanged,NO_DETERMINISTIC_DEVICE_LINK,,
2001,000019c640019302,İKİZCE,B8,Daire 20,0,registered,unchanged,NO_DETERMINISTIC_DEVICE_LINK,,
2002,000019c640009475,İKİZCE,B8,Daire 20,0,registered,unchanged,NO_DETERMINISTIC_DEVICE_LINK,,
2003,000019c640015399,İKİZCE,B8,Daire 3,0,registered,unchanged,NO_DETERMINISTIC_DEVICE_LINK,,
2004,000019c640005488,İKİZCE,B8,Daire 3,0,active,unchanged,NO_DETERMINISTIC_DEVICE_LINK,,
2005,000019c640015725,İKİZCE,B8,Daire 4,0,registered,unchanged,NO_DETERMINISTIC_DEVICE_LINK,,
2006,000019c640009727,İKİZCE,B8,Daire 4,0,registered,unchanged,NO_DETERMINISTIC_DEVICE_LINK,,
2007,000019c640012870,İKİZCE,B8,Daire 5,0,registered,unchanged,NO_DETERMINISTIC_DEVICE_LINK,,
2008,000019c640006684,İKİZCE,B8,Daire 5,0,registered,unchanged,NO_DETERMINISTIC_DEVICE_LINK,,
2009,000019c640013504,İKİZCE,B8,Daire 6,0,registered,unchanged,NO_DETERMINISTIC_DEVICE_LINK,,
2010,000019c640006091,İKİZCE,B8,Daire 6,0,registered,unchanged,NO_DETERMINISTIC_DEVICE_LINK,,
2011,000019c640012570,İKİZCE,B8,Daire 7,0,registered,unchanged,NO_DETERMINISTIC_DEVICE_LINK,,
2012,000019c640009723,İKİZCE,B8,Daire 7,0,active,unchanged,NO_DETERMINISTIC_DEVICE_LINK,,
2013,000019c640019305,İKİZCE,B8,Daire 8,0,registered,unchanged,NO_DETERMINISTIC_DEVICE_LINK,,
2014,000019c640006147,İKİZCE,B8,Daire 8,0,active,unchanged,NO_DETERMINISTIC_DEVICE_LINK,,
2015,000019c640015771,İKİZCE,B8,Daire 9,0,registered,unchanged,NO_DETERMINISTIC_DEVICE_LINK,,
2016,000019c640009721,İKİZCE,B8,Daire 9,0,registered,unchanged,NO_DETERMINISTIC_DEVICE_LINK,,
2017,000019c640016851,İKİZCE,B8,Numarasız 1,0,registered,unchanged,NO_DETERMINISTIC_DEVICE_LINK,,
2018,000019c640014909,İKİZCE,B8,Numarasız 10,0,registered,unchanged,NO_DETERMINISTIC_DEVICE_LINK,,
2019,000019c640016459,İKİZCE,B8,Numarasız 11,0,active,unchanged,NO_DETERMINISTIC_DEVICE_LINK,,
2020,000019c640019132,İKİZCE,B8,Numarasız 12,0,registered,unchanged,NO_DETERMINISTIC_DEVICE_LINK,,
2021,000019c640015272,İKİZCE,B8,Numarasız 13,0,active,unchanged,NO_DETERMINISTIC_DEVICE_LINK,,
2022,000019c640013051,İKİZCE,B8,Numarasız 14,0,registered,unchanged,NO_DETERMINISTIC_DEVICE_LINK,,
2023,000019c640016451,İKİZCE,B8,Numarasız 15,0,active,unchanged,NO_DETERMINISTIC_DEVICE_LINK,,
2024,000019c640016853,İKİZCE,B8,Numarasız 16,0,registered,unchanged,NO_DETERMINISTIC_DEVICE_LINK,,
2025,000019c640016440,İKİZCE,B8,Numarasız 17,0,registered,unchanged,NO_DETERMINISTIC_DEVICE_LINK,,
2026,000019c640016449,İKİZCE,B8,Numarasız 18,0,registered,unchanged,NO_DETERMINISTIC_DEVICE_LINK,,
2027,000019c640013050,İKİZCE,B8,Numarasız 19,0,active,unchanged,NO_DETERMINISTIC_DEVICE_LINK,,
2028,000019c640016856,İKİZCE,B8,Numarasız 2,0,registered,unchanged,NO_DETERMINISTIC_DEVICE_LINK,,
2029,000019c640016446,İKİZCE,B8,Numarasız 20,0,registered,unchanged,NO_DETERMINISTIC_DEVICE_LINK,,
2030,000019c640016458,İKİZCE,B8,Numarasız 3,0,registered,unchanged,NO_DETERMINISTIC_DEVICE_LINK,,
2031,000019c640015067,İKİZCE,B8,Numarasız 4,0,registered,unchanged,NO_DETERMINISTIC_DEVICE_LINK,,
2032,000019c640014810,İKİZCE,B8,Numarasız 5,0,active,unchanged,NO_DETERMINISTIC_DEVICE_LINK,,
2033,000019c640014816,İKİZCE,B8,Numarasız 6,0,registered,unchanged,NO_DETERMINISTIC_DEVICE_LINK,,
2034,000019c640015040,İKİZCE,B8,Numarasız 7,0,registered,unchanged,NO_DETERMINISTIC_DEVICE_LINK,,
2035,000019c640016858,İKİZCE,B8,Numarasız 8,0,registered,unchanged,NO_DETERMINISTIC_DEVICE_LINK,,
2036,000019c640014902,İKİZCE,B8,Numarasız 9,0,registered,unchanged,NO_DETERMINISTIC_DEVICE_LINK,,
2037,000019c640022234,İKİZCE,B8,Ortak alan,0,registered,unchanged,NO_DETERMINISTIC_DEVICE_LINK,,
2038,000019c640017098,İKİZCE,B9,Daire 1,0,registered,unchanged,NO_DETERMINISTIC_DEVICE_LINK,,
2039,000019c640008222,İKİZCE,B9,Daire 1,0,active,unchanged,NO_DETERMINISTIC_DEVICE_LINK,,
2040,000019c640017347,İKİZCE,B9,Daire 10,0,registered,unchanged,NO_DETERMINISTIC_DEVICE_LINK,,
2041,000019c640007290,İKİZCE,B9,Daire 10,0,active,unchanged,NO_DETERMINISTIC_DEVICE_LINK,,
2042,000019c640015392,İKİZCE,B9,Daire 11,0,registered,unchanged,NO_DETERMINISTIC_DEVICE_LINK,,
2043,000019c640005251,İKİZCE,B9,Daire 11,0,registered,unchanged,NO_DETERMINISTIC_DEVICE_LINK,,
2044,000019c640017853,İKİZCE,B9,Daire 12,0,registered,unchanged,NO_DETERMINISTIC_DEVICE_LINK,,
2045,000019c640006521,İKİZCE,B9,Daire 12,0,active,unchanged,NO_DETERMINISTIC_DEVICE_LINK,,
2046,000019c640013869,İKİZCE,B9,Daire 13,0,registered,unchanged,NO_DETERMINISTIC_DEVICE_LINK,,
2047,000019c640006525,İKİZCE,B9,Daire 13,0,registered,unchanged,NO_DETERMINISTIC_DEVICE_LINK,,
2048,000019c640018415,İKİZCE,B9,Daire 14,0,registered,unchanged,NO_DETERMINISTIC_DEVICE_LINK,,
2049,000019c640009501,İKİZCE,B9,Daire 14,0,registered,unchanged,NO_DETERMINISTIC_DEVICE_LINK,,
2050,000019c640019995,İKİZCE,B9,Daire 15,0,registered,unchanged,NO_DETERMINISTIC_DEVICE_LINK,,
2051,000019c640009883,İKİZCE,B9,Daire 15,0,registered,unchanged,NO_DETERMINISTIC_DEVICE_LINK,,
2052,000019c640019990,İKİZCE,B9,Daire 16,0,registered,unchanged,NO_DETERMINISTIC_DEVICE_LINK,,
2053,000019c640008746,İKİZCE,B9,Daire 16,0,active,unchanged,NO_DETERMINISTIC_DEVICE_LINK,,
2054,000019c640012844,İKİZCE,B9,Daire 17,0,registered,unchanged,NO_DETERMINISTIC_DEVICE_LINK,,
2055,000019c640007110,İKİZCE,B9,Daire 17,0,active,unchanged,NO_DETERMINISTIC_DEVICE_LINK,,
2056,000019c640017856,İKİZCE,B9,Daire 18,0,active,unchanged,NO_DETERMINISTIC_DEVICE_LINK,,
2057,000019c640007292,İKİZCE,B9,Daire 18,0,registered,unchanged,NO_DETERMINISTIC_DEVICE_LINK,,
2058,000019c640015395,İKİZCE,B9,Daire 19,0,registered,unchanged,NO_DETERMINISTIC_DEVICE_LINK,,
2059,000019c640009205,İKİZCE,B9,Daire 19,0,registered,unchanged,NO_DETERMINISTIC_DEVICE_LINK,,
2060,000019c640018426,İKİZCE,B9,Daire 2,0,active,unchanged,NO_DETERMINISTIC_DEVICE_LINK,,
2061,000019c640006523,İKİZCE,B9,Daire 2,0,active,unchanged,NO_DETERMINISTIC_DEVICE_LINK,,
2062,000019c640015773,İKİZCE,B9,Daire 20,0,registered,unchanged,NO_DETERMINISTIC_DEVICE_LINK,,
2063,000019c640008036,İKİZCE,B9,Daire 20,0,active,unchanged,NO_DETERMINISTIC_DEVICE_LINK,,
2064,000019c640013871,İKİZCE,B9,Daire 3,0,registered,unchanged,NO_DETERMINISTIC_DEVICE_LINK,,
2065,000019c640008039,İKİZCE,B9,Daire 3,0,registered,unchanged,NO_DETERMINISTIC_DEVICE_LINK,,
2066,000019c640017636,İKİZCE,B9,Daire 4,0,registered,unchanged,NO_DETERMINISTIC_DEVICE_LINK,,
2067,000019c640008037,İKİZCE,B9,Daire 4,0,registered,unchanged,NO_DETERMINISTIC_DEVICE_LINK,,
2068,000019c640012573,İKİZCE,B9,Daire 5,0,registered,unchanged,NO_DETERMINISTIC_DEVICE_LINK,,
2069,000019c640009478,İKİZCE,B9,Daire 5,0,registered,unchanged,NO_DETERMINISTIC_DEVICE_LINK,,
2070,000019c640013453,İKİZCE,B9,Daire 6,0,registered,unchanged,NO_DETERMINISTIC_DEVICE_LINK,,
2071,000019c640009209,İKİZCE,B9,Daire 6,0,registered,unchanged,NO_DETERMINISTIC_DEVICE_LINK,,
2072,000019c640017093,İKİZCE,B9,Daire 7,0,registered,unchanged,NO_DETERMINISTIC_DEVICE_LINK,,
2073,000019c640008030,İKİZCE,B9,Daire 7,0,registered,unchanged,NO_DETERMINISTIC_DEVICE_LINK,,
2074,000019c640017155,İKİZCE,B9,Daire 8,0,registered,unchanged,NO_DETERMINISTIC_DEVICE_LINK,,
2075,000019c640005489,İKİZCE,B9,Daire 8,0,active,unchanged,NO_DETERMINISTIC_DEVICE_LINK,,
2076,000019c640017852,İKİZCE,B9,Daire 9,0,registered,unchanged,NO_DETERMINISTIC_DEVICE_LINK,,
2077,000019c640008867,İKİZCE,B9,Daire 9,0,registered,unchanged,NO_DETERMINISTIC_DEVICE_LINK,,
2078,000019c640016669,İKİZCE,B9,Numarasız 1,0,registered,unchanged,NO_DETERMINISTIC_DEVICE_LINK,,
2079,000019c640015230,İKİZCE,B9,Numarasız 10,0,registered,unchanged,NO_DETERMINISTIC_DEVICE_LINK,,
2080,000019c640012186,İKİZCE,B9,Numarasız 11,0,registered,unchanged,NO_DETERMINISTIC_DEVICE_LINK,,
2081,000019c640012183,İKİZCE,B9,Numarasız 12,0,registered,unchanged,NO_DETERMINISTIC_DEVICE_LINK,,
2082,000019c640014769,İKİZCE,B9,Numarasız 13,0,registered,unchanged,NO_DETERMINISTIC_DEVICE_LINK,,
2083,000019c640012182,İKİZCE,B9,Numarasız 14,0,registered,unchanged,NO_DETERMINISTIC_DEVICE_LINK,,
2084,000019c640012424,İKİZCE,B9,Numarasız 15,0,active,unchanged,NO_DETERMINISTIC_DEVICE_LINK,,
2085,000019c640016668,İKİZCE,B9,Numarasız 16,0,registered,unchanged,NO_DETERMINISTIC_DEVICE_LINK,,
2086,000019c640012180,İKİZCE,B9,Numarasız 17,0,registered,unchanged,NO_DETERMINISTIC_DEVICE_LINK,,
2087,000019c640014765,İKİZCE,B9,Numarasız 18,0,registered,unchanged,NO_DETERMINISTIC_DEVICE_LINK,,
2088,000019c640012427,İKİZCE,B9,Numarasız 19,0,active,unchanged,NO_DETERMINISTIC_DEVICE_LINK,,
2089,000019c640012188,İKİZCE,B9,Numarasız 2,0,registered,unchanged,NO_DETERMINISTIC_DEVICE_LINK,,
2090,000019c640012420,İKİZCE,B9,Numarasız 20,0,active,unchanged,NO_DETERMINISTIC_DEVICE_LINK,,
2091,000019c640012181,İKİZCE,B9,Numarasız 3,0,registered,unchanged,NO_DETERMINISTIC_DEVICE_LINK,,
2092,000019c640016661,İKİZCE,B9,Numarasız 4,0,registered,unchanged,NO_DETERMINISTIC_DEVICE_LINK,,
2093,000019c640015233,İKİZCE,B9,Numarasız 5,0,registered,unchanged,NO_DETERMINISTIC_DEVICE_LINK,,
2094,000019c640016667,İKİZCE,B9,Numarasız 6,0,registered,unchanged,NO_DETERMINISTIC_DEVICE_LINK,,
2095,000019c640015231,İKİZCE,B9,Numarasız 7,0,registered,unchanged,NO_DETERMINISTIC_DEVICE_LINK,,
2096,000019c640016662,İKİZCE,B9,Numarasız 8,0,registered,unchanged,NO_DETERMINISTIC_DEVICE_LINK,,
2097,000019c640015238,İKİZCE,B9,Numarasız 9,0,registered,unchanged,NO_DETERMINISTIC_DEVICE_LINK,,
2098,000019c640011465,İKİZCE,B9,Ortak Alan,0,registered,unchanged,NO_DETERMINISTIC_DEVICE_LINK,,
2099,000019c640009929,İKİZCE,BT1-01,Daire 1,0,registered,unchanged,NO_DETERMINISTIC_DEVICE_LINK,,
2100,000019c640008038,İKİZCE,BT1-01,Daire 10,0,registered,unchanged,NO_DETERMINISTIC_DEVICE_LINK,,
2101,000019c640005178,İKİZCE,BT1-01,Daire 11,0,active,unchanged,NO_DETERMINISTIC_DEVICE_LINK,,
2102,000019c640005483,İKİZCE,BT1-01,Daire 12,0,registered,unchanged,NO_DETERMINISTIC_DEVICE_LINK,,
2103,000019c640006145,İKİZCE,BT1-01,Daire 13,0,registered,unchanged,NO_DETERMINISTIC_DEVICE_LINK,,
2104,000019c640006140,İKİZCE,BT1-01,Daire 14,0,registered,unchanged,NO_DETERMINISTIC_DEVICE_LINK,,
2105,000019c640006688,İKİZCE,BT1-01,Daire 15,0,registered,unchanged,NO_DETERMINISTIC_DEVICE_LINK,,
2106,000019c640009923,İKİZCE,BT1-01,Daire 16,0,registered,unchanged,NO_DETERMINISTIC_DEVICE_LINK,,
2107,000019c640005482,İKİZCE,BT1-01,Daire 17,0,active,unchanged,NO_DETERMINISTIC_DEVICE_LINK,,
2108,000019c640006092,İKİZCE,BT1-01,Daire 18,0,registered,unchanged,NO_DETERMINISTIC_DEVICE_LINK,,
2109,000019c640008031,İKİZCE,BT1-01,Daire 2,0,registered,unchanged,NO_DETERMINISTIC_DEVICE_LINK,,
2110,000019c640007297,İKİZCE,BT1-01,Daire 3,0,registered,unchanged,NO_DETERMINISTIC_DEVICE_LINK,,
2111,000019c640007294,İKİZCE,BT1-01,Daire 4,0,registered,unchanged,NO_DETERMINISTIC_DEVICE_LINK,,
2112,000019c640008033,İKİZCE,BT1-01,Daire 5,0,registered,unchanged,NO_DETERMINISTIC_DEVICE_LINK,,
2113,000019c640007295,İKİZCE,BT1-01,Daire 6,0,registered,unchanged,NO_DETERMINISTIC_DEVICE_LINK,,
2114,000019c640007291,İKİZCE,BT1-01,Daire 7,0,registered,unchanged,NO_DETERMINISTIC_DEVICE_LINK,,
2115,000019c640008035,İKİZCE,BT1-01,Daire 8,0,active,unchanged,NO_DETERMINISTIC_DEVICE_LINK,,
2116,000019c640009924,İKİZCE,BT1-01,Daire 9,0,registered,unchanged,NO_DETERMINISTIC_DEVICE_LINK,,
2117,000019c640022383,İKİZCE,BT1-01,Ortak Alan,0,registered,unchanged,NO_DETERMINISTIC_DEVICE_LINK,,
2118,000019c640008771,İKİZCE,BT1-02,Daire 1,0,registered,unchanged,NO_DETERMINISTIC_DEVICE_LINK,,
2119,000019c640009898,İKİZCE,BT1-02,Daire 10,0,registered,unchanged,NO_DETERMINISTIC_DEVICE_LINK,,
2120,000019c640008958,İKİZCE,BT1-02,Daire 11,0,registered,unchanged,NO_DETERMINISTIC_DEVICE_LINK,,
2121,000019c640009969,İKİZCE,BT1-02,Daire 12,0,registered,unchanged,NO_DETERMINISTIC_DEVICE_LINK,,
2122,000019c640008528,İKİZCE,BT1-02,Daire 13,0,registered,unchanged,NO_DETERMINISTIC_DEVICE_LINK,,
2123,000019c640008405,İKİZCE,BT1-02,Daire 14,0,registered,unchanged,NO_DETERMINISTIC_DEVICE_LINK,,
2124,000019c640009899,İKİZCE,BT1-02,Daire 15,0,registered,unchanged,NO_DETERMINISTIC_DEVICE_LINK,,
2125,000019c640008954,İKİZCE,BT1-02,Daire 16,0,active,unchanged,NO_DETERMINISTIC_DEVICE_LINK,,
2126,000019c640006378,İKİZCE,BT1-02,Daire 17,0,registered,unchanged,NO_DETERMINISTIC_DEVICE_LINK,,
2127,000019c640008772,İKİZCE,BT1-02,Daire 2,0,registered,unchanged,NO_DETERMINISTIC_DEVICE_LINK,,
2128,000019c640008073,İKİZCE,BT1-02,Daire 3,0,registered,unchanged,NO_DETERMINISTIC_DEVICE_LINK,,
2129,000019c640008951,İKİZCE,BT1-02,Daire 4,0,registered,unchanged,NO_DETERMINISTIC_DEVICE_LINK,,
2130,000019c640008406,İKİZCE,BT1-02,Daire 5,0,registered,unchanged,NO_DETERMINISTIC_DEVICE_LINK,,
2131,000019c640008401,İKİZCE,BT1-02,Daire 6,0,registered,unchanged,NO_DETERMINISTIC_DEVICE_LINK,,
2132,000019c640008774,İKİZCE,BT1-02,Daire 7,0,registered,unchanged,NO_DETERMINISTIC_DEVICE_LINK,,
2133,000019c640009964,İKİZCE,BT1-02,Daire 8,0,registered,unchanged,NO_DETERMINISTIC_DEVICE_LINK,,
2134,000019c640009890,İKİZCE,BT1-02,Daire 9,0,registered,unchanged,NO_DETERMINISTIC_DEVICE_LINK,,
2135,000019c640008400,İKİZCE,BT1-02,Kapıcı Dairesi,0,registered,unchanged,NO_DETERMINISTIC_DEVICE_LINK,,
2136,000019c640022326,İKİZCE,BT1-02,Ortak Alan,0,registered,unchanged,NO_DETERMINISTIC_DEVICE_LINK,,
2137,000019c640006997,İKİZCE,BT1-03,Daire 1,0,registered,unchanged,NO_DETERMINISTIC_DEVICE_LINK,,
2138,000019c640006999,İKİZCE,BT1-03,Daire 10,0,active,unchanged,NO_DETERMINISTIC_DEVICE_LINK,,
2139,000019c640009369,İKİZCE,BT1-03,Daire 11,0,active,unchanged,NO_DETERMINISTIC_DEVICE_LINK,,
2140,000019c640007063,İKİZCE,BT1-03,Daire 12,0,registered,unchanged,NO_DETERMINISTIC_DEVICE_LINK,,
2141,000019c640009738,İKİZCE,BT1-03,Daire 13,0,registered,unchanged,NO_DETERMINISTIC_DEVICE_LINK,,
2142,000019c640007914,İKİZCE,BT1-03,Daire 14,0,active,unchanged,NO_DETERMINISTIC_DEVICE_LINK,,
2143,000019c640005524,İKİZCE,BT1-03,Daire 15,0,registered,unchanged,NO_DETERMINISTIC_DEVICE_LINK,,
2144,000019c640009173,İKİZCE,BT1-03,Daire 16,0,registered,unchanged,NO_DETERMINISTIC_DEVICE_LINK,,
2145,000019c640006991,İKİZCE,BT1-03,Daire 17,0,registered,unchanged,NO_DETERMINISTIC_DEVICE_LINK,,
2146,000019c640008397,İKİZCE,BT1-03,Daire 18,0,registered,unchanged,NO_DETERMINISTIC_DEVICE_LINK,,
2147,000019c640007910,İKİZCE,BT1-03,Daire 2,0,registered,unchanged,NO_DETERMINISTIC_DEVICE_LINK,,
2148,000019c640007913,İKİZCE,BT1-03,Daire 3,0,registered,unchanged,NO_DETERMINISTIC_DEVICE_LINK,,
2149,000019c640005288,İKİZCE,BT1-03,Daire 4,0,registered,unchanged,NO_DETERMINISTIC_DEVICE_LINK,,
2150,000019c640008749,İKİZCE,BT1-03,Daire 5,0,registered,unchanged,NO_DETERMINISTIC_DEVICE_LINK,,
2151,000019c640005258,İKİZCE,BT1-03,Daire 6,0,active,unchanged,NO_DETERMINISTIC_DEVICE_LINK,,
2152,000019c640008743,İKİZCE,BT1-03,Daire 7,0,registered,unchanged,NO_DETERMINISTIC_DEVICE_LINK,,
2153,000019c640008398,İKİZCE,BT1-03,Daire 8,0,active,unchanged,NO_DETERMINISTIC_DEVICE_LINK,,
2154,000019c640007798,İKİZCE,BT1-03,Daire 9,0,active,unchanged,NO_DETERMINISTIC_DEVICE_LINK,,
2155,000019c640011944,İKİZCE,BT1-03,Ortak Alan,0,registered,unchanged,NO_DETERMINISTIC_DEVICE_LINK,,
2156,000019c640007793,İKİZCE,BT1-04,Daire 1,0,active,unchanged,NO_DETERMINISTIC_DEVICE_LINK,,
2157,000019c640009725,İKİZCE,BT1-04,Daire 10,0,registered,unchanged,NO_DETERMINISTIC_DEVICE_LINK,,
2158,000019c640006095,İKİZCE,BT1-04,Daire 11,0,registered,unchanged,NO_DETERMINISTIC_DEVICE_LINK,,
2159,000019c640005179,İKİZCE,BT1-04,Daire 12,0,registered,unchanged,NO_DETERMINISTIC_DEVICE_LINK,,
2160,000019c640006683,İKİZCE,BT1-04,Daire 13,0,registered,unchanged,NO_DETERMINISTIC_DEVICE_LINK,,
2161,000019c640009749,İKİZCE,BT1-04,Daire 14,0,active,unchanged,NO_DETERMINISTIC_DEVICE_LINK,,
2162,000019c640005171,İKİZCE,BT1-04,Daire 15,0,registered,unchanged,NO_DETERMINISTIC_DEVICE_LINK,,
2163,000019c640009206,İKİZCE,BT1-04,Daire 16,0,registered,unchanged,NO_DETERMINISTIC_DEVICE_LINK,,
2164,000019c640005481,İKİZCE,BT1-04,Daire 17,0,active,unchanged,NO_DETERMINISTIC_DEVICE_LINK,,
2165,000019c640009203,İKİZCE,BT1-04,Daire 18,0,active,unchanged,NO_DETERMINISTIC_DEVICE_LINK,,
2166,000019c640006987,İKİZCE,BT1-04,Daire 2,0,registered,unchanged,NO_DETERMINISTIC_DEVICE_LINK,,
2167,000019c640009368,İKİZCE,BT1-04,Daire 3,0,registered,unchanged,NO_DETERMINISTIC_DEVICE_LINK,,
2168,000019c640006680,İKİZCE,BT1-04,Daire 4,0,registered,unchanged,NO_DETERMINISTIC_DEVICE_LINK,,
2169,000019c640006686,İKİZCE,BT1-04,Daire 5,0,registered,unchanged,NO_DETERMINISTIC_DEVICE_LINK,,
2170,000019c640006687,İKİZCE,BT1-04,Daire 6,0,registered,unchanged,NO_DETERMINISTIC_DEVICE_LINK,,
2171,000019c640006099,İKİZCE,BT1-04,Daire 7,0,registered,unchanged,NO_DETERMINISTIC_DEVICE_LINK,,
2172,000019c640006098,İKİZCE,BT1-04,Daire 8,0,registered,unchanged,NO_DETERMINISTIC_DEVICE_LINK,,
2173,000019c640009729,İKİZCE,BT1-04,Daire 9,0,registered,unchanged,NO_DETERMINISTIC_DEVICE_LINK,,
2174,000019c640011473,İKİZCE,BT1-04,Ortak Alan,0,registered,unchanged,NO_DETERMINISTIC_DEVICE_LINK,,
2175,000019c640005064,İKİZCE,BT1-1,Daire 1,0,registered,unchanged,NO_DETERMINISTIC_DEVICE_LINK,,
2176,000019c640006656,İKİZCE,BT1-1,Daire 10,0,registered,unchanged,NO_DETERMINISTIC_DEVICE_LINK,,
2177,000019c640005151,İKİZCE,BT1-1,Daire 11,0,active,unchanged,NO_DETERMINISTIC_DEVICE_LINK,,
2178,000019c640005158,İKİZCE,BT1-1,Daire 12,0,registered,unchanged,NO_DETERMINISTIC_DEVICE_LINK,,
2179,000019c640005066,İKİZCE,BT1-1,Daire 13,0,active,unchanged,NO_DETERMINISTIC_DEVICE_LINK,,
2180,000019c600002841,İKİZCE,BT1-1,Daire 14,0,registered,unchanged,NO_DETERMINISTIC_DEVICE_LINK,,
2181,000019c640007159,İKİZCE,BT1-1,Daire 15,0,registered,unchanged,NO_DETERMINISTIC_DEVICE_LINK,,
2182,000019c640038209,İKİZCE,BT1-1,Daire 16,0,registered,unchanged,NO_DETERMINISTIC_DEVICE_LINK,,
2183,000019c640008556,İKİZCE,BT1-1,Daire 17,0,active,unchanged,NO_DETERMINISTIC_DEVICE_LINK,,
2184,000019c640038281,İKİZCE,BT1-1,Daire 18,0,registered,unchanged,NO_DETERMINISTIC_DEVICE_LINK,,
2185,000019c640009989,İKİZCE,BT1-1,Daire 2,0,registered,unchanged,NO_DETERMINISTIC_DEVICE_LINK,,
2186,000019c640009981,İKİZCE,BT1-1,Daire 3,0,active,unchanged,NO_DETERMINISTIC_DEVICE_LINK,,
2187,000019c640037305,İKİZCE,BT1-1,Daire 4,0,registered,unchanged,NO_DETERMINISTIC_DEVICE_LINK,,
2188,000019c640009988,İKİZCE,BT1-1,Daire 5,0,registered,unchanged,NO_DETERMINISTIC_DEVICE_LINK,,
2189,000019c640009987,İKİZCE,BT1-1,Daire 6,0,registered,unchanged,NO_DETERMINISTIC_DEVICE_LINK,,
2190,000019c640036304,İKİZCE,BT1-1,Daire 7,0,registered,unchanged,NO_DETERMINISTIC_DEVICE_LINK,,
2191,000019c640037309,İKİZCE,BT1-1,Daire 8,0,registered,unchanged,NO_DETERMINISTIC_DEVICE_LINK,,
2192,000019c640005153,İKİZCE,BT1-1,Daire 9,0,registered,unchanged,NO_DETERMINISTIC_DEVICE_LINK,,
2193,000019c640008866,İKİZCE,BT2-01A,Daire 1,0,registered,unchanged,NO_DETERMINISTIC_DEVICE_LINK,,
2194,000019c600002596,İKİZCE,BT2-01A,Daire 1,0,registered,unchanged,NO_DETERMINISTIC_DEVICE_LINK,,
2195,000019c640008071,İKİZCE,BT2-01A,Daire 10,0,registered,unchanged,NO_DETERMINISTIC_DEVICE_LINK,,
2196,000019c640007184,İKİZCE,BT2-01A,Daire 10,0,registered,unchanged,NO_DETERMINISTIC_DEVICE_LINK,,
2197,000019c640008075,İKİZCE,BT2-01A,Daire 11,0,active,unchanged,NO_DETERMINISTIC_DEVICE_LINK,,
2198,000019c600004363,İKİZCE,BT2-01A,Daire 11,0,active,unchanged,NO_DETERMINISTIC_DEVICE_LINK,,
2199,000019c640008070,İKİZCE,BT2-01A,Daire 12,0,registered,unchanged,NO_DETERMINISTIC_DEVICE_LINK,,
2200,000019c600002842,İKİZCE,BT2-01A,Daire 12,0,registered,unchanged,NO_DETERMINISTIC_DEVICE_LINK,,
2201,000019c640009884,İKİZCE,BT2-01A,Daire 13,0,registered,unchanged,NO_DETERMINISTIC_DEVICE_LINK,,
2202,000019c640005154,İKİZCE,BT2-01A,Daire 13,0,registered,unchanged,NO_DETERMINISTIC_DEVICE_LINK,,
2203,000019c640008078,İKİZCE,BT2-01A,Daire 14,0,registered,unchanged,NO_DETERMINISTIC_DEVICE_LINK,,
2204,000019c640007189,İKİZCE,BT2-01A,Daire 14,0,registered,unchanged,NO_DETERMINISTIC_DEVICE_LINK,,
2205,000019c640008860,İKİZCE,BT2-01A,Daire 15,0,registered,unchanged,NO_DETERMINISTIC_DEVICE_LINK,,
2206,000019c600002597,İKİZCE,BT2-01A,Daire 15,0,registered,unchanged,NO_DETERMINISTIC_DEVICE_LINK,,
2207,000019c640008862,İKİZCE,BT2-01A,Daire 16,0,registered,unchanged,NO_DETERMINISTIC_DEVICE_LINK,,
2208,000019c600003441,İKİZCE,BT2-01A,Daire 16,0,active,unchanged,NO_DETERMINISTIC_DEVICE_LINK,,
2209,000019c640008869,İKİZCE,BT2-01A,Daire 17,0,registered,unchanged,NO_DETERMINISTIC_DEVICE_LINK,,
2210,000019c640006602,İKİZCE,BT2-01A,Daire 17,0,registered,unchanged,NO_DETERMINISTIC_DEVICE_LINK,,
2211,000019c640008076,İKİZCE,BT2-01A,Daire 18,0,active,unchanged,NO_DETERMINISTIC_DEVICE_LINK,,
2212,000019c640007188,İKİZCE,BT2-01A,Daire 18,0,active,unchanged,NO_DETERMINISTIC_DEVICE_LINK,,
2213,000019c640008077,İKİZCE,BT2-01A,Daire 2,0,registered,unchanged,NO_DETERMINISTIC_DEVICE_LINK,,
2214,000019c640006604,İKİZCE,BT2-01A,Daire 2,0,registered,unchanged,NO_DETERMINISTIC_DEVICE_LINK,,
2215,000019c640008868,İKİZCE,BT2-01A,Daire 3,0,active,unchanged,NO_DETERMINISTIC_DEVICE_LINK,,
2216,000019c640008865,İKİZCE,BT2-01A,Daire 4,0,active,unchanged,NO_DETERMINISTIC_DEVICE_LINK,,
2217,000019c640008734,İKİZCE,BT2-01A,Daire 4,0,active,unchanged,NO_DETERMINISTIC_DEVICE_LINK,,
2218,000019c640009881,İKİZCE,BT2-01A,Daire 5,0,registered,unchanged,NO_DETERMINISTIC_DEVICE_LINK,,
2219,000019c640008736,İKİZCE,BT2-01A,Daire 5,0,registered,unchanged,NO_DETERMINISTIC_DEVICE_LINK,,
2220,000019c640008072,İKİZCE,BT2-01A,Daire 6,0,registered,unchanged,NO_DETERMINISTIC_DEVICE_LINK,,
2221,000019c640006600,İKİZCE,BT2-01A,Daire 6,0,registered,unchanged,NO_DETERMINISTIC_DEVICE_LINK,,
2222,000019c640009888,İKİZCE,BT2-01A,Daire 7,0,registered,unchanged,NO_DETERMINISTIC_DEVICE_LINK,,
2223,000019c640007187,İKİZCE,BT2-01A,Daire 7,0,active,unchanged,NO_DETERMINISTIC_DEVICE_LINK,,
2224,000019c640009887,İKİZCE,BT2-01A,Daire 8,0,registered,unchanged,NO_DETERMINISTIC_DEVICE_LINK,,
2225,000019c640006607,İKİZCE,BT2-01A,Daire 8,0,registered,unchanged,NO_DETERMINISTIC_DEVICE_LINK,,
2226,000019c640009882,İKİZCE,BT2-01A,Daire 9,0,registered,unchanged,NO_DETERMINISTIC_DEVICE_LINK,,
2227,000019c640006605,İKİZCE,BT2-01A,Daire 9,0,active,unchanged,NO_DETERMINISTIC_DEVICE_LINK,,
2228,000019c640022319,İKİZCE,BT2-01A,Ortak Alan,0,registered,unchanged,NO_DETERMINISTIC_DEVICE_LINK,,
2229,000019c640006524,İKİZCE,BT2-01B,Daire 1,0,registered,unchanged,NO_DETERMINISTIC_DEVICE_LINK,,
2230,000019c600001028,İKİZCE,BT2-01B,Daire 1,0,registered,unchanged,NO_DETERMINISTIC_DEVICE_LINK,,
2231,000019c640009728,İKİZCE,BT2-01B,Daire 10,0,registered,unchanged,NO_DETERMINISTIC_DEVICE_LINK,,
2232,000019c640004553,İKİZCE,BT2-01B,Daire 10,0,registered,unchanged,NO_DETERMINISTIC_DEVICE_LINK,,
2233,000019c640006527,İKİZCE,BT2-01B,Daire 11,0,active,unchanged,NO_DETERMINISTIC_DEVICE_LINK,,
2234,000019c600002279,İKİZCE,BT2-01B,Daire 11,0,registered,unchanged,NO_DETERMINISTIC_DEVICE_LINK,,
2235,000019c640009508,İKİZCE,BT2-01B,Daire 12,0,registered,unchanged,NO_DETERMINISTIC_DEVICE_LINK,,
2236,000019c600001025,İKİZCE,BT2-01B,Daire 12,0,registered,unchanged,NO_DETERMINISTIC_DEVICE_LINK,,
2237,000019c640009474,İKİZCE,BT2-01B,Daire 13,0,registered,unchanged,NO_DETERMINISTIC_DEVICE_LINK,,
2238,000019c600003285,İKİZCE,BT2-01B,Daire 13,0,active,unchanged,NO_DETERMINISTIC_DEVICE_LINK,,
2239,000019c640006522,İKİZCE,BT2-01B,Daire 14,0,registered,unchanged,NO_DETERMINISTIC_DEVICE_LINK,,
2240,000019c600002277,İKİZCE,BT2-01B,Daire 14,0,registered,unchanged,NO_DETERMINISTIC_DEVICE_LINK,,
2241,000019c640008376,İKİZCE,BT2-01B,Daire 15,0,registered,unchanged,NO_DETERMINISTIC_DEVICE_LINK,,
2242,000019c600003280,İKİZCE,BT2-01B,Daire 15,0,active,unchanged,NO_DETERMINISTIC_DEVICE_LINK,,
2243,000019c640009507,İKİZCE,BT2-01B,Daire 16,0,registered,unchanged,NO_DETERMINISTIC_DEVICE_LINK,,
2244,000019c600003503,İKİZCE,BT2-01B,Daire 16,0,active,unchanged,NO_DETERMINISTIC_DEVICE_LINK,,
2245,000019c640006520,İKİZCE,BT2-01B,Daire 17,0,registered,unchanged,NO_DETERMINISTIC_DEVICE_LINK,,
2246,000019c600003282,İKİZCE,BT2-01B,Daire 17,0,active,unchanged,NO_DETERMINISTIC_DEVICE_LINK,,
2247,000019c640005486,İKİZCE,BT2-01B,Daire 18,0,registered,unchanged,NO_DETERMINISTIC_DEVICE_LINK,,
2248,000019c600004820,İKİZCE,BT2-01B,Daire 18,0,registered,unchanged,NO_DETERMINISTIC_DEVICE_LINK,,
2249,000019c640009476,İKİZCE,BT2-01B,Daire 2,0,registered,unchanged,NO_DETERMINISTIC_DEVICE_LINK,,
2250,000019c600004891,İKİZCE,BT2-01B,Daire 2,0,active,unchanged,NO_DETERMINISTIC_DEVICE_LINK,,
2251,000019c640009880,İKİZCE,BT2-01B,Daire 3,0,registered,unchanged,NO_DETERMINISTIC_DEVICE_LINK,,
2252,000019c600003500,İKİZCE,BT2-01B,Daire 3,0,registered,unchanged,NO_DETERMINISTIC_DEVICE_LINK,,
2253,000019c640009720,İKİZCE,BT2-01B,Daire 4,0,registered,unchanged,NO_DETERMINISTIC_DEVICE_LINK,,
2254,000019c600002592,İKİZCE,BT2-01B,Daire 4,0,active,unchanged,NO_DETERMINISTIC_DEVICE_LINK,,
2255,000019c640009200,İKİZCE,BT2-01B,Daire 5,0,registered,unchanged,NO_DETERMINISTIC_DEVICE_LINK,,
2256,000019c600004369,İKİZCE,BT2-01B,Daire 5,0,registered,unchanged,NO_DETERMINISTIC_DEVICE_LINK,,
2257,000019c640009208,İKİZCE,BT2-01B,Daire 6,0,registered,unchanged,NO_DETERMINISTIC_DEVICE_LINK,,
2258,000019c600003446,İKİZCE,BT2-01B,Daire 6,0,registered,unchanged,NO_DETERMINISTIC_DEVICE_LINK,,
2259,000019c640009747,İKİZCE,BT2-01B,Daire 7,0,registered,unchanged,NO_DETERMINISTIC_DEVICE_LINK,,
2260,000019c640005008,İKİZCE,BT2-01B,Daire 7,0,registered,unchanged,NO_DETERMINISTIC_DEVICE_LINK,,
2261,000019c640009743,İKİZCE,BT2-01B,Daire 8,0,registered,unchanged,NO_DETERMINISTIC_DEVICE_LINK,,
2262,000019c640005002,İKİZCE,BT2-01B,Daire 8,0,registered,unchanged,NO_DETERMINISTIC_DEVICE_LINK,,
2263,000019c640006093,İKİZCE,BT2-01B,Daire 9,0,registered,unchanged,NO_DETERMINISTIC_DEVICE_LINK,,
2264,000019c600003905,İKİZCE,BT2-01B,Daire 9,0,active,unchanged,NO_DETERMINISTIC_DEVICE_LINK,,
2265,000019c600003560,İKİZCE,BT2-02A,Daire 1,0,registered,unchanged,NO_DETERMINISTIC_DEVICE_LINK,,
2266,000019c600004896,İKİZCE,BT2-02A,Daire 10,0,registered,unchanged,NO_DETERMINISTIC_DEVICE_LINK,,
2267,000019c600003565,İKİZCE,BT2-02A,Daire 11,0,active,unchanged,NO_DETERMINISTIC_DEVICE_LINK,,
2268,000019c600003139,İKİZCE,BT2-02A,Daire 12,0,registered,unchanged,NO_DETERMINISTIC_DEVICE_LINK,,
2269,000019c600003562,İKİZCE,BT2-02A,Daire 13,0,active,unchanged,NO_DETERMINISTIC_DEVICE_LINK,,
2270,000019c600003114,İKİZCE,BT2-02A,Daire 14,0,registered,unchanged,NO_DETERMINISTIC_DEVICE_LINK,,
2271,000019c600003116,İKİZCE,BT2-02A,Daire 15,0,active,unchanged,NO_DETERMINISTIC_DEVICE_LINK,,
2272,000019c600001722,İKİZCE,BT2-02A,Daire 16,0,registered,unchanged,NO_DETERMINISTIC_DEVICE_LINK,,
2273,000019c600004899,İKİZCE,BT2-02A,Daire 17,0,active,unchanged,NO_DETERMINISTIC_DEVICE_LINK,,
2274,000019c600003592,İKİZCE,BT2-02A,Daire 18,0,registered,unchanged,NO_DETERMINISTIC_DEVICE_LINK,,
2275,000019c640007151,İKİZCE,BT2-02A,Daire 2,0,registered,unchanged,NO_DETERMINISTIC_DEVICE_LINK,,
2276,000019c600003133,İKİZCE,BT2-02A,Daire 3,0,registered,unchanged,NO_DETERMINISTIC_DEVICE_LINK,,
2277,000019c600004898,İKİZCE,BT2-02A,Daire 4,0,registered,unchanged,NO_DETERMINISTIC_DEVICE_LINK,,
2278,000019c600003534,İKİZCE,BT2-02A,Daire 5,0,active,unchanged,NO_DETERMINISTIC_DEVICE_LINK,,
2279,000019c600003563,İKİZCE,BT2-02A,Daire 6,0,active,unchanged,NO_DETERMINISTIC_DEVICE_LINK,,
2280,000019c640003130,İKİZCE,BT2-02A,Daire 7,0,registered,unchanged,NO_DETERMINISTIC_DEVICE_LINK,,
2281,000019c600005000,İKİZCE,BT2-02A,Daire 8,0,active,unchanged,NO_DETERMINISTIC_DEVICE_LINK,,
2282,000019c600003568,İKİZCE,BT2-02A,Daire 9,0,registered,unchanged,NO_DETERMINISTIC_DEVICE_LINK,,
2283,000019c640007697,İKİZCE,BT2-02B,Daire 1,0,registered,unchanged,NO_DETERMINISTIC_DEVICE_LINK,,
2284,000019c640005210,İKİZCE,BT2-02B,Daire 1,0,registered,unchanged,NO_DETERMINISTIC_DEVICE_LINK,,
2285,000019c640009782,İKİZCE,BT2-02B,Daire 10,0,registered,unchanged,NO_DETERMINISTIC_DEVICE_LINK,,
2286,000019c640007158,İKİZCE,BT2-02B,Daire 10,0,active,unchanged,NO_DETERMINISTIC_DEVICE_LINK,,
2287,000019c640006398,İKİZCE,BT2-02B,Daire 11,0,registered,unchanged,NO_DETERMINISTIC_DEVICE_LINK,,
2288,000019c640005214,İKİZCE,BT2-02B,Daire 11,0,registered,unchanged,NO_DETERMINISTIC_DEVICE_LINK,,
2289,000019c640006373,İKİZCE,BT2-02B,Daire 12,0,registered,unchanged,NO_DETERMINISTIC_DEVICE_LINK,,
2290,000019c640005219,İKİZCE,BT2-02B,Daire 12,0,registered,unchanged,NO_DETERMINISTIC_DEVICE_LINK,,
2291,000019c640007987,İKİZCE,BT2-02B,Daire 13,0,registered,unchanged,NO_DETERMINISTIC_DEVICE_LINK,,
2292,000019c640005217,İKİZCE,BT2-02B,Daire 13,0,registered,unchanged,NO_DETERMINISTIC_DEVICE_LINK,,
2293,000019c640008976,İKİZCE,BT2-02B,Daire 14,0,active,unchanged,NO_DETERMINISTIC_DEVICE_LINK,,
2294,000019c640009921,İKİZCE,BT2-02B,Daire 14,0,active,unchanged,NO_DETERMINISTIC_DEVICE_LINK,,
2295,000019c640007985,İKİZCE,BT2-02B,Daire 15,0,registered,unchanged,NO_DETERMINISTIC_DEVICE_LINK,,
2296,000019c640007157,İKİZCE,BT2-02B,Daire 15,0,registered,unchanged,NO_DETERMINISTIC_DEVICE_LINK,,
2297,000019c640007980,İKİZCE,BT2-02B,Daire 16,0,registered,unchanged,NO_DETERMINISTIC_DEVICE_LINK,,
2298,000019c640006651,İKİZCE,BT2-02B,Daire 16,0,registered,unchanged,NO_DETERMINISTIC_DEVICE_LINK,,
2299,000019c640006395,İKİZCE,BT2-02B,Daire 17,0,registered,unchanged,NO_DETERMINISTIC_DEVICE_LINK,,
2300,000019c640008739,İKİZCE,BT2-02B,Daire 17,0,registered,unchanged,NO_DETERMINISTIC_DEVICE_LINK,,
2301,000019c640005616,İKİZCE,BT2-02B,Daire 18,0,registered,unchanged,NO_DETERMINISTIC_DEVICE_LINK,,
2302,000019c640007114,İKİZCE,BT2-02B,Daire 18,0,registered,unchanged,NO_DETERMINISTIC_DEVICE_LINK,,
2303,000019c640007691,İKİZCE,BT2-02B,Daire 2,0,registered,unchanged,NO_DETERMINISTIC_DEVICE_LINK,,
2304,000019c640005211,İKİZCE,BT2-02B,Daire 2,0,registered,unchanged,NO_DETERMINISTIC_DEVICE_LINK,,
2305,000019c640007988,İKİZCE,BT2-02B,Daire 3,0,registered,unchanged,NO_DETERMINISTIC_DEVICE_LINK,,
2306,000019c640005159,İKİZCE,BT2-02B,Daire 3,0,registered,unchanged,NO_DETERMINISTIC_DEVICE_LINK,,
2307,000019c640005610,İKİZCE,BT2-02B,Daire 4,0,registered,unchanged,NO_DETERMINISTIC_DEVICE_LINK,,
2308,000019c640009980,İKİZCE,BT2-02B,Daire 4,0,active,unchanged,NO_DETERMINISTIC_DEVICE_LINK,,
2309,000019c640006390,İKİZCE,BT2-02B,Daire 5,0,registered,unchanged,NO_DETERMINISTIC_DEVICE_LINK,,
2310,000019c640008733,İKİZCE,BT2-02B,Daire 5,0,registered,unchanged,NO_DETERMINISTIC_DEVICE_LINK,,
2311,000019c640008971,İKİZCE,BT2-02B,Daire 6,0,registered,unchanged,NO_DETERMINISTIC_DEVICE_LINK,,
2312,000019c640005215,İKİZCE,BT2-02B,Daire 6,0,registered,unchanged,NO_DETERMINISTIC_DEVICE_LINK,,
2313,000019c640009193,İKİZCE,BT2-02B,Daire 7,0,registered,unchanged,NO_DETERMINISTIC_DEVICE_LINK,,
2314,000019c640007154,İKİZCE,BT2-02B,Daire 7,0,registered,unchanged,NO_DETERMINISTIC_DEVICE_LINK,,
2315,000019c640006370,İKİZCE,BT2-02B,Daire 8,0,active,unchanged,NO_DETERMINISTIC_DEVICE_LINK,,
2316,000019c640005213,İKİZCE,BT2-02B,Daire 8,0,registered,unchanged,NO_DETERMINISTIC_DEVICE_LINK,,
2317,000019c640006391,İKİZCE,BT2-02B,Daire 9,0,registered,unchanged,NO_DETERMINISTIC_DEVICE_LINK,,
2318,000019c640008730,İKİZCE,BT2-02B,Daire 9,0,registered,unchanged,NO_DETERMINISTIC_DEVICE_LINK,,
2319,000019c640007792,İKİZCE,BT2-2A,Daire 1,0,registered,unchanged,NO_DETERMINISTIC_DEVICE_LINK,,
2320,000019c640008396,İKİZCE,BT2-2A,Daire 10,0,registered,unchanged,NO_DETERMINISTIC_DEVICE_LINK,,
2321,000019c640009737,İKİZCE,BT2-2A,Daire 11,0,registered,unchanged,NO_DETERMINISTIC_DEVICE_LINK,,
2322,000019c640009502,İKİZCE,BT2-2A,Daire 12,0,registered,unchanged,NO_DETERMINISTIC_DEVICE_LINK,,
2323,000019c640005522,İKİZCE,BT2-2A,Daire 13,0,registered,unchanged,NO_DETERMINISTIC_DEVICE_LINK,,
2324,000019c640009500,İKİZCE,BT2-2A,Daire 14,0,registered,unchanged,NO_DETERMINISTIC_DEVICE_LINK,,
2325,000019c640007152,İKİZCE,BT2-2A,Daire 15,0,active,unchanged,NO_DETERMINISTIC_DEVICE_LINK,,
2326,000019c640009360,İKİZCE,BT2-2A,Daire 16,0,active,unchanged,NO_DETERMINISTIC_DEVICE_LINK,,
2327,000019c640007060,İKİZCE,BT2-2A,Daire 17,0,registered,unchanged,NO_DETERMINISTIC_DEVICE_LINK,,
2328,000019c640009745,İKİZCE,BT2-2A,Daire 2,0,registered,unchanged,NO_DETERMINISTIC_DEVICE_LINK,,
2329,000019c640008390,İKİZCE,BT2-2A,Daire 3,0,registered,unchanged,NO_DETERMINISTIC_DEVICE_LINK,,
2330,000019c640007917,İKİZCE,BT2-2A,Daire 4,0,registered,unchanged,NO_DETERMINISTIC_DEVICE_LINK,,
2331,000019c640007918,İKİZCE,BT2-2A,Daire 5,0,registered,unchanged,NO_DETERMINISTIC_DEVICE_LINK,,
2332,000019c640006990,İKİZCE,BT2-2A,Daire 6,0,registered,unchanged,NO_DETERMINISTIC_DEVICE_LINK,,
2333,000019c640006743,İKİZCE,BT2-2A,Daire 7,0,registered,unchanged,NO_DETERMINISTIC_DEVICE_LINK,,
2334,000019c640007797,İKİZCE,BT2-2A,Daire 8,0,registered,unchanged,NO_DETERMINISTIC_DEVICE_LINK,,
2335,000019c640005256,İKİZCE,BT2-2A,Daire 9,0,registered,unchanged,NO_DETERMINISTIC_DEVICE_LINK,,
2336,000019c640022371,İKİZCE,BT2-2A,Ortak Alan,0,registered,unchanged,NO_DETERMINISTIC_DEVICE_LINK,,
2337,000019c640010640,İKİZCE,C1,Daire 1,0,active,unchanged,NO_DETERMINISTIC_DEVICE_LINK,,
2338,000019c640015682,İKİZCE,C1,Daire 1,0,registered,unchanged,NO_DETERMINISTIC_DEVICE_LINK,,
2339,000019c640020532,İKİZCE,C1,Daire 1,0,active,unchanged,NO_DETERMINISTIC_DEVICE_LINK,,
2340,000019c600004003,İKİZCE,C1,Daire 10,0,active,unchanged,NO_DETERMINISTIC_DEVICE_LINK,,
2341,000019c640015685,İKİZCE,C1,Daire 10,0,registered,unchanged,NO_DETERMINISTIC_DEVICE_LINK,,
2342,000019c640020536,İKİZCE,C1,Daire 10,0,registered,unchanged,NO_DETERMINISTIC_DEVICE_LINK,,
2343,000019c600004289,İKİZCE,C1,Daire 11,0,active,unchanged,NO_DETERMINISTIC_DEVICE_LINK,,
2344,000019c640012266,İKİZCE,C1,Daire 11,0,active,unchanged,NO_DETERMINISTIC_DEVICE_LINK,,
2345,000019c640020526,İKİZCE,C1,Daire 11,0,registered,unchanged,NO_DETERMINISTIC_DEVICE_LINK,,
2346,000019c600004287,İKİZCE,C1,Daire 12,0,active,unchanged,NO_DETERMINISTIC_DEVICE_LINK,,
2347,000019c640015727,İKİZCE,C1,Daire 12,0,registered,unchanged,NO_DETERMINISTIC_DEVICE_LINK,,
2348,000019c640020568,İKİZCE,C1,Daire 12,0,registered,unchanged,NO_DETERMINISTIC_DEVICE_LINK,,
2349,000019c600004005,İKİZCE,C1,Daire 13,0,active,unchanged,NO_DETERMINISTIC_DEVICE_LINK,,
2350,000019c640013728,İKİZCE,C1,Daire 13,0,registered,unchanged,NO_DETERMINISTIC_DEVICE_LINK,,
2351,000019c640017657,İKİZCE,C1,Daire 13,0,active,unchanged,NO_DETERMINISTIC_DEVICE_LINK,,
2352,000019c600003128,İKİZCE,C1,Daire 14,0,active,unchanged,NO_DETERMINISTIC_DEVICE_LINK,,
2353,000019c640019762,İKİZCE,C1,Daire 14,0,registered,unchanged,NO_DETERMINISTIC_DEVICE_LINK,,
2354,000019c640018481,İKİZCE,C1,Daire 14,0,registered,unchanged,NO_DETERMINISTIC_DEVICE_LINK,,
2355,000019c600001471,İKİZCE,C1,Daire 15,0,active,unchanged,NO_DETERMINISTIC_DEVICE_LINK,,
2356,000019c640013508,İKİZCE,C1,Daire 15,0,registered,unchanged,NO_DETERMINISTIC_DEVICE_LINK,,
2357,000019c640014668,İKİZCE,C1,Daire 15,0,registered,unchanged,NO_DETERMINISTIC_DEVICE_LINK,,
2358,000019c600003127,İKİZCE,C1,Daire 16,0,active,unchanged,NO_DETERMINISTIC_DEVICE_LINK,,
2359,000019c640015687,İKİZCE,C1,Daire 16,0,registered,unchanged,NO_DETERMINISTIC_DEVICE_LINK,,
2360,000019c640014669,İKİZCE,C1,Daire 16,0,registered,unchanged,NO_DETERMINISTIC_DEVICE_LINK,,
2361,000019c600001474,İKİZCE,C1,Daire 17,0,active,unchanged,NO_DETERMINISTIC_DEVICE_LINK,,
2362,000019c640012836,İKİZCE,C1,Daire 17,0,registered,unchanged,NO_DETERMINISTIC_DEVICE_LINK,,
2363,000019c640020567,İKİZCE,C1,Daire 17,0,registered,unchanged,NO_DETERMINISTIC_DEVICE_LINK,,
2364,000019c600004282,İKİZCE,C1,Daire 18,0,active,unchanged,NO_DETERMINISTIC_DEVICE_LINK,,
2365,000019c640018115,İKİZCE,C1,Daire 18,0,registered,unchanged,NO_DETERMINISTIC_DEVICE_LINK,,
2366,000019c640017659,İKİZCE,C1,Daire 18,0,registered,unchanged,NO_DETERMINISTIC_DEVICE_LINK,,
2367,000019c600004285,İKİZCE,C1,Daire 19,0,active,unchanged,NO_DETERMINISTIC_DEVICE_LINK,,
2368,000019c640019765,İKİZCE,C1,Daire 19,0,registered,unchanged,NO_DETERMINISTIC_DEVICE_LINK,,
2369,000019c640017658,İKİZCE,C1,Daire 19,0,active,unchanged,NO_DETERMINISTIC_DEVICE_LINK,,
2370,000019c640010645,İKİZCE,C1,Daire 2,0,registered,unchanged,NO_DETERMINISTIC_DEVICE_LINK,,
2371,000019c640015364,İKİZCE,C1,Daire 2,0,registered,unchanged,NO_DETERMINISTIC_DEVICE_LINK,,
2372,000019c640006124,İKİZCE,C1,Daire 2,0,registered,unchanged,NO_DETERMINISTIC_DEVICE_LINK,,
2373,000019c600001472,İKİZCE,C1,Daire 20,0,active,unchanged,NO_DETERMINISTIC_DEVICE_LINK,,
2374,000019c640015726,İKİZCE,C1,Daire 20,0,registered,unchanged,NO_DETERMINISTIC_DEVICE_LINK,,
2375,000019c640020566,İKİZCE,C1,Daire 20,0,active,unchanged,NO_DETERMINISTIC_DEVICE_LINK,,
2376,000019c600004280,İKİZCE,C1,Daire 21,0,active,unchanged,NO_DETERMINISTIC_DEVICE_LINK,,
2377,000019c640019322,İKİZCE,C1,Daire 21,0,active,unchanged,NO_DETERMINISTIC_DEVICE_LINK,,
2378,000019c640018484,İKİZCE,C1,Daire 21,0,active,unchanged,NO_DETERMINISTIC_DEVICE_LINK,,
2379,000019c600003188,İKİZCE,C1,Daire 22,0,active,unchanged,NO_DETERMINISTIC_DEVICE_LINK,,
2380,000019c640015657,İKİZCE,C1,Daire 22,0,active,unchanged,NO_DETERMINISTIC_DEVICE_LINK,,
2381,000019c640017656,İKİZCE,C1,Daire 22,0,active,unchanged,NO_DETERMINISTIC_DEVICE_LINK,,
2382,000019c600004283,İKİZCE,C1,Daire 23,0,active,unchanged,NO_DETERMINISTIC_DEVICE_LINK,,
2383,000019c640014666,İKİZCE,C1,Daire 23,0,active,unchanged,NO_DETERMINISTIC_DEVICE_LINK,,
2384,000019c600004006,İKİZCE,C1,Daire 24,0,active,unchanged,NO_DETERMINISTIC_DEVICE_LINK,,
2385,000019c640017655,İKİZCE,C1,Daire 24,0,registered,unchanged,NO_DETERMINISTIC_DEVICE_LINK,,
2386,000019c640005631,İKİZCE,C1,Daire 25,0,active,unchanged,NO_DETERMINISTIC_DEVICE_LINK,,
2387,000019c640017650,İKİZCE,C1,Daire 25,0,active,unchanged,NO_DETERMINISTIC_DEVICE_LINK,,
2388,000019c640020562,İKİZCE,C1,Daire 26,0,active,unchanged,NO_DETERMINISTIC_DEVICE_LINK,,
2389,000019c640018483,İKİZCE,C1,Daire 27,0,active,unchanged,NO_DETERMINISTIC_DEVICE_LINK,,
2390,000019c640014667,İKİZCE,C1,Daire 28,0,registered,unchanged,NO_DETERMINISTIC_DEVICE_LINK,,
2391,000019c640020569,İKİZCE,C1,Daire 29,0,active,unchanged,NO_DETERMINISTIC_DEVICE_LINK,,
2392,000019c600003124,İKİZCE,C1,Daire 3,0,registered,unchanged,NO_DETERMINISTIC_DEVICE_LINK,,
2393,000019c640013721,İKİZCE,C1,Daire 3,0,registered,unchanged,NO_DETERMINISTIC_DEVICE_LINK,,
2394,000019c640014097,İKİZCE,C1,Daire 3,0,registered,unchanged,NO_DETERMINISTIC_DEVICE_LINK,,
2395,000019c640014662,İKİZCE,C1,Daire 30,0,registered,unchanged,NO_DETERMINISTIC_DEVICE_LINK,,
2396,000019c640007201,İKİZCE,C1,Daire 4,0,active,unchanged,NO_DETERMINISTIC_DEVICE_LINK,,
2397,000019c640012172,İKİZCE,C1,Daire 4,0,registered,unchanged,NO_DETERMINISTIC_DEVICE_LINK,,
2398,000019c640006128,İKİZCE,C1,Daire 4,0,registered,unchanged,NO_DETERMINISTIC_DEVICE_LINK,,
2399,000019c640010648,İKİZCE,C1,Daire 5,0,active,unchanged,NO_DETERMINISTIC_DEVICE_LINK,,
2400,000019c640019761,İKİZCE,C1,Daire 5,0,active,unchanged,NO_DETERMINISTIC_DEVICE_LINK,,
2401,000019c640009708,İKİZCE,C1,Daire 5,0,registered,unchanged,NO_DETERMINISTIC_DEVICE_LINK,,
2402,000019c600001051,İKİZCE,C1,Daire 6,0,active,unchanged,NO_DETERMINISTIC_DEVICE_LINK,,
2403,000019c640012963,İKİZCE,C1,Daire 6,0,registered,unchanged,NO_DETERMINISTIC_DEVICE_LINK,,
2404,000019c640014098,İKİZCE,C1,Daire 6,0,active,unchanged,NO_DETERMINISTIC_DEVICE_LINK,,
2405,000019c600003129,İKİZCE,C1,Daire 7,0,active,unchanged,NO_DETERMINISTIC_DEVICE_LINK,,
2406,000019c640018134,İKİZCE,C1,Daire 7,0,registered,unchanged,NO_DETERMINISTIC_DEVICE_LINK,,
2407,000019c640017652,İKİZCE,C1,Daire 7,0,registered,unchanged,NO_DETERMINISTIC_DEVICE_LINK,,
2408,000019c600004281,İKİZCE,C1,Daire 8,0,active,unchanged,NO_DETERMINISTIC_DEVICE_LINK,,
2409,000019c640016022,İKİZCE,C1,Daire 8,0,registered,unchanged,NO_DETERMINISTIC_DEVICE_LINK,,
2410,000019c640020525,İKİZCE,C1,Daire 8,0,registered,unchanged,NO_DETERMINISTIC_DEVICE_LINK,,
2411,000019c600003121,İKİZCE,C1,Daire 9,0,active,unchanged,NO_DETERMINISTIC_DEVICE_LINK,,
2412,000019c640018434,İKİZCE,C1,Daire 9,0,registered,unchanged,NO_DETERMINISTIC_DEVICE_LINK,,
2413,000019c640014095,İKİZCE,C1,Daire 9,0,registered,unchanged,NO_DETERMINISTIC_DEVICE_LINK,,
2414,000019c640015650,İKİZCE,C1,Kapıcı Dairesi,0,registered,unchanged,NO_DETERMINISTIC_DEVICE_LINK,,
2415,000019c640036059,İKİZCE,C1,Numarasız 1,0,registered,unchanged,NO_DETERMINISTIC_DEVICE_LINK,,
2416,000019c640033129,İKİZCE,C1,Numarasız 10,0,active,unchanged,NO_DETERMINISTIC_DEVICE_LINK,,
2417,000019c640032337,İKİZCE,C1,Numarasız 11,0,active,unchanged,NO_DETERMINISTIC_DEVICE_LINK,,
2418,000019c640032338,İKİZCE,C1,Numarasız 12,0,active,unchanged,NO_DETERMINISTIC_DEVICE_LINK,,
2419,000019c640032804,İKİZCE,C1,Numarasız 13,0,active,unchanged,NO_DETERMINISTIC_DEVICE_LINK,,
2420,000019c640032319,İKİZCE,C1,Numarasız 14,0,active,unchanged,NO_DETERMINISTIC_DEVICE_LINK,,
2421,000019c640036053,İKİZCE,C1,Numarasız 15,0,active,unchanged,NO_DETERMINISTIC_DEVICE_LINK,,
2422,000019c640032340,İKİZCE,C1,Numarasız 16,0,active,unchanged,NO_DETERMINISTIC_DEVICE_LINK,,
2423,000019c640036082,İKİZCE,C1,Numarasız 17,0,active,unchanged,NO_DETERMINISTIC_DEVICE_LINK,,
2424,000019c640033127,İKİZCE,C1,Numarasız 18,0,active,unchanged,NO_DETERMINISTIC_DEVICE_LINK,,
2425,000019c640036035,İKİZCE,C1,Numarasız 19,0,active,unchanged,NO_DETERMINISTIC_DEVICE_LINK,,
2426,000019c640032323,İKİZCE,C1,Numarasız 2,0,active,unchanged,NO_DETERMINISTIC_DEVICE_LINK,,
2427,000019c640036033,İKİZCE,C1,Numarasız 20,0,active,unchanged,NO_DETERMINISTIC_DEVICE_LINK,,
2428,000019c640036089,İKİZCE,C1,Numarasız 21,0,active,unchanged,NO_DETERMINISTIC_DEVICE_LINK,,
2429,000019c640036087,İKİZCE,C1,Numarasız 22,0,active,unchanged,NO_DETERMINISTIC_DEVICE_LINK,,
2430,000019c640036084,İKİZCE,C1,Numarasız 23,0,active,unchanged,NO_DETERMINISTIC_DEVICE_LINK,,
2431,000019c640036086,İKİZCE,C1,Numarasız 24,0,active,unchanged,NO_DETERMINISTIC_DEVICE_LINK,,
2432,000019c640033121,İKİZCE,C1,Numarasız 25,0,active,unchanged,NO_DETERMINISTIC_DEVICE_LINK,,
2433,000019c640032339,İKİZCE,C1,Numarasız 26,0,active,unchanged,NO_DETERMINISTIC_DEVICE_LINK,,
2434,000019c640036038,İKİZCE,C1,Numarasız 27,0,active,unchanged,NO_DETERMINISTIC_DEVICE_LINK,,
2435,000019c640036058,İKİZCE,C1,Numarasız 3,0,registered,unchanged,NO_DETERMINISTIC_DEVICE_LINK,,
2436,000019c640032327,İKİZCE,C1,Numarasız 4,0,registered,unchanged,NO_DETERMINISTIC_DEVICE_LINK,,
2437,000019c640036040,İKİZCE,C1,Numarasız 5,0,active,unchanged,NO_DETERMINISTIC_DEVICE_LINK,,
2438,000019c640036034,İKİZCE,C1,Numarasız 6,0,active,unchanged,NO_DETERMINISTIC_DEVICE_LINK,,
2439,000019c640033125,İKİZCE,C1,Numarasız 7,0,active,unchanged,NO_DETERMINISTIC_DEVICE_LINK,,
2440,000019c640033122,İKİZCE,C1,Numarasız 8,0,active,unchanged,NO_DETERMINISTIC_DEVICE_LINK,,
2441,000019c640033130,İKİZCE,C1,Numarasız 9,0,active,unchanged,NO_DETERMINISTIC_DEVICE_LINK,,
2442,000019c640022341,İKİZCE,C1,Ortak alan,0,registered,unchanged,NO_DETERMINISTIC_DEVICE_LINK,,
2443,000019c640042824,İKİZCE,C1,Ortak Alan 1,0,registered,unchanged,NO_DETERMINISTIC_DEVICE_LINK,,
2444,000019c640044392,İKİZCE,C1,Ortak Alan 2,0,registered,unchanged,NO_DETERMINISTIC_DEVICE_LINK,,
2445,000019c640047360,İKİZCE,C1,Ortak Alan 3,0,registered,unchanged,NO_DETERMINISTIC_DEVICE_LINK,,
2446,000019c640019223,İKİZCE,C1-3,Numarasız 1,0,registered,unchanged,NO_DETERMINISTIC_DEVICE_LINK,,
2447,000019c600002224,İKİZCE,C1-3,Numarasız 10,0,registered,unchanged,NO_DETERMINISTIC_DEVICE_LINK,,
2448,000019c640006281,İKİZCE,C1-3,Numarasız 11,0,registered,unchanged,NO_DETERMINISTIC_DEVICE_LINK,,
2449,000019c640005737,İKİZCE,C1-3,Numarasız 12,0,registered,unchanged,NO_DETERMINISTIC_DEVICE_LINK,,
2450,000019c600006281,İKİZCE,C1-3,Numarasız 13,0,registered,unchanged,NO_DETERMINISTIC_DEVICE_LINK,,
2451,000019c640006955,İKİZCE,C1-3,Numarasız 14,0,active,unchanged,NO_DETERMINISTIC_DEVICE_LINK,,
2452,000019c640006250,İKİZCE,C1-3,Numarasız 15,0,registered,unchanged,NO_DETERMINISTIC_DEVICE_LINK,,
2453,000019c640006951,İKİZCE,C1-3,Numarasız 16,0,registered,unchanged,NO_DETERMINISTIC_DEVICE_LINK,,
2454,000019c640008117,İKİZCE,C1-3,Numarasız 17,0,active,unchanged,NO_DETERMINISTIC_DEVICE_LINK,,
2455,000019c640009810,İKİZCE,C1-3,Numarasız 18,0,active,unchanged,NO_DETERMINISTIC_DEVICE_LINK,,
2456,000019c640007509,İKİZCE,C1-3,Numarasız 19,0,registered,unchanged,NO_DETERMINISTIC_DEVICE_LINK,,
2457,000019c640009827,İKİZCE,C1-3,Numarasız 2,0,registered,unchanged,NO_DETERMINISTIC_DEVICE_LINK,,
2458,000019c640006826,İKİZCE,C1-3,Numarasız 20,0,active,unchanged,NO_DETERMINISTIC_DEVICE_LINK,,
2459,000019c640006286,İKİZCE,C1-3,Numarasız 3,0,registered,unchanged,NO_DETERMINISTIC_DEVICE_LINK,,
2460,000019c640019220,İKİZCE,C1-3,Numarasız 4,0,registered,unchanged,NO_DETERMINISTIC_DEVICE_LINK,,
2461,000019c640008824,İKİZCE,C1-3,Numarasız 5,0,registered,unchanged,NO_DETERMINISTIC_DEVICE_LINK,,
2462,000019c600002225,İKİZCE,C1-3,Numarasız 6,0,registered,unchanged,NO_DETERMINISTIC_DEVICE_LINK,,
2463,000019c600002226,İKİZCE,C1-3,Numarasız 7,0,registered,unchanged,NO_DETERMINISTIC_DEVICE_LINK,,
2464,000019c640006821,İKİZCE,C1-3,Numarasız 8,0,registered,unchanged,NO_DETERMINISTIC_DEVICE_LINK,,
2465,000019c640006283,İKİZCE,C1-3,Numarasız 9,0,registered,unchanged,NO_DETERMINISTIC_DEVICE_LINK,,
2466,000019c640007342,İKİZCE,C1-4,Numarasız 1,0,active,unchanged,NO_DETERMINISTIC_DEVICE_LINK,,
2467,000019c600002945,İKİZCE,C1-4,Numarasız 10,0,registered,unchanged,NO_DETERMINISTIC_DEVICE_LINK,,
2468,000019c640006837,İKİZCE,C1-4,Numarasız 11,0,active,unchanged,NO_DETERMINISTIC_DEVICE_LINK,,
2469,000019c640005970,İKİZCE,C1-4,Numarasız 12,0,registered,unchanged,NO_DETERMINISTIC_DEVICE_LINK,,
2470,000019c640006496,İKİZCE,C1-4,Numarasız 13,0,registered,unchanged,NO_DETERMINISTIC_DEVICE_LINK,,
2471,000019c640006832,İKİZCE,C1-4,Numarasız 14,0,registered,unchanged,NO_DETERMINISTIC_DEVICE_LINK,,
2472,000019c600002921,İKİZCE,C1-4,Numarasız 15,0,registered,unchanged,NO_DETERMINISTIC_DEVICE_LINK,,
2473,000019c600002923,İKİZCE,C1-4,Numarasız 16,0,registered,unchanged,NO_DETERMINISTIC_DEVICE_LINK,,
2474,000019c640009814,İKİZCE,C1-4,Numarasız 17,0,active,unchanged,NO_DETERMINISTIC_DEVICE_LINK,,
2475,000019c640008111,İKİZCE,C1-4,Numarasız 18,0,active,unchanged,NO_DETERMINISTIC_DEVICE_LINK,,
2476,000019c640009816,İKİZCE,C1-4,Numarasız 19,0,active,unchanged,NO_DETERMINISTIC_DEVICE_LINK,,
2477,000019c640006446,İKİZCE,C1-4,Numarasız 2,0,registered,unchanged,NO_DETERMINISTIC_DEVICE_LINK,,
2478,000019c600002924,İKİZCE,C1-4,Numarasız 20,0,registered,unchanged,NO_DETERMINISTIC_DEVICE_LINK,,
2479,000019c640005975,İKİZCE,C1-4,Numarasız 3,0,active,unchanged,NO_DETERMINISTIC_DEVICE_LINK,,
2480,000019c640009817,İKİZCE,C1-4,Numarasız 4,0,active,unchanged,NO_DETERMINISTIC_DEVICE_LINK,,
2481,000019c600003095,İKİZCE,C1-4,Numarasız 5,0,registered,unchanged,NO_DETERMINISTIC_DEVICE_LINK,,
2482,000019c600004602,İKİZCE,C1-4,Numarasız 6,0,registered,unchanged,NO_DETERMINISTIC_DEVICE_LINK,,
2483,000019c600001347,İKİZCE,C1-4,Numarasız 7,0,registered,unchanged,NO_DETERMINISTIC_DEVICE_LINK,,
2484,000019c600004069,İKİZCE,C1-4,Numarasız 8,0,registered,unchanged,NO_DETERMINISTIC_DEVICE_LINK,,
2485,000019c640005972,İKİZCE,C1-4,Numarasız 9,0,registered,unchanged,NO_DETERMINISTIC_DEVICE_LINK,,
2486,000019c600004370,İKİZCE,C1-5,Numarasız 1,0,registered,unchanged,NO_DETERMINISTIC_DEVICE_LINK,,
2487,000019c640005920,İKİZCE,C1-5,Numarasız 10,0,registered,unchanged,NO_DETERMINISTIC_DEVICE_LINK,,
2488,000019c600001853,İKİZCE,C1-5,Numarasız 11,0,registered,unchanged,NO_DETERMINISTIC_DEVICE_LINK,,
2489,000019c640005328,İKİZCE,C1-5,Numarasız 12,0,registered,unchanged,NO_DETERMINISTIC_DEVICE_LINK,,
2490,000019c600005929,İKİZCE,C1-5,Numarasız 13,0,registered,unchanged,NO_DETERMINISTIC_DEVICE_LINK,,
2491,000019c600004116,İKİZCE,C1-5,Numarasız 14,0,registered,unchanged,NO_DETERMINISTIC_DEVICE_LINK,,
2492,000019c600001404,İKİZCE,C1-5,Numarasız 15,0,registered,unchanged,NO_DETERMINISTIC_DEVICE_LINK,,
2493,000019c640005761,İKİZCE,C1-5,Numarasız 16,0,active,unchanged,NO_DETERMINISTIC_DEVICE_LINK,,
2494,000019c600004119,İKİZCE,C1-5,Numarasız 17,0,registered,unchanged,NO_DETERMINISTIC_DEVICE_LINK,,
2495,000019c640010997,İKİZCE,C1-5,Numarasız 18,0,registered,unchanged,NO_DETERMINISTIC_DEVICE_LINK,,
2496,000019c640005922,İKİZCE,C1-5,Numarasız 19,0,active,unchanged,NO_DETERMINISTIC_DEVICE_LINK,,
2497,000019c600004371,İKİZCE,C1-5,Numarasız 2,0,registered,unchanged,NO_DETERMINISTIC_DEVICE_LINK,,
2498,000019c600001854,İKİZCE,C1-5,Numarasız 20,0,registered,unchanged,NO_DETERMINISTIC_DEVICE_LINK,,
2499,000019c640010991,İKİZCE,C1-5,Numarasız 3,0,registered,unchanged,NO_DETERMINISTIC_DEVICE_LINK,,
2500,000019c600004772,İKİZCE,C1-5,Numarasız 4,0,registered,unchanged,NO_DETERMINISTIC_DEVICE_LINK,,
2501,000019c640004778,İKİZCE,C1-5,Numarasız 5,0,active,unchanged,NO_DETERMINISTIC_DEVICE_LINK,,
2502,000019c600003865,İKİZCE,C1-5,Numarasız 6,0,registered,unchanged,NO_DETERMINISTIC_DEVICE_LINK,,
2503,000019c640009911,İKİZCE,C1-5,Numarasız 7,0,registered,unchanged,NO_DETERMINISTIC_DEVICE_LINK,,
2504,000019c640005323,İKİZCE,C1-5,Numarasız 8,0,registered,unchanged,NO_DETERMINISTIC_DEVICE_LINK,,
2505,000019c600004113,İKİZCE,C1-5,Numarasız 9,0,registered,unchanged,NO_DETERMINISTIC_DEVICE_LINK,,
2506,000019c600003126,İKİZCE,C2,Daire 1,0,registered,unchanged,NO_DETERMINISTIC_DEVICE_LINK,,
2507,000019c640019323,İKİZCE,C2,Daire 1,0,registered,unchanged,NO_DETERMINISTIC_DEVICE_LINK,,
2508,000019c640017178,İKİZCE,C2,Daire 1,0,registered,unchanged,NO_DETERMINISTIC_DEVICE_LINK,,
2509,000019c640010439,İKİZCE,C2,Daire 10,0,registered,unchanged,NO_DETERMINISTIC_DEVICE_LINK,,
2510,000019c640018878,İKİZCE,C2,Daire 10,0,registered,unchanged,NO_DETERMINISTIC_DEVICE_LINK,,
2511,000019c640020522,İKİZCE,C2,Daire 10,0,registered,unchanged,NO_DETERMINISTIC_DEVICE_LINK,,
2512,000019c600002447,İKİZCE,C2,Daire 11,0,registered,unchanged,NO_DETERMINISTIC_DEVICE_LINK,,
2513,000019c640017341,İKİZCE,C2,Daire 11,0,active,unchanged,NO_DETERMINISTIC_DEVICE_LINK,,
2514,000019c640020501,İKİZCE,C2,Daire 11,0,registered,unchanged,NO_DETERMINISTIC_DEVICE_LINK,,
2515,000019c640010430,İKİZCE,C2,Daire 12,0,registered,unchanged,NO_DETERMINISTIC_DEVICE_LINK,,
2516,000019c640012264,İKİZCE,C2,Daire 12,0,registered,unchanged,NO_DETERMINISTIC_DEVICE_LINK,,
2517,000019c640020565,İKİZCE,C2,Daire 12,0,active,unchanged,NO_DETERMINISTIC_DEVICE_LINK,,
2518,000019c600001442,İKİZCE,C2,Daire 13,0,active,unchanged,NO_DETERMINISTIC_DEVICE_LINK,,
2519,000019c640017855,İKİZCE,C2,Daire 13,0,registered,unchanged,NO_DETERMINISTIC_DEVICE_LINK,,
2520,000019c640021476,İKİZCE,C2,Daire 13,0,registered,unchanged,NO_DETERMINISTIC_DEVICE_LINK,,
2521,000019c600001446,İKİZCE,C2,Daire 14,0,active,unchanged,NO_DETERMINISTIC_DEVICE_LINK,,
2522,000019c640012261,İKİZCE,C2,Daire 14,0,registered,unchanged,NO_DETERMINISTIC_DEVICE_LINK,,
2523,000019c640021471,İKİZCE,C2,Daire 14,0,active,unchanged,NO_DETERMINISTIC_DEVICE_LINK,,
2524,000019c600002732,İKİZCE,C2,Daire 15,0,active,unchanged,NO_DETERMINISTIC_DEVICE_LINK,,
2525,000019c640012263,İKİZCE,C2,Daire 15,0,registered,unchanged,NO_DETERMINISTIC_DEVICE_LINK,,
2526,000019c640021478,İKİZCE,C2,Daire 15,0,registered,unchanged,NO_DETERMINISTIC_DEVICE_LINK,,
2527,000019c600002731,İKİZCE,C2,Daire 16,0,active,unchanged,NO_DETERMINISTIC_DEVICE_LINK,,
2528,000019c640014449,İKİZCE,C2,Daire 16,0,registered,unchanged,NO_DETERMINISTIC_DEVICE_LINK,,
2529,000019c640020523,İKİZCE,C2,Daire 16,0,registered,unchanged,NO_DETERMINISTIC_DEVICE_LINK,,
2530,000019c600001448,İKİZCE,C2,Daire 17,0,active,unchanged,NO_DETERMINISTIC_DEVICE_LINK,,
2531,000019c640012845,İKİZCE,C2,Daire 17,0,registered,unchanged,NO_DETERMINISTIC_DEVICE_LINK,,
2532,000019c640020538,İKİZCE,C2,Daire 17,0,registered,unchanged,NO_DETERMINISTIC_DEVICE_LINK,,
2533,000019c600002737,İKİZCE,C2,Daire 18,0,active,unchanged,NO_DETERMINISTIC_DEVICE_LINK,,
2534,000019c640012171,İKİZCE,C2,Daire 18,0,registered,unchanged,NO_DETERMINISTIC_DEVICE_LINK,,
2535,000019c640014090,İKİZCE,C2,Daire 18,0,registered,unchanged,NO_DETERMINISTIC_DEVICE_LINK,,
2536,000019c600002733,İKİZCE,C2,Daire 19,0,active,unchanged,NO_DETERMINISTIC_DEVICE_LINK,,
2537,000019c640015258,İKİZCE,C2,Daire 19,0,registered,unchanged,NO_DETERMINISTIC_DEVICE_LINK,,
2538,000019c640021479,İKİZCE,C2,Daire 19,0,registered,unchanged,NO_DETERMINISTIC_DEVICE_LINK,,
2539,000019c600002442,İKİZCE,C2,Daire 2,0,registered,unchanged,NO_DETERMINISTIC_DEVICE_LINK,,
2540,000019c640018916,İKİZCE,C2,Daire 2,0,registered,unchanged,NO_DETERMINISTIC_DEVICE_LINK,,
2541,000019c640018344,İKİZCE,C2,Daire 2,0,active,unchanged,NO_DETERMINISTIC_DEVICE_LINK,,
2542,000019c640006564,İKİZCE,C2,Daire 20,0,active,unchanged,NO_DETERMINISTIC_DEVICE_LINK,,
2543,000019c640012693,İKİZCE,C2,Daire 20,0,registered,unchanged,NO_DETERMINISTIC_DEVICE_LINK,,
2544,000019c640020521,İKİZCE,C2,Daire 20,0,registered,unchanged,NO_DETERMINISTIC_DEVICE_LINK,,
2545,000019c600001447,İKİZCE,C2,Daire 21,0,active,unchanged,NO_DETERMINISTIC_DEVICE_LINK,,
2546,000019c640012697,İKİZCE,C2,Daire 21,0,registered,unchanged,NO_DETERMINISTIC_DEVICE_LINK,,
2547,000019c640017020,İKİZCE,C2,Daire 21,0,active,unchanged,NO_DETERMINISTIC_DEVICE_LINK,,
2548,000019c600002735,İKİZCE,C2,Daire 22,0,active,unchanged,NO_DETERMINISTIC_DEVICE_LINK,,
2549,000019c640018139,İKİZCE,C2,Daire 22,0,registered,unchanged,NO_DETERMINISTIC_DEVICE_LINK,,
2550,000019c640014091,İKİZCE,C2,Daire 22,0,registered,unchanged,NO_DETERMINISTIC_DEVICE_LINK,,
2551,000019c600002738,İKİZCE,C2,Daire 23,0,active,unchanged,NO_DETERMINISTIC_DEVICE_LINK,,
2552,000019c640015396,İKİZCE,C2,Daire 23,0,active,unchanged,NO_DETERMINISTIC_DEVICE_LINK,,
2553,000019c640020527,İKİZCE,C2,Daire 23,0,active,unchanged,NO_DETERMINISTIC_DEVICE_LINK,,
2554,000019c600001445,İKİZCE,C2,Daire 24,0,active,unchanged,NO_DETERMINISTIC_DEVICE_LINK,,
2555,000019c640012867,İKİZCE,C2,Daire 24,0,registered,unchanged,NO_DETERMINISTIC_DEVICE_LINK,,
2556,000019c640020528,İKİZCE,C2,Daire 24,0,active,unchanged,NO_DETERMINISTIC_DEVICE_LINK,,
2557,000019c600002739,İKİZCE,C2,Daire 25,0,active,unchanged,NO_DETERMINISTIC_DEVICE_LINK,,
2558,000019c640017011,İKİZCE,C2,Daire 25,0,active,unchanged,NO_DETERMINISTIC_DEVICE_LINK,,
2559,000019c640018334,İKİZCE,C2,Daire 25,0,registered,unchanged,NO_DETERMINISTIC_DEVICE_LINK,,
2560,000019c640017170,İKİZCE,C2,Daire 26,0,registered,unchanged,NO_DETERMINISTIC_DEVICE_LINK,,
2561,000019c640017669,İKİZCE,C2,Daire 27,0,active,unchanged,NO_DETERMINISTIC_DEVICE_LINK,,
2562,000019c640020596,İKİZCE,C2,Daire 28,0,active,unchanged,NO_DETERMINISTIC_DEVICE_LINK,,
2563,000019c640020506,İKİZCE,C2,Daire 29,0,active,unchanged,NO_DETERMINISTIC_DEVICE_LINK,,
2564,000019c640005664,İKİZCE,C2,Daire 3,0,registered,unchanged,NO_DETERMINISTIC_DEVICE_LINK,,
2565,000019c640013509,İKİZCE,C2,Daire 3,0,active,unchanged,NO_DETERMINISTIC_DEVICE_LINK,,
2566,000019c640018480,İKİZCE,C2,Daire 3,0,registered,unchanged,NO_DETERMINISTIC_DEVICE_LINK,,
2567,000019c640014094,İKİZCE,C2,Daire 30,0,registered,unchanged,NO_DETERMINISTIC_DEVICE_LINK,,
2568,000019c640010435,İKİZCE,C2,Daire 4,0,registered,unchanged,NO_DETERMINISTIC_DEVICE_LINK,,
2569,000019c640017858,İKİZCE,C2,Daire 4,0,active,unchanged,NO_DETERMINISTIC_DEVICE_LINK,,
2570,000019c640020560,İKİZCE,C2,Daire 4,0,registered,unchanged,NO_DETERMINISTIC_DEVICE_LINK,,
2571,000019c600002443,İKİZCE,C2,Daire 5,0,registered,unchanged,NO_DETERMINISTIC_DEVICE_LINK,,
2572,000019c640012268,İKİZCE,C2,Daire 5,0,registered,unchanged,NO_DETERMINISTIC_DEVICE_LINK,,
2573,000019c640018353,İKİZCE,C2,Daire 5,0,active,unchanged,NO_DETERMINISTIC_DEVICE_LINK,,
2574,000019c600003120,İKİZCE,C2,Daire 6,0,registered,unchanged,NO_DETERMINISTIC_DEVICE_LINK,,
2575,000019c640013722,İKİZCE,C2,Daire 6,0,registered,unchanged,NO_DETERMINISTIC_DEVICE_LINK,,
2576,000019c640014664,İKİZCE,C2,Daire 6,0,registered,unchanged,NO_DETERMINISTIC_DEVICE_LINK,,
2577,000019c640005634,İKİZCE,C2,Daire 7,0,active,unchanged,NO_DETERMINISTIC_DEVICE_LINK,,
2578,000019c640019766,İKİZCE,C2,Daire 7,0,registered,unchanged,NO_DETERMINISTIC_DEVICE_LINK,,
2579,000019c640018482,İKİZCE,C2,Daire 7,0,registered,unchanged,NO_DETERMINISTIC_DEVICE_LINK,,
2580,000019c600002440,İKİZCE,C2,Daire 8,0,registered,unchanged,NO_DETERMINISTIC_DEVICE_LINK,,
2581,000019c640017851,İKİZCE,C2,Daire 8,0,registered,unchanged,NO_DETERMINISTIC_DEVICE_LINK,,
2582,000019c640016412,İKİZCE,C2,Daire 8,0,registered,unchanged,NO_DETERMINISTIC_DEVICE_LINK,,
2583,000019c600001477,İKİZCE,C2,Daire 9,0,registered,unchanged,NO_DETERMINISTIC_DEVICE_LINK,,
2584,000019c640015250,İKİZCE,C2,Daire 9,0,registered,unchanged,NO_DETERMINISTIC_DEVICE_LINK,,
2585,000019c640018355,İKİZCE,C2,Daire 9,0,registered,unchanged,NO_DETERMINISTIC_DEVICE_LINK,,
2586,000019c640036056,İKİZCE,C2,Numarasız 1,0,active,unchanged,NO_DETERMINISTIC_DEVICE_LINK,,
2587,000019c640014270,İKİZCE,C2,Numarasız 1,0,registered,unchanged,NO_DETERMINISTIC_DEVICE_LINK,,
2588,000019c640032321,İKİZCE,C2,Numarasız 10,0,active,unchanged,NO_DETERMINISTIC_DEVICE_LINK,,
2589,000019c640015195,İKİZCE,C2,Numarasız 10,0,registered,unchanged,NO_DETERMINISTIC_DEVICE_LINK,,
2590,000019c640032322,İKİZCE,C2,Numarasız 11,0,active,unchanged,NO_DETERMINISTIC_DEVICE_LINK,,
2591,000019c640014277,İKİZCE,C2,Numarasız 11,0,registered,unchanged,NO_DETERMINISTIC_DEVICE_LINK,,
2592,000019c640036032,İKİZCE,C2,Numarasız 12,0,active,unchanged,NO_DETERMINISTIC_DEVICE_LINK,,
2593,000019c640015186,İKİZCE,C2,Numarasız 12,0,active,unchanged,NO_DETERMINISTIC_DEVICE_LINK,,
2594,000019c640036039,İKİZCE,C2,Numarasız 13,0,active,unchanged,NO_DETERMINISTIC_DEVICE_LINK,,
2595,000019c640016530,İKİZCE,C2,Numarasız 13,0,registered,unchanged,NO_DETERMINISTIC_DEVICE_LINK,,
2596,000019c640032325,İKİZCE,C2,Numarasız 14,0,active,unchanged,NO_DETERMINISTIC_DEVICE_LINK,,
2597,000019c640012501,İKİZCE,C2,Numarasız 14,0,registered,unchanged,NO_DETERMINISTIC_DEVICE_LINK,,
2598,000019c640036078,İKİZCE,C2,Numarasız 15,0,active,unchanged,NO_DETERMINISTIC_DEVICE_LINK,,
2599,000019c640016082,İKİZCE,C2,Numarasız 15,0,registered,unchanged,NO_DETERMINISTIC_DEVICE_LINK,,
2600,000019c640036076,İKİZCE,C2,Numarasız 16,0,active,unchanged,NO_DETERMINISTIC_DEVICE_LINK,,
2601,000019c640016782,İKİZCE,C2,Numarasız 16,0,registered,unchanged,NO_DETERMINISTIC_DEVICE_LINK,,
2602,000019c640036073,İKİZCE,C2,Numarasız 17,0,active,unchanged,NO_DETERMINISTIC_DEVICE_LINK,,
2603,000019c640016531,İKİZCE,C2,Numarasız 17,0,registered,unchanged,NO_DETERMINISTIC_DEVICE_LINK,,
2604,000019c640036075,İKİZCE,C2,Numarasız 18,0,active,unchanged,NO_DETERMINISTIC_DEVICE_LINK,,
2605,000019c640016788,İKİZCE,C2,Numarasız 18,0,registered,unchanged,NO_DETERMINISTIC_DEVICE_LINK,,
2606,000019c640032831,İKİZCE,C2,Numarasız 19,0,active,unchanged,NO_DETERMINISTIC_DEVICE_LINK,,
2607,000019c640016536,İKİZCE,C2,Numarasız 19,0,registered,unchanged,NO_DETERMINISTIC_DEVICE_LINK,,
2608,000019c640037122,İKİZCE,C2,Numarasız 2,0,active,unchanged,NO_DETERMINISTIC_DEVICE_LINK,,
2609,000019c640015184,İKİZCE,C2,Numarasız 2,0,registered,unchanged,NO_DETERMINISTIC_DEVICE_LINK,,
2610,000019c640036074,İKİZCE,C2,Numarasız 20,0,active,unchanged,NO_DETERMINISTIC_DEVICE_LINK,,
2611,000019c640016533,İKİZCE,C2,Numarasız 20,0,active,unchanged,NO_DETERMINISTIC_DEVICE_LINK,,
2612,000019c640032836,İKİZCE,C2,Numarasız 21,0,active,unchanged,NO_DETERMINISTIC_DEVICE_LINK,,
2613,000019c640012714,İKİZCE,C2,Numarasız 21,0,active,unchanged,NO_DETERMINISTIC_DEVICE_LINK,,
2614,000019c640033102,İKİZCE,C2,Numarasız 22,0,active,unchanged,NO_DETERMINISTIC_DEVICE_LINK,,
2615,000019c640012716,İKİZCE,C2,Numarasız 22,0,active,unchanged,NO_DETERMINISTIC_DEVICE_LINK,,
2616,000019c640036021,İKİZCE,C2,Numarasız 23,0,active,unchanged,NO_DETERMINISTIC_DEVICE_LINK,,
2617,000019c640012508,İKİZCE,C2,Numarasız 23,0,registered,unchanged,NO_DETERMINISTIC_DEVICE_LINK,,
2618,000019c640036029,İKİZCE,C2,Numarasız 24,0,active,unchanged,NO_DETERMINISTIC_DEVICE_LINK,,
2619,000019c640012712,İKİZCE,C2,Numarasız 24,0,registered,unchanged,NO_DETERMINISTIC_DEVICE_LINK,,
2620,000019c640032392,İKİZCE,C2,Numarasız 25,0,active,unchanged,NO_DETERMINISTIC_DEVICE_LINK,,
2621,000019c640012503,İKİZCE,C2,Numarasız 25,0,active,unchanged,NO_DETERMINISTIC_DEVICE_LINK,,
2622,000019c640033105,İKİZCE,C2,Numarasız 26,0,active,unchanged,NO_DETERMINISTIC_DEVICE_LINK,,
2623,000019c640036023,İKİZCE,C2,Numarasız 27,0,active,unchanged,NO_DETERMINISTIC_DEVICE_LINK,,
2624,000019c640032328,İKİZCE,C2,Numarasız 3,0,registered,unchanged,NO_DETERMINISTIC_DEVICE_LINK,,
2625,000019c640018257,İKİZCE,C2,Numarasız 3,0,registered,unchanged,NO_DETERMINISTIC_DEVICE_LINK,,
2626,000019c640032330,İKİZCE,C2,Numarasız 4,0,active,unchanged,NO_DETERMINISTIC_DEVICE_LINK,,
2627,000019c640014023,İKİZCE,C2,Numarasız 4,0,registered,unchanged,NO_DETERMINISTIC_DEVICE_LINK,,
2628,000019c640036079,İKİZCE,C2,Numarasız 5,0,active,unchanged,NO_DETERMINISTIC_DEVICE_LINK,,
2629,000019c640015187,İKİZCE,C2,Numarasız 5,0,registered,unchanged,NO_DETERMINISTIC_DEVICE_LINK,,
2630,000019c640036071,İKİZCE,C2,Numarasız 6,0,active,unchanged,NO_DETERMINISTIC_DEVICE_LINK,,
2631,000019c640014272,İKİZCE,C2,Numarasız 6,0,registered,unchanged,NO_DETERMINISTIC_DEVICE_LINK,,
2632,000019c640036072,İKİZCE,C2,Numarasız 7,0,active,unchanged,NO_DETERMINISTIC_DEVICE_LINK,,
2633,000019c640018255,İKİZCE,C2,Numarasız 7,0,registered,unchanged,NO_DETERMINISTIC_DEVICE_LINK,,
2634,000019c640032329,İKİZCE,C2,Numarasız 8,0,active,unchanged,NO_DETERMINISTIC_DEVICE_LINK,,
2635,000019c640018259,İKİZCE,C2,Numarasız 8,0,registered,unchanged,NO_DETERMINISTIC_DEVICE_LINK,,
2636,000019c640036054,İKİZCE,C2,Numarasız 9,0,registered,unchanged,NO_DETERMINISTIC_DEVICE_LINK,,
2637,000019c640012527,İKİZCE,C2,Numarasız 9,0,registered,unchanged,NO_DETERMINISTIC_DEVICE_LINK,,
2638,000019c640044404,İKİZCE,C2,Ortak Alan 1,0,registered,unchanged,NO_DETERMINISTIC_DEVICE_LINK,,
2639,000019c640046244,İKİZCE,C2,Ortak Alan 2,0,registered,unchanged,NO_DETERMINISTIC_DEVICE_LINK,,
2640,000019c640043004,İKİZCE,C2,Ortak Alan 3,0,registered,unchanged,NO_DETERMINISTIC_DEVICE_LINK,,
2641,000019c640022357,İKİZCE,C2,Ortak sayac,0,registered,unchanged,NO_DETERMINISTIC_DEVICE_LINK,,
2642,000019c640006491,İKİZCE,C2-4,Numarasız 1,0,registered,unchanged,NO_DETERMINISTIC_DEVICE_LINK,,
2643,000019c640009910,İKİZCE,C2-4,Numarasız 10,0,registered,unchanged,NO_DETERMINISTIC_DEVICE_LINK,,
2644,000019c600003867,İKİZCE,C2-4,Numarasız 11,0,registered,unchanged,NO_DETERMINISTIC_DEVICE_LINK,,
2645,000019c640009918,İKİZCE,C2-4,Numarasız 12,0,registered,unchanged,NO_DETERMINISTIC_DEVICE_LINK,,
2646,000019c600001852,İKİZCE,C2-4,Numarasız 13,0,registered,unchanged,NO_DETERMINISTIC_DEVICE_LINK,,
2647,000019c640007728,İKİZCE,C2-4,Numarasız 14,0,registered,unchanged,NO_DETERMINISTIC_DEVICE_LINK,,
2648,000019c640007724,İKİZCE,C2-4,Numarasız 15,0,registered,unchanged,NO_DETERMINISTIC_DEVICE_LINK,,
2649,000019c640010999,İKİZCE,C2-4,Numarasız 16,0,active,unchanged,NO_DETERMINISTIC_DEVICE_LINK,,
2650,000019c640002060,İKİZCE,C2-4,Numarasız 17,0,registered,unchanged,NO_DETERMINISTIC_DEVICE_LINK,,
2651,000019c600003864,İKİZCE,C2-4,Numarasız 18,0,registered,unchanged,NO_DETERMINISTIC_DEVICE_LINK,,
2652,000019c600001857,İKİZCE,C2-4,Numarasız 19,0,registered,unchanged,NO_DETERMINISTIC_DEVICE_LINK,,
2653,000019c640006497,İKİZCE,C2-4,Numarasız 2,0,registered,unchanged,NO_DETERMINISTIC_DEVICE_LINK,,
2654,000019c600004776,İKİZCE,C2-4,Numarasız 20,0,registered,unchanged,NO_DETERMINISTIC_DEVICE_LINK,,
2655,000019c640003058,İKİZCE,C2-4,Numarasız 3,0,active,unchanged,NO_DETERMINISTIC_DEVICE_LINK,,
2656,000019c640008814,İKİZCE,C2-4,Numarasız 4,0,registered,unchanged,NO_DETERMINISTIC_DEVICE_LINK,,
2657,000019c640010998,İKİZCE,C2-4,Numarasız 5,0,registered,unchanged,NO_DETERMINISTIC_DEVICE_LINK,,
2658,000019c640005017,İKİZCE,C2-4,Numarasız 6,0,registered,unchanged,NO_DETERMINISTIC_DEVICE_LINK,,
2659,000019c640008112,İKİZCE,C2-4,Numarasız 7,0,registered,unchanged,NO_DETERMINISTIC_DEVICE_LINK,,
2660,000019c640002343,İKİZCE,C2-4,Numarasız 8,0,active,unchanged,NO_DETERMINISTIC_DEVICE_LINK,,
2661,000019c600003869,İKİZCE,C2-4,Numarasız 9,0,registered,unchanged,NO_DETERMINISTIC_DEVICE_LINK,,
2662,000019c640005321,İKİZCE,C2-5,Numarasız 1,0,active,unchanged,NO_DETERMINISTIC_DEVICE_LINK,,
2663,000019c640005074,İKİZCE,C2-5,Numarasız 10,0,registered,unchanged,NO_DETERMINISTIC_DEVICE_LINK,,
2664,000019c600004110,İKİZCE,C2-5,Numarasız 11,0,registered,unchanged,NO_DETERMINISTIC_DEVICE_LINK,,
2665,000019c600003322,İKİZCE,C2-5,Numarasız 12,0,registered,unchanged,NO_DETERMINISTIC_DEVICE_LINK,,
2666,000019c600003328,İKİZCE,C2-5,Numarasız 13,0,registered,unchanged,NO_DETERMINISTIC_DEVICE_LINK,,
2667,000019c640005927,İKİZCE,C2-5,Numarasız 14,0,registered,unchanged,NO_DETERMINISTIC_DEVICE_LINK,,
2668,000019c640005924,İKİZCE,C2-5,Numarasız 15,0,active,unchanged,NO_DETERMINISTIC_DEVICE_LINK,,
2669,000019c600003323,İKİZCE,C2-5,Numarasız 16,0,registered,unchanged,NO_DETERMINISTIC_DEVICE_LINK,,
2670,000019c600003321,İKİZCE,C2-5,Numarasız 17,0,registered,unchanged,NO_DETERMINISTIC_DEVICE_LINK,,
2671,000019c640005079,İKİZCE,C2-5,Numarasız 18,0,registered,unchanged,NO_DETERMINISTIC_DEVICE_LINK,,
2672,000019c640005928,İKİZCE,C2-5,Numarasız 19,0,active,unchanged,NO_DETERMINISTIC_DEVICE_LINK,,
2673,000019c600003868,İKİZCE,C2-5,Numarasız 2,0,registered,unchanged,NO_DETERMINISTIC_DEVICE_LINK,,
2674,000019c600004112,İKİZCE,C2-5,Numarasız 20,0,registered,unchanged,NO_DETERMINISTIC_DEVICE_LINK,,
2675,000019c640001859,İKİZCE,C2-5,Numarasız 3,0,registered,unchanged,NO_DETERMINISTIC_DEVICE_LINK,,
2676,000019c600002049,İKİZCE,C2-5,Numarasız 4,0,registered,unchanged,NO_DETERMINISTIC_DEVICE_LINK,,
2677,000019c640009919,İKİZCE,C2-5,Numarasız 5,0,active,unchanged,NO_DETERMINISTIC_DEVICE_LINK,,
2678,000019c640009915,İKİZCE,C2-5,Numarasız 6,0,registered,unchanged,NO_DETERMINISTIC_DEVICE_LINK,,
2679,000019c640004372,İKİZCE,C2-5,Numarasız 7,0,registered,unchanged,NO_DETERMINISTIC_DEVICE_LINK,,
2680,000019c640010993,İKİZCE,C2-5,Numarasız 8,0,registered,unchanged,NO_DETERMINISTIC_DEVICE_LINK,,
2681,000019c600004117,İKİZCE,C2-5,Numarasız 9,0,registered,unchanged,NO_DETERMINISTIC_DEVICE_LINK,,
2682,000019c600003365,İKİZCE,C3,Daire 1,0,registered,unchanged,NO_DETERMINISTIC_DEVICE_LINK,,
2683,000019c640015254,İKİZCE,C3,Daire 1,0,registered,unchanged,NO_DETERMINISTIC_DEVICE_LINK,,
2684,000019c640009376,İKİZCE,C3,Daire 1,0,registered,unchanged,NO_DETERMINISTIC_DEVICE_LINK,,
2685,000019c600001054,İKİZCE,C3,Daire 10,0,registered,unchanged,NO_DETERMINISTIC_DEVICE_LINK,,
2686,000019c640017016,İKİZCE,C3,Daire 10,0,registered,unchanged,NO_DETERMINISTIC_DEVICE_LINK,,
2687,000019c640017661,İKİZCE,C3,Daire 10,0,registered,unchanged,NO_DETERMINISTIC_DEVICE_LINK,,
2688,000019c600001273,İKİZCE,C3,Daire 11,0,active,unchanged,NO_DETERMINISTIC_DEVICE_LINK,,
2689,000019c640017615,İKİZCE,C3,Daire 11,0,registered,unchanged,NO_DETERMINISTIC_DEVICE_LINK,,
2690,000019c640017009,İKİZCE,C3,Daire 11,0,registered,unchanged,NO_DETERMINISTIC_DEVICE_LINK,,
2691,000019c600001316,İKİZCE,C3,Daire 12,0,active,unchanged,NO_DETERMINISTIC_DEVICE_LINK,,
2692,000019c640019329,İKİZCE,C3,Daire 12,0,registered,unchanged,NO_DETERMINISTIC_DEVICE_LINK,,
2693,000019c600001180,İKİZCE,C3,Daire 13,0,active,unchanged,NO_DETERMINISTIC_DEVICE_LINK,,
2694,000019c640015252,İKİZCE,C3,Daire 13,0,registered,unchanged,NO_DETERMINISTIC_DEVICE_LINK,,
2695,000019c640017665,İKİZCE,C3,Daire 13,0,registered,unchanged,NO_DETERMINISTIC_DEVICE_LINK,,
2696,000019c640006562,İKİZCE,C3,Daire 14,0,active,unchanged,NO_DETERMINISTIC_DEVICE_LINK,,
2697,000019c640012861,İKİZCE,C3,Daire 14,0,registered,unchanged,NO_DETERMINISTIC_DEVICE_LINK,,
2698,000019c640017663,İKİZCE,C3,Daire 14,0,active,unchanged,NO_DETERMINISTIC_DEVICE_LINK,,
2699,000019c640005263,İKİZCE,C3,Daire 15,0,registered,unchanged,NO_DETERMINISTIC_DEVICE_LINK,,
2700,000019c640014440,İKİZCE,C3,Daire 15,0,registered,unchanged,NO_DETERMINISTIC_DEVICE_LINK,,
2701,000019c640017668,İKİZCE,C3,Daire 15,0,registered,unchanged,NO_DETERMINISTIC_DEVICE_LINK,,
2702,000019c640005120,İKİZCE,C3,Daire 16,0,registered,unchanged,NO_DETERMINISTIC_DEVICE_LINK,,
2703,000019c640018915,İKİZCE,C3,Daire 16,0,registered,unchanged,NO_DETERMINISTIC_DEVICE_LINK,,
2704,000019c640017666,İKİZCE,C3,Daire 16,0,active,unchanged,NO_DETERMINISTIC_DEVICE_LINK,,
2705,000019c600004011,İKİZCE,C3,Daire 17,0,registered,unchanged,NO_DETERMINISTIC_DEVICE_LINK,,
2706,000019c640015397,İKİZCE,C3,Daire 17,0,registered,unchanged,NO_DETERMINISTIC_DEVICE_LINK,,
2707,000019c640006245,İKİZCE,C3,Daire 17,0,registered,unchanged,NO_DETERMINISTIC_DEVICE_LINK,,
2708,000019c640008689,İKİZCE,C3,Daire 18,0,registered,unchanged,NO_DETERMINISTIC_DEVICE_LINK,,
2709,000019c640012179,İKİZCE,C3,Daire 18,0,registered,unchanged,NO_DETERMINISTIC_DEVICE_LINK,,
2710,000019c640009375,İKİZCE,C3,Daire 18,0,registered,unchanged,NO_DETERMINISTIC_DEVICE_LINK,,
2711,000019c640005055,İKİZCE,C3,Daire 19,0,active,unchanged,NO_DETERMINISTIC_DEVICE_LINK,,
2712,000019c640017017,İKİZCE,C3,Daire 19,0,registered,unchanged,NO_DETERMINISTIC_DEVICE_LINK,,
2713,000019c640006246,İKİZCE,C3,Daire 19,0,registered,unchanged,NO_DETERMINISTIC_DEVICE_LINK,,
2714,000019c640005041,İKİZCE,C3,Daire 2,0,registered,unchanged,NO_DETERMINISTIC_DEVICE_LINK,,
2715,000019c640019492,İKİZCE,C3,Daire 2,0,registered,unchanged,NO_DETERMINISTIC_DEVICE_LINK,,
2716,000019c640006241,İKİZCE,C3,Daire 2,0,registered,unchanged,NO_DETERMINISTIC_DEVICE_LINK,,
2717,000019c600004017,İKİZCE,C3,Daire 20,0,active,unchanged,NO_DETERMINISTIC_DEVICE_LINK,,
2718,000019c640018914,İKİZCE,C3,Daire 20,0,registered,unchanged,NO_DETERMINISTIC_DEVICE_LINK,,
2719,000019c640017005,İKİZCE,C3,Daire 20,0,active,unchanged,NO_DETERMINISTIC_DEVICE_LINK,,
2720,000019c640008682,İKİZCE,C3,Daire 21,0,active,unchanged,NO_DETERMINISTIC_DEVICE_LINK,,
2721,000019c640017356,İKİZCE,C3,Daire 21,0,registered,unchanged,NO_DETERMINISTIC_DEVICE_LINK,,
2722,000019c640017006,İKİZCE,C3,Daire 21,0,active,unchanged,NO_DETERMINISTIC_DEVICE_LINK,,
2723,000019c600001759,İKİZCE,C3,Daire 22,0,active,unchanged,NO_DETERMINISTIC_DEVICE_LINK,,
2724,000019c640018917,İKİZCE,C3,Daire 22,0,registered,unchanged,NO_DETERMINISTIC_DEVICE_LINK,,
2725,000019c640017002,İKİZCE,C3,Daire 22,0,active,unchanged,NO_DETERMINISTIC_DEVICE_LINK,,
2726,000019c640005268,İKİZCE,C3,Daire 23,0,active,unchanged,NO_DETERMINISTIC_DEVICE_LINK,,
2727,000019c640017019,İKİZCE,C3,Daire 23,0,registered,unchanged,NO_DETERMINISTIC_DEVICE_LINK,,
2728,000019c640017000,İKİZCE,C3,Daire 23,0,registered,unchanged,NO_DETERMINISTIC_DEVICE_LINK,,
2729,000019c600001181,İKİZCE,C3,Daire 24,0,active,unchanged,NO_DETERMINISTIC_DEVICE_LINK,,
2730,000019c640019491,İKİZCE,C3,Daire 24,0,registered,unchanged,NO_DETERMINISTIC_DEVICE_LINK,,
2731,000019c640017007,İKİZCE,C3,Daire 24,0,registered,unchanged,NO_DETERMINISTIC_DEVICE_LINK,,
2732,000019c600004224,İKİZCE,C3,Daire 25,0,active,unchanged,NO_DETERMINISTIC_DEVICE_LINK,,
2733,000019c640019309,İKİZCE,C3,Daire 25,0,registered,unchanged,NO_DETERMINISTIC_DEVICE_LINK,,
2734,000019c640017003,İKİZCE,C3,Daire 25,0,active,unchanged,NO_DETERMINISTIC_DEVICE_LINK,,
2735,000019c640017004,İKİZCE,C3,Daire 26,0,active,unchanged,NO_DETERMINISTIC_DEVICE_LINK,,
2736,000019c640017662,İKİZCE,C3,Daire 27,0,active,unchanged,NO_DETERMINISTIC_DEVICE_LINK,,
2737,000019c640017001,İKİZCE,C3,Daire 28,0,registered,unchanged,NO_DETERMINISTIC_DEVICE_LINK,,
2738,000019c640017660,İKİZCE,C3,Daire 29,0,registered,unchanged,NO_DETERMINISTIC_DEVICE_LINK,,
2739,000019c640005043,İKİZCE,C3,Daire 3,0,registered,unchanged,NO_DETERMINISTIC_DEVICE_LINK,,
2740,000019c640012967,İKİZCE,C3,Daire 3,0,registered,unchanged,NO_DETERMINISTIC_DEVICE_LINK,,
2741,000019c640009535,İKİZCE,C3,Daire 3,0,active,unchanged,NO_DETERMINISTIC_DEVICE_LINK,,
2742,000019c640005126,İKİZCE,C3,Daire 4,0,registered,unchanged,NO_DETERMINISTIC_DEVICE_LINK,,
2743,000019c640017617,İKİZCE,C3,Daire 4,0,registered,unchanged,NO_DETERMINISTIC_DEVICE_LINK,,
2744,000019c640009373,İKİZCE,C3,Daire 4,0,active,unchanged,NO_DETERMINISTIC_DEVICE_LINK,,
2745,000019c640008684,İKİZCE,C3,Daire 5,0,registered,unchanged,NO_DETERMINISTIC_DEVICE_LINK,,
2746,000019c640017357,İKİZCE,C3,Daire 5,0,registered,unchanged,NO_DETERMINISTIC_DEVICE_LINK,,
2747,000019c640009538,İKİZCE,C3,Daire 5,0,registered,unchanged,NO_DETERMINISTIC_DEVICE_LINK,,
2748,000019c600001315,İKİZCE,C3,Daire 6,0,registered,unchanged,NO_DETERMINISTIC_DEVICE_LINK,,
2749,000019c640018172,İKİZCE,C3,Daire 6,0,registered,unchanged,NO_DETERMINISTIC_DEVICE_LINK,,
2750,000019c640007901,İKİZCE,C3,Daire 6,0,registered,unchanged,NO_DETERMINISTIC_DEVICE_LINK,,
2751,000019c640006566,İKİZCE,C3,Daire 7,0,registered,unchanged,NO_DETERMINISTIC_DEVICE_LINK,,
2752,000019c640019327,İKİZCE,C3,Daire 7,0,registered,unchanged,NO_DETERMINISTIC_DEVICE_LINK,,
2753,000019c640009539,İKİZCE,C3,Daire 7,0,registered,unchanged,NO_DETERMINISTIC_DEVICE_LINK,,
2754,000019c640005042,İKİZCE,C3,Daire 8,0,active,unchanged,NO_DETERMINISTIC_DEVICE_LINK,,
2755,000019c640012175,İKİZCE,C3,Daire 8,0,registered,unchanged,NO_DETERMINISTIC_DEVICE_LINK,,
2756,000019c640017664,İKİZCE,C3,Daire 8,0,registered,unchanged,NO_DETERMINISTIC_DEVICE_LINK,,
2757,000019c600004010,İKİZCE,C3,Daire 9,0,active,unchanged,NO_DETERMINISTIC_DEVICE_LINK,,
2758,000019c640012692,İKİZCE,C3,Daire 9,0,registered,unchanged,NO_DETERMINISTIC_DEVICE_LINK,,
2759,000019c640007900,İKİZCE,C3,Daire 9,0,active,unchanged,NO_DETERMINISTIC_DEVICE_LINK,,
2760,000019c640007906,İKİZCE,C3,Kapıcı Dairesi,0,registered,unchanged,NO_DETERMINISTIC_DEVICE_LINK,,
2761,000019c640036099,İKİZCE,C3,Numarasız 1,0,active,unchanged,NO_DETERMINISTIC_DEVICE_LINK,,
2762,000019c640015181,İKİZCE,C3,Numarasız 1,0,registered,unchanged,NO_DETERMINISTIC_DEVICE_LINK,,
2763,000019c640038889,İKİZCE,C3,Numarasız 10,0,active,unchanged,NO_DETERMINISTIC_DEVICE_LINK,,
2764,000019c640016081,İKİZCE,C3,Numarasız 10,0,active,unchanged,NO_DETERMINISTIC_DEVICE_LINK,,
2765,000019c640038875,İKİZCE,C3,Numarasız 11,0,active,unchanged,NO_DETERMINISTIC_DEVICE_LINK,,
2766,000019c640016084,İKİZCE,C3,Numarasız 11,0,registered,unchanged,NO_DETERMINISTIC_DEVICE_LINK,,
2767,000019c640036096,İKİZCE,C3,Numarasız 12,0,active,unchanged,NO_DETERMINISTIC_DEVICE_LINK,,
2768,000019c640017477,İKİZCE,C3,Numarasız 12,0,active,unchanged,NO_DETERMINISTIC_DEVICE_LINK,,
2769,000019c640036526,İKİZCE,C3,Numarasız 13,0,active,unchanged,NO_DETERMINISTIC_DEVICE_LINK,,
2770,000019c640015189,İKİZCE,C3,Numarasız 13,0,registered,unchanged,NO_DETERMINISTIC_DEVICE_LINK,,
2771,000019c640036529,İKİZCE,C3,Numarasız 14,0,active,unchanged,NO_DETERMINISTIC_DEVICE_LINK,,
2772,000019c640013324,İKİZCE,C3,Numarasız 14,0,registered,unchanged,NO_DETERMINISTIC_DEVICE_LINK,,
2773,000019c640038886,İKİZCE,C3,Numarasız 15,0,active,unchanged,NO_DETERMINISTIC_DEVICE_LINK,,
2774,000019c640013326,İKİZCE,C3,Numarasız 15,0,registered,unchanged,NO_DETERMINISTIC_DEVICE_LINK,,
2775,000019c640036528,İKİZCE,C3,Numarasız 16,0,active,unchanged,NO_DETERMINISTIC_DEVICE_LINK,,
2776,000019c640016781,İKİZCE,C3,Numarasız 16,0,registered,unchanged,NO_DETERMINISTIC_DEVICE_LINK,,
2777,000019c640036525,İKİZCE,C3,Numarasız 17,0,registered,unchanged,NO_DETERMINISTIC_DEVICE_LINK,,
2778,000019c640016787,İKİZCE,C3,Numarasız 17,0,registered,unchanged,NO_DETERMINISTIC_DEVICE_LINK,,
2779,000019c640036523,İKİZCE,C3,Numarasız 18,0,active,unchanged,NO_DETERMINISTIC_DEVICE_LINK,,
2780,000019c640016783,İKİZCE,C3,Numarasız 18,0,registered,unchanged,NO_DETERMINISTIC_DEVICE_LINK,,
2781,000019c640036521,İKİZCE,C3,Numarasız 19,0,registered,unchanged,NO_DETERMINISTIC_DEVICE_LINK,,
2782,000019c640016786,İKİZCE,C3,Numarasız 19,0,registered,unchanged,NO_DETERMINISTIC_DEVICE_LINK,,
2783,000019c640036091,İKİZCE,C3,Numarasız 2,0,active,unchanged,NO_DETERMINISTIC_DEVICE_LINK,,
2784,000019c640015119,İKİZCE,C3,Numarasız 2,0,registered,unchanged,NO_DETERMINISTIC_DEVICE_LINK,,
2785,000019c640038871,İKİZCE,C3,Numarasız 20,0,active,unchanged,NO_DETERMINISTIC_DEVICE_LINK,,
2786,000019c640014408,İKİZCE,C3,Numarasız 20,0,registered,unchanged,NO_DETERMINISTIC_DEVICE_LINK,,
2787,000019c640036005,İKİZCE,C3,Numarasız 21,0,active,unchanged,NO_DETERMINISTIC_DEVICE_LINK,,
2788,000019c640013325,İKİZCE,C3,Numarasız 21,0,registered,unchanged,NO_DETERMINISTIC_DEVICE_LINK,,
2789,000019c640038890,İKİZCE,C3,Numarasız 22,0,active,unchanged,NO_DETERMINISTIC_DEVICE_LINK,,
2790,000019c640014271,İKİZCE,C3,Numarasız 22,0,registered,unchanged,NO_DETERMINISTIC_DEVICE_LINK,,
2791,000019c640036007,İKİZCE,C3,Numarasız 23,0,registered,unchanged,NO_DETERMINISTIC_DEVICE_LINK,,
2792,000019c640013328,İKİZCE,C3,Numarasız 23,0,registered,unchanged,NO_DETERMINISTIC_DEVICE_LINK,,
2793,000019c640036002,İKİZCE,C3,Numarasız 24,0,active,unchanged,NO_DETERMINISTIC_DEVICE_LINK,,
2794,000019c640016785,İKİZCE,C3,Numarasız 24,0,registered,unchanged,NO_DETERMINISTIC_DEVICE_LINK,,
2795,000019c640036010,İKİZCE,C3,Numarasız 25,0,active,unchanged,NO_DETERMINISTIC_DEVICE_LINK,,
2796,000019c640016784,İKİZCE,C3,Numarasız 25,0,active,unchanged,NO_DETERMINISTIC_DEVICE_LINK,,
2797,000019c640036001,İKİZCE,C3,Numarasız 26,0,active,unchanged,NO_DETERMINISTIC_DEVICE_LINK,,
2798,000019c640038884,İKİZCE,C3,Numarasız 27,0,active,unchanged,NO_DETERMINISTIC_DEVICE_LINK,,
2799,000019c640038876,İKİZCE,C3,Numarasız 28,0,active,unchanged,NO_DETERMINISTIC_DEVICE_LINK,,
2800,000019c640036004,İKİZCE,C3,Numarasız 29,0,active,unchanged,NO_DETERMINISTIC_DEVICE_LINK,,
2801,000019c640038881,İKİZCE,C3,Numarasız 3,0,active,unchanged,NO_DETERMINISTIC_DEVICE_LINK,,
2802,000019c640016324,İKİZCE,C3,Numarasız 3,0,registered,unchanged,NO_DETERMINISTIC_DEVICE_LINK,,
2803,000019c640038872,İKİZCE,C3,Numarasız 30,0,active,unchanged,NO_DETERMINISTIC_DEVICE_LINK,,
2804,000019c640038885,İKİZCE,C3,Numarasız 4,0,registered,unchanged,NO_DETERMINISTIC_DEVICE_LINK,,
2805,000019c640016325,İKİZCE,C3,Numarasız 4,0,registered,unchanged,NO_DETERMINISTIC_DEVICE_LINK,,
2806,000019c640038887,İKİZCE,C3,Numarasız 5,0,registered,unchanged,NO_DETERMINISTIC_DEVICE_LINK,,
2807,000019c640016087,İKİZCE,C3,Numarasız 5,0,registered,unchanged,NO_DETERMINISTIC_DEVICE_LINK,,
2808,000019c640038888,İKİZCE,C3,Numarasız 6,0,registered,unchanged,NO_DETERMINISTIC_DEVICE_LINK,,
2809,000019c640015185,İKİZCE,C3,Numarasız 6,0,registered,unchanged,NO_DETERMINISTIC_DEVICE_LINK,,
2810,000019c640038877,İKİZCE,C3,Numarasız 7,0,registered,unchanged,NO_DETERMINISTIC_DEVICE_LINK,,
2811,000019c640012528,İKİZCE,C3,Numarasız 7,0,active,unchanged,NO_DETERMINISTIC_DEVICE_LINK,,
2812,000019c640038874,İKİZCE,C3,Numarasız 8,0,registered,unchanged,NO_DETERMINISTIC_DEVICE_LINK,,
2813,000019c640016328,İKİZCE,C3,Numarasız 8,0,registered,unchanged,NO_DETERMINISTIC_DEVICE_LINK,,
2814,000019c640036098,İKİZCE,C3,Numarasız 9,0,registered,unchanged,NO_DETERMINISTIC_DEVICE_LINK,,
2815,000019c640015115,İKİZCE,C3,Numarasız 9,0,registered,unchanged,NO_DETERMINISTIC_DEVICE_LINK,,
2816,000019c640047308,İKİZCE,C3,Ortak Alan 1,0,registered,unchanged,NO_DETERMINISTIC_DEVICE_LINK,,
2817,000019c640047351,İKİZCE,C3,Ortak Alan 2,0,registered,unchanged,NO_DETERMINISTIC_DEVICE_LINK,,
2818,000019c640010985,İKİZCE,C4,Daire 1,0,active,unchanged,NO_DETERMINISTIC_DEVICE_LINK,,
2819,000019c640015656,İKİZCE,C4,Daire 1,0,registered,unchanged,NO_DETERMINISTIC_DEVICE_LINK,,
2820,000019c640009709,İKİZCE,C4,Daire 1,0,registered,unchanged,NO_DETERMINISTIC_DEVICE_LINK,,
2821,000019c640008088,İKİZCE,C4,Daire 10,0,active,unchanged,NO_DETERMINISTIC_DEVICE_LINK,,
2822,000019c640017018,İKİZCE,C4,Daire 10,0,registered,unchanged,NO_DETERMINISTIC_DEVICE_LINK,,
2823,000019c640009707,İKİZCE,C4,Daire 10,0,registered,unchanged,NO_DETERMINISTIC_DEVICE_LINK,,
2824,000019c600003267,İKİZCE,C4,Daire 11,0,active,unchanged,NO_DETERMINISTIC_DEVICE_LINK,,
2825,000019c640018998,İKİZCE,C4,Daire 11,0,registered,unchanged,NO_DETERMINISTIC_DEVICE_LINK,,
2826,000019c640006122,İKİZCE,C4,Daire 11,0,registered,unchanged,NO_DETERMINISTIC_DEVICE_LINK,,
2827,000019c640009970,İKİZCE,C4,Daire 12,0,active,unchanged,NO_DETERMINISTIC_DEVICE_LINK,,
2828,000019c640017013,İKİZCE,C4,Daire 12,0,registered,unchanged,NO_DETERMINISTIC_DEVICE_LINK,,
2829,000019c640020599,İKİZCE,C4,Daire 12,0,active,unchanged,NO_DETERMINISTIC_DEVICE_LINK,,
2830,000019c600003010,İKİZCE,C4,Daire 13,0,active,unchanged,NO_DETERMINISTIC_DEVICE_LINK,,
2831,000019c640015257,İKİZCE,C4,Daire 13,0,registered,unchanged,NO_DETERMINISTIC_DEVICE_LINK,,
2832,000019c640017024,İKİZCE,C4,Daire 13,0,registered,unchanged,NO_DETERMINISTIC_DEVICE_LINK,,
2833,000019c600003019,İKİZCE,C4,Daire 14,0,active,unchanged,NO_DETERMINISTIC_DEVICE_LINK,,
2834,000019c640015653,İKİZCE,C4,Daire 14,0,registered,unchanged,NO_DETERMINISTIC_DEVICE_LINK,,
2835,000019c640017176,İKİZCE,C4,Daire 14,0,registered,unchanged,NO_DETERMINISTIC_DEVICE_LINK,,
2836,000019c600004018,İKİZCE,C4,Daire 15,0,active,unchanged,NO_DETERMINISTIC_DEVICE_LINK,,
2837,000019c640019997,İKİZCE,C4,Daire 15,0,registered,unchanged,NO_DETERMINISTIC_DEVICE_LINK,,
2838,000019c640020531,İKİZCE,C4,Daire 15,0,registered,unchanged,NO_DETERMINISTIC_DEVICE_LINK,,
2839,000019c640010984,İKİZCE,C4,Daire 16,0,active,unchanged,NO_DETERMINISTIC_DEVICE_LINK,,
2840,000019c640015390,İKİZCE,C4,Daire 16,0,registered,unchanged,NO_DETERMINISTIC_DEVICE_LINK,,
2841,000019c640020524,İKİZCE,C4,Daire 16,0,registered,unchanged,NO_DETERMINISTIC_DEVICE_LINK,,
2842,000019c640007999,İKİZCE,C4,Daire 17,0,active,unchanged,NO_DETERMINISTIC_DEVICE_LINK,,
2843,000019c640015393,İKİZCE,C4,Daire 17,0,registered,unchanged,NO_DETERMINISTIC_DEVICE_LINK,,
2844,000019c640014099,İKİZCE,C4,Daire 17,0,active,unchanged,NO_DETERMINISTIC_DEVICE_LINK,,
2845,000019c640010986,İKİZCE,C4,Daire 18,0,active,unchanged,NO_DETERMINISTIC_DEVICE_LINK,,
2846,000019c640015398,İKİZCE,C4,Daire 18,0,registered,unchanged,NO_DETERMINISTIC_DEVICE_LINK,,
2847,000019c640020564,İKİZCE,C4,Daire 18,0,registered,unchanged,NO_DETERMINISTIC_DEVICE_LINK,,
2848,000019c600001250,İKİZCE,C4,Daire 19,0,active,unchanged,NO_DETERMINISTIC_DEVICE_LINK,,
2849,000019c640015394,İKİZCE,C4,Daire 19,0,registered,unchanged,NO_DETERMINISTIC_DEVICE_LINK,,
2850,000019c640017027,İKİZCE,C4,Daire 19,0,registered,unchanged,NO_DETERMINISTIC_DEVICE_LINK,,
2851,000019c640009978,İKİZCE,C4,Daire 2,0,active,unchanged,NO_DETERMINISTIC_DEVICE_LINK,,
2852,000019c640015775,İKİZCE,C4,Daire 2,0,registered,unchanged,NO_DETERMINISTIC_DEVICE_LINK,,
2853,000019c640006193,İKİZCE,C4,Daire 2,0,registered,unchanged,NO_DETERMINISTIC_DEVICE_LINK,,
2854,000019c600001319,İKİZCE,C4,Daire 20,0,active,unchanged,NO_DETERMINISTIC_DEVICE_LINK,,
2855,000019c640016024,İKİZCE,C4,Daire 20,0,registered,unchanged,NO_DETERMINISTIC_DEVICE_LINK,,
2856,000019c640017025,İKİZCE,C4,Daire 20,0,registered,unchanged,NO_DETERMINISTIC_DEVICE_LINK,,
2857,000019c640009979,İKİZCE,C4,Daire 21,0,active,unchanged,NO_DETERMINISTIC_DEVICE_LINK,,
2858,000019c640014441,İKİZCE,C4,Daire 21,0,registered,unchanged,NO_DETERMINISTIC_DEVICE_LINK,,
2859,000019c640018337,İKİZCE,C4,Daire 21,0,active,unchanged,NO_DETERMINISTIC_DEVICE_LINK,,
2860,000019c640009977,İKİZCE,C4,Daire 22,0,active,unchanged,NO_DETERMINISTIC_DEVICE_LINK,,
2861,000019c640012964,İKİZCE,C4,Daire 22,0,registered,unchanged,NO_DETERMINISTIC_DEVICE_LINK,,
2862,000019c640018336,İKİZCE,C4,Daire 22,0,active,unchanged,NO_DETERMINISTIC_DEVICE_LINK,,
2863,000019c640009974,İKİZCE,C4,Daire 23,0,active,unchanged,NO_DETERMINISTIC_DEVICE_LINK,,
2864,000019c640018912,İKİZCE,C4,Daire 23,0,registered,unchanged,NO_DETERMINISTIC_DEVICE_LINK,,
2865,000019c640020519,İKİZCE,C4,Daire 23,0,active,unchanged,NO_DETERMINISTIC_DEVICE_LINK,,
2866,000019c640006577,İKİZCE,C4,Daire 24,0,active,unchanged,NO_DETERMINISTIC_DEVICE_LINK,,
2867,000019c640018997,İKİZCE,C4,Daire 24,0,registered,unchanged,NO_DETERMINISTIC_DEVICE_LINK,,
2868,000019c640014092,İKİZCE,C4,Daire 24,0,registered,unchanged,NO_DETERMINISTIC_DEVICE_LINK,,
2869,000019c640021352,İKİZCE,C4,Daire 25,0,registered,unchanged,NO_DETERMINISTIC_DEVICE_LINK,,
2870,000019c640017021,İKİZCE,C4,Daire 25,0,active,unchanged,NO_DETERMINISTIC_DEVICE_LINK,,
2871,000019c640017041,İKİZCE,C4,Daire 26,0,active,unchanged,NO_DETERMINISTIC_DEVICE_LINK,,
2872,000019c640017047,İKİZCE,C4,Daire 27,0,registered,unchanged,NO_DETERMINISTIC_DEVICE_LINK,,
2873,000019c640021439,İKİZCE,C4,Daire 28,0,registered,unchanged,NO_DETERMINISTIC_DEVICE_LINK,,
2874,000019c640018338,İKİZCE,C4,Daire 29,0,registered,unchanged,NO_DETERMINISTIC_DEVICE_LINK,,
2875,000019c640005161,İKİZCE,C4,Daire 3,0,active,unchanged,NO_DETERMINISTIC_DEVICE_LINK,,
2876,000019c640012864,İKİZCE,C4,Daire 3,0,registered,unchanged,NO_DETERMINISTIC_DEVICE_LINK,,
2877,000019c640009702,İKİZCE,C4,Daire 3,0,registered,unchanged,NO_DETERMINISTIC_DEVICE_LINK,,
2878,000019c640009972,İKİZCE,C4,Daire 4,0,active,unchanged,NO_DETERMINISTIC_DEVICE_LINK,,
2879,000019c640018439,İKİZCE,C4,Daire 4,0,registered,unchanged,NO_DETERMINISTIC_DEVICE_LINK,,
2880,000019c640009703,İKİZCE,C4,Daire 4,0,registered,unchanged,NO_DETERMINISTIC_DEVICE_LINK,,
2881,000019c640008631,İKİZCE,C4,Daire 5,0,active,unchanged,NO_DETERMINISTIC_DEVICE_LINK,,
2882,000019c640015654,İKİZCE,C4,Daire 5,0,registered,unchanged,NO_DETERMINISTIC_DEVICE_LINK,,
2883,000019c640006126,İKİZCE,C4,Daire 5,0,registered,unchanged,NO_DETERMINISTIC_DEVICE_LINK,,
2884,000019c600003011,İKİZCE,C4,Daire 6,0,active,unchanged,NO_DETERMINISTIC_DEVICE_LINK,,
2885,000019c640018130,İKİZCE,C4,Daire 6,0,registered,unchanged,NO_DETERMINISTIC_DEVICE_LINK,,
2886,000019c640017171,İKİZCE,C4,Daire 6,0,registered,unchanged,NO_DETERMINISTIC_DEVICE_LINK,,
2887,000019c640009971,İKİZCE,C4,Daire 7,0,active,unchanged,NO_DETERMINISTIC_DEVICE_LINK,,
2888,000019c640017366,İKİZCE,C4,Daire 7,0,registered,unchanged,NO_DETERMINISTIC_DEVICE_LINK,,
2889,000019c640021431,İKİZCE,C4,Daire 7,0,registered,unchanged,NO_DETERMINISTIC_DEVICE_LINK,,
2890,000019c640005837,İKİZCE,C4,Daire 8,0,active,unchanged,NO_DETERMINISTIC_DEVICE_LINK,,
2891,000019c640013502,İKİZCE,C4,Daire 8,0,registered,unchanged,NO_DETERMINISTIC_DEVICE_LINK,,
2892,000019c640006123,İKİZCE,C4,Daire 8,0,registered,unchanged,NO_DETERMINISTIC_DEVICE_LINK,,
2893,000019c640005666,İKİZCE,C4,Daire 9,0,active,unchanged,NO_DETERMINISTIC_DEVICE_LINK,,
2894,000019c640017352,İKİZCE,C4,Daire 9,0,registered,unchanged,NO_DETERMINISTIC_DEVICE_LINK,,
2895,000019c640009706,İKİZCE,C4,Daire 9,0,active,unchanged,NO_DETERMINISTIC_DEVICE_LINK,,
2896,000019c640009975,İKİZCE,C4,Kapıcı Dairesi,0,active,unchanged,NO_DETERMINISTIC_DEVICE_LINK,,
2897,000019c640036530,İKİZCE,C4,Numarasız 1,0,active,unchanged,NO_DETERMINISTIC_DEVICE_LINK,,
2898,000019c640015113,İKİZCE,C4,Numarasız 1,0,registered,unchanged,NO_DETERMINISTIC_DEVICE_LINK,,
2899,000019c640036524,İKİZCE,C4,Numarasız 10,0,active,unchanged,NO_DETERMINISTIC_DEVICE_LINK,,
2900,000019c640016723,İKİZCE,C4,Numarasız 10,0,active,unchanged,NO_DETERMINISTIC_DEVICE_LINK,,
2901,000019c640038892,İKİZCE,C4,Numarasız 11,0,active,unchanged,NO_DETERMINISTIC_DEVICE_LINK,,
2902,000019c640012718,İKİZCE,C4,Numarasız 11,0,registered,unchanged,NO_DETERMINISTIC_DEVICE_LINK,,
2903,000019c640036092,İKİZCE,C4,Numarasız 12,0,registered,unchanged,NO_DETERMINISTIC_DEVICE_LINK,,
2904,000019c640014961,İKİZCE,C4,Numarasız 12,0,registered,unchanged,NO_DETERMINISTIC_DEVICE_LINK,,
2905,000019c640038898,İKİZCE,C4,Numarasız 13,0,active,unchanged,NO_DETERMINISTIC_DEVICE_LINK,,
2906,000019c640012711,İKİZCE,C4,Numarasız 13,0,registered,unchanged,NO_DETERMINISTIC_DEVICE_LINK,,
2907,000019c640038897,İKİZCE,C4,Numarasız 14,0,active,unchanged,NO_DETERMINISTIC_DEVICE_LINK,,
2908,000019c640016086,İKİZCE,C4,Numarasız 14,0,registered,unchanged,NO_DETERMINISTIC_DEVICE_LINK,,
2909,000019c640032333,İKİZCE,C4,Numarasız 15,0,active,unchanged,NO_DETERMINISTIC_DEVICE_LINK,,
2910,000019c640012580,İKİZCE,C4,Numarasız 15,0,registered,unchanged,NO_DETERMINISTIC_DEVICE_LINK,,
2911,000019c640036100,İKİZCE,C4,Numarasız 16,0,active,unchanged,NO_DETERMINISTIC_DEVICE_LINK,,
2912,000019c640012761,İKİZCE,C4,Numarasız 16,0,registered,unchanged,NO_DETERMINISTIC_DEVICE_LINK,,
2913,000019c640036094,İKİZCE,C4,Numarasız 17,0,active,unchanged,NO_DETERMINISTIC_DEVICE_LINK,,
2914,000019c640012764,İKİZCE,C4,Numarasız 17,0,registered,unchanged,NO_DETERMINISTIC_DEVICE_LINK,,
2915,000019c640036522,İKİZCE,C4,Numarasız 18,0,active,unchanged,NO_DETERMINISTIC_DEVICE_LINK,,
2916,000019c640017381,İKİZCE,C4,Numarasız 18,0,registered,unchanged,NO_DETERMINISTIC_DEVICE_LINK,,
2917,000019c640032312,İKİZCE,C4,Numarasız 19,0,active,unchanged,NO_DETERMINISTIC_DEVICE_LINK,,
2918,000019c640014967,İKİZCE,C4,Numarasız 19,0,registered,unchanged,NO_DETERMINISTIC_DEVICE_LINK,,
2919,000019c640038873,İKİZCE,C4,Numarasız 2,0,active,unchanged,NO_DETERMINISTIC_DEVICE_LINK,,
2920,000019c640032801,İKİZCE,C4,Numarasız 20,0,active,unchanged,NO_DETERMINISTIC_DEVICE_LINK,,
2921,000019c640012585,İKİZCE,C4,Numarasız 20,0,registered,unchanged,NO_DETERMINISTIC_DEVICE_LINK,,
2922,000019c640036083,İKİZCE,C4,Numarasız 21,0,active,unchanged,NO_DETERMINISTIC_DEVICE_LINK,,
2923,000019c640012719,İKİZCE,C4,Numarasız 21,0,registered,unchanged,NO_DETERMINISTIC_DEVICE_LINK,,
2924,000019c640036088,İKİZCE,C4,Numarasız 22,0,active,unchanged,NO_DETERMINISTIC_DEVICE_LINK,,
2925,000019c640012713,İKİZCE,C4,Numarasız 22,0,registered,unchanged,NO_DETERMINISTIC_DEVICE_LINK,,
2926,000019c640036093,İKİZCE,C4,Numarasız 23,0,active,unchanged,NO_DETERMINISTIC_DEVICE_LINK,,
2927,000019c640018427,İKİZCE,C4,Numarasız 23,0,registered,unchanged,NO_DETERMINISTIC_DEVICE_LINK,,
2928,000019c640032336,İKİZCE,C4,Numarasız 24,0,active,unchanged,NO_DETERMINISTIC_DEVICE_LINK,,
2929,000019c640012581,İKİZCE,C4,Numarasız 24,0,registered,unchanged,NO_DETERMINISTIC_DEVICE_LINK,,
2930,000019c640032365,İKİZCE,C4,Numarasız 25,0,active,unchanged,NO_DETERMINISTIC_DEVICE_LINK,,
2931,000019c640012583,İKİZCE,C4,Numarasız 25,0,registered,unchanged,NO_DETERMINISTIC_DEVICE_LINK,,
2932,000019c640032809,İKİZCE,C4,Numarasız 26,0,active,unchanged,NO_DETERMINISTIC_DEVICE_LINK,,
2933,000019c640032364,İKİZCE,C4,Numarasız 27,0,active,unchanged,NO_DETERMINISTIC_DEVICE_LINK,,
2934,000019c640032806,İKİZCE,C4,Numarasız 28,0,active,unchanged,NO_DETERMINISTIC_DEVICE_LINK,,
2935,000019c640032893,İKİZCE,C4,Numarasız 29,0,active,unchanged,NO_DETERMINISTIC_DEVICE_LINK,,
2936,000019c640036008,İKİZCE,C4,Numarasız 3,0,registered,unchanged,NO_DETERMINISTIC_DEVICE_LINK,,
2937,000019c640016047,İKİZCE,C4,Numarasız 3,0,active,unchanged,NO_DETERMINISTIC_DEVICE_LINK,,
2938,000019c640032370,İKİZCE,C4,Numarasız 30,0,active,unchanged,NO_DETERMINISTIC_DEVICE_LINK,,
2939,000019c640038880,İKİZCE,C4,Numarasız 4,0,active,unchanged,NO_DETERMINISTIC_DEVICE_LINK,,
2940,000019c640036006,İKİZCE,C4,Numarasız 5,0,active,unchanged,NO_DETERMINISTIC_DEVICE_LINK,,
2941,000019c640012760,İKİZCE,C4,Numarasız 5,0,registered,unchanged,NO_DETERMINISTIC_DEVICE_LINK,,
2942,000019c640036003,İKİZCE,C4,Numarasız 6,0,registered,unchanged,NO_DETERMINISTIC_DEVICE_LINK,,
2943,000019c640016323,İKİZCE,C4,Numarasız 6,0,registered,unchanged,NO_DETERMINISTIC_DEVICE_LINK,,
2944,000019c640036095,İKİZCE,C4,Numarasız 7,0,registered,unchanged,NO_DETERMINISTIC_DEVICE_LINK,,
2945,000019c640014964,İKİZCE,C4,Numarasız 7,0,registered,unchanged,NO_DETERMINISTIC_DEVICE_LINK,,
2946,000019c640036097,İKİZCE,C4,Numarasız 8,0,active,unchanged,NO_DETERMINISTIC_DEVICE_LINK,,
2947,000019c640016120,İKİZCE,C4,Numarasız 8,0,registered,unchanged,NO_DETERMINISTIC_DEVICE_LINK,,
2948,000019c640036527,İKİZCE,C4,Numarasız 9,0,active,unchanged,NO_DETERMINISTIC_DEVICE_LINK,,
2949,000019c640016721,İKİZCE,C4,Numarasız 9,0,registered,unchanged,NO_DETERMINISTIC_DEVICE_LINK,,
2950,000019c640011923,İKİZCE,C4,Ortak Alan,0,registered,unchanged,NO_DETERMINISTIC_DEVICE_LINK,,
2951,000019c640011589,İKİZCE,C4,Ortak Alan 1,0,registered,unchanged,NO_DETERMINISTIC_DEVICE_LINK,,
2952,000019c640011984,İKİZCE,C4,Ortak Alan 2,0,registered,unchanged,NO_DETERMINISTIC_DEVICE_LINK,,
2953,000019c640005390,İKİZCE,C5,Daire 1,0,active,unchanged,NO_DETERMINISTIC_DEVICE_LINK,,
2954,000019c640017377,İKİZCE,C5,Daire 1,0,registered,unchanged,NO_DETERMINISTIC_DEVICE_LINK,,
2955,000019c640018358,İKİZCE,C5,Daire 1,0,registered,unchanged,NO_DETERMINISTIC_DEVICE_LINK,,
2956,000019c640009063,İKİZCE,C5,Daire 10,0,active,unchanged,NO_DETERMINISTIC_DEVICE_LINK,,
2957,000019c640015989,İKİZCE,C5,Daire 10,0,registered,unchanged,NO_DETERMINISTIC_DEVICE_LINK,,
2958,000019c640009142,İKİZCE,C5,Daire 10,0,registered,unchanged,NO_DETERMINISTIC_DEVICE_LINK,,
2959,000019c640007452,İKİZCE,C5,Daire 11,0,active,unchanged,NO_DETERMINISTIC_DEVICE_LINK,,
2960,000019c640020039,İKİZCE,C5,Daire 11,0,registered,unchanged,NO_DETERMINISTIC_DEVICE_LINK,,
2961,000019c640009143,İKİZCE,C5,Daire 11,0,registered,unchanged,NO_DETERMINISTIC_DEVICE_LINK,,
2962,000019c640010437,İKİZCE,C5,Daire 12,0,active,unchanged,NO_DETERMINISTIC_DEVICE_LINK,,
2963,000019c640021359,İKİZCE,C5,Daire 12,0,registered,unchanged,NO_DETERMINISTIC_DEVICE_LINK,,
2964,000019c640018350,İKİZCE,C5,Daire 12,0,registered,unchanged,NO_DETERMINISTIC_DEVICE_LINK,,
2965,000019c640007458,İKİZCE,C5,Daire 13,0,active,unchanged,NO_DETERMINISTIC_DEVICE_LINK,,
2966,000019c640015406,İKİZCE,C5,Daire 13,0,registered,unchanged,NO_DETERMINISTIC_DEVICE_LINK,,
2967,000019c640009871,İKİZCE,C5,Daire 13,0,registered,unchanged,NO_DETERMINISTIC_DEVICE_LINK,,
2968,000019c600001709,İKİZCE,C5,Daire 14,0,active,unchanged,NO_DETERMINISTIC_DEVICE_LINK,,
2969,000019c640020030,İKİZCE,C5,Daire 14,0,registered,unchanged,NO_DETERMINISTIC_DEVICE_LINK,,
2970,000019c640009873,İKİZCE,C5,Daire 14,0,registered,unchanged,NO_DETERMINISTIC_DEVICE_LINK,,
2971,000019c600001707,İKİZCE,C5,Daire 15,0,active,unchanged,NO_DETERMINISTIC_DEVICE_LINK,,
2972,000019c640021520,İKİZCE,C5,Daire 15,0,registered,unchanged,NO_DETERMINISTIC_DEVICE_LINK,,
2973,000019c640009872,İKİZCE,C5,Daire 15,0,registered,unchanged,NO_DETERMINISTIC_DEVICE_LINK,,
2974,000019c600001089,İKİZCE,C5,Daire 16,0,active,unchanged,NO_DETERMINISTIC_DEVICE_LINK,,
2975,000019c640015405,İKİZCE,C5,Daire 16,0,registered,unchanged,NO_DETERMINISTIC_DEVICE_LINK,,
2976,000019c640017174,İKİZCE,C5,Daire 16,0,registered,unchanged,NO_DETERMINISTIC_DEVICE_LINK,,
2977,000019c600004230,İKİZCE,C5,Daire 17,0,active,unchanged,NO_DETERMINISTIC_DEVICE_LINK,,
2978,000019c640021350,İKİZCE,C5,Daire 17,0,registered,unchanged,NO_DETERMINISTIC_DEVICE_LINK,,
2979,000019c640009877,İKİZCE,C5,Daire 17,0,registered,unchanged,NO_DETERMINISTIC_DEVICE_LINK,,
2980,000019c640005207,İKİZCE,C5,Daire 18,0,active,unchanged,NO_DETERMINISTIC_DEVICE_LINK,,
2981,000019c640017374,İKİZCE,C5,Daire 18,0,registered,unchanged,NO_DETERMINISTIC_DEVICE_LINK,,
2982,000019c640006198,İKİZCE,C5,Daire 18,0,registered,unchanged,NO_DETERMINISTIC_DEVICE_LINK,,
2983,000019c600001700,İKİZCE,C5,Daire 19,0,active,unchanged,NO_DETERMINISTIC_DEVICE_LINK,,
2984,000019c640021357,İKİZCE,C5,Daire 19,0,registered,unchanged,NO_DETERMINISTIC_DEVICE_LINK,,
2985,000019c640007401,İKİZCE,C5,Daire 19,0,registered,unchanged,NO_DETERMINISTIC_DEVICE_LINK,,
2986,000019c600001704,İKİZCE,C5,Daire 2,0,active,unchanged,NO_DETERMINISTIC_DEVICE_LINK,,
2987,000019c640015403,İKİZCE,C5,Daire 2,0,registered,unchanged,NO_DETERMINISTIC_DEVICE_LINK,,
2988,000019c640014660,İKİZCE,C5,Daire 2,0,active,unchanged,NO_DETERMINISTIC_DEVICE_LINK,,
2989,000019c640005341,İKİZCE,C5,Daire 20,0,active,unchanged,NO_DETERMINISTIC_DEVICE_LINK,,
2990,000019c640021356,İKİZCE,C5,Daire 20,0,registered,unchanged,NO_DETERMINISTIC_DEVICE_LINK,,
2991,000019c640007406,İKİZCE,C5,Daire 20,0,registered,unchanged,NO_DETERMINISTIC_DEVICE_LINK,,
2992,000019c640006675,İKİZCE,C5,Daire 21,0,active,unchanged,NO_DETERMINISTIC_DEVICE_LINK,,
2993,000019c640017379,İKİZCE,C5,Daire 21,0,registered,unchanged,NO_DETERMINISTIC_DEVICE_LINK,,
2994,000019c640006725,İKİZCE,C5,Daire 21,0,registered,unchanged,NO_DETERMINISTIC_DEVICE_LINK,,
2995,000019c640005165,İKİZCE,C5,Daire 22,0,active,unchanged,NO_DETERMINISTIC_DEVICE_LINK,,
2996,000019c640020035,İKİZCE,C5,Daire 22,0,registered,unchanged,NO_DETERMINISTIC_DEVICE_LINK,,
2997,000019c640006720,İKİZCE,C5,Daire 22,0,active,unchanged,NO_DETERMINISTIC_DEVICE_LINK,,
2998,000019c640005391,İKİZCE,C5,Daire 23,0,active,unchanged,NO_DETERMINISTIC_DEVICE_LINK,,
2999,000019c640018496,İKİZCE,C5,Daire 23,0,registered,unchanged,NO_DETERMINISTIC_DEVICE_LINK,,
3000,000019c640009147,İKİZCE,C5,Daire 23,0,registered,unchanged,NO_DETERMINISTIC_DEVICE_LINK,,
3001,000019c600001253,İKİZCE,C5,Daire 24,0,active,unchanged,NO_DETERMINISTIC_DEVICE_LINK,,
3002,000019c640012798,İKİZCE,C5,Daire 24,0,registered,unchanged,NO_DETERMINISTIC_DEVICE_LINK,,
3003,000019c640006729,İKİZCE,C5,Daire 24,0,registered,unchanged,NO_DETERMINISTIC_DEVICE_LINK,,
3004,000019c600001703,İKİZCE,C5,Daire 25,0,active,unchanged,NO_DETERMINISTIC_DEVICE_LINK,,
3005,000019c640014911,İKİZCE,C5,Daire 25,0,registered,unchanged,NO_DETERMINISTIC_DEVICE_LINK,,
3006,000019c640007403,İKİZCE,C5,Daire 25,0,registered,unchanged,NO_DETERMINISTIC_DEVICE_LINK,,
3007,000019c640007322,İKİZCE,C5,Daire 26,0,registered,unchanged,NO_DETERMINISTIC_DEVICE_LINK,,
3008,000019c640007326,İKİZCE,C5,Daire 27,0,active,unchanged,NO_DETERMINISTIC_DEVICE_LINK,,
3009,000019c640007327,İKİZCE,C5,Daire 28,0,registered,unchanged,NO_DETERMINISTIC_DEVICE_LINK,,
3010,000019c640007400,İKİZCE,C5,Daire 29,0,registered,unchanged,NO_DETERMINISTIC_DEVICE_LINK,,
3011,000019c600001701,İKİZCE,C5,Daire 3,0,active,unchanged,NO_DETERMINISTIC_DEVICE_LINK,,
3012,000019c640016549,İKİZCE,C5,Daire 3,0,registered,unchanged,NO_DETERMINISTIC_DEVICE_LINK,,
3013,000019c640018347,İKİZCE,C5,Daire 3,0,registered,unchanged,NO_DETERMINISTIC_DEVICE_LINK,,
3014,000019c640007404,İKİZCE,C5,Daire 30,0,registered,unchanged,NO_DETERMINISTIC_DEVICE_LINK,,
3015,000019c640007662,İKİZCE,C5,Daire 4,0,active,unchanged,NO_DETERMINISTIC_DEVICE_LINK,,
3016,000019c640017373,İKİZCE,C5,Daire 4,0,registered,unchanged,NO_DETERMINISTIC_DEVICE_LINK,,
3017,000019c640018352,İKİZCE,C5,Daire 4,0,active,unchanged,NO_DETERMINISTIC_DEVICE_LINK,,
3018,000019c600001705,İKİZCE,C5,Daire 5,0,active,unchanged,NO_DETERMINISTIC_DEVICE_LINK,,
3019,000019c640015407,İKİZCE,C5,Daire 5,0,registered,unchanged,NO_DETERMINISTIC_DEVICE_LINK,,
3020,000019c640014665,İKİZCE,C5,Daire 5,0,registered,unchanged,NO_DETERMINISTIC_DEVICE_LINK,,
3021,000019c600001083,İKİZCE,C5,Daire 6,0,active,unchanged,NO_DETERMINISTIC_DEVICE_LINK,,
3022,000019c640015980,İKİZCE,C5,Daire 6,0,registered,unchanged,NO_DETERMINISTIC_DEVICE_LINK,,
3023,000019c640020563,İKİZCE,C5,Daire 6,0,registered,unchanged,NO_DETERMINISTIC_DEVICE_LINK,,
3024,000019c640009051,İKİZCE,C5,Daire 7,0,active,unchanged,NO_DETERMINISTIC_DEVICE_LINK,,
3025,000019c640019426,İKİZCE,C5,Daire 7,0,registered,unchanged,NO_DETERMINISTIC_DEVICE_LINK,,
3026,000019c640020561,İKİZCE,C5,Daire 7,0,registered,unchanged,NO_DETERMINISTIC_DEVICE_LINK,,
3027,000019c640006921,İKİZCE,C5,Daire 8,0,active,unchanged,NO_DETERMINISTIC_DEVICE_LINK,,
3028,000019c640014990,İKİZCE,C5,Daire 8,0,registered,unchanged,NO_DETERMINISTIC_DEVICE_LINK,,
3029,000019c640017651,İKİZCE,C5,Daire 8,0,registered,unchanged,NO_DETERMINISTIC_DEVICE_LINK,,
3030,000019c640007653,İKİZCE,C5,Daire 9,0,active,unchanged,NO_DETERMINISTIC_DEVICE_LINK,,
3031,000019c640020034,İKİZCE,C5,Daire 9,0,registered,unchanged,NO_DETERMINISTIC_DEVICE_LINK,,
3032,000019c640018354,İKİZCE,C5,Daire 9,0,active,unchanged,NO_DETERMINISTIC_DEVICE_LINK,,
3033,000019c640937194,İKİZCE,C5,Numarasız 1,0,registered,unchanged,NO_DETERMINISTIC_DEVICE_LINK,,
3034,000019c640015340,İKİZCE,C5,Numarasız 1,0,registered,unchanged,NO_DETERMINISTIC_DEVICE_LINK,,
3035,000019c640032885,İKİZCE,C5,Numarasız 10,0,registered,unchanged,NO_DETERMINISTIC_DEVICE_LINK,,
3036,000019c640018477,İKİZCE,C5,Numarasız 10,0,active,unchanged,NO_DETERMINISTIC_DEVICE_LINK,,
3037,000019c640032888,İKİZCE,C5,Numarasız 11,0,registered,unchanged,NO_DETERMINISTIC_DEVICE_LINK,,
3038,000019c640016342,İKİZCE,C5,Numarasız 11,0,registered,unchanged,NO_DETERMINISTIC_DEVICE_LINK,,
3039,000019c640032308,İKİZCE,C5,Numarasız 12,0,active,unchanged,NO_DETERMINISTIC_DEVICE_LINK,,
3040,000019c640012100,İKİZCE,C5,Numarasız 12,0,registered,unchanged,NO_DETERMINISTIC_DEVICE_LINK,,
3041,000019c640037103,İKİZCE,C5,Numarasız 13,0,active,unchanged,NO_DETERMINISTIC_DEVICE_LINK,,
3042,000019c640015345,İKİZCE,C5,Numarasız 13,0,registered,unchanged,NO_DETERMINISTIC_DEVICE_LINK,,
3043,000019c640032890,İKİZCE,C5,Numarasız 14,0,active,unchanged,NO_DETERMINISTIC_DEVICE_LINK,,
3044,000019c640012767,İKİZCE,C5,Numarasız 14,0,registered,unchanged,NO_DETERMINISTIC_DEVICE_LINK,,
3045,000019c640037170,İKİZCE,C5,Numarasız 15,0,active,unchanged,NO_DETERMINISTIC_DEVICE_LINK,,
3046,000019c640016534,İKİZCE,C5,Numarasız 15,0,registered,unchanged,NO_DETERMINISTIC_DEVICE_LINK,,
3047,000019c640037108,İKİZCE,C5,Numarasız 16,0,active,unchanged,NO_DETERMINISTIC_DEVICE_LINK,,
3048,000019c640015139,İKİZCE,C5,Numarasız 16,0,registered,unchanged,NO_DETERMINISTIC_DEVICE_LINK,,
3049,000019c640037101,İKİZCE,C5,Numarasız 17,0,active,unchanged,NO_DETERMINISTIC_DEVICE_LINK,,
3050,000019c640014295,İKİZCE,C5,Numarasız 17,0,registered,unchanged,NO_DETERMINISTIC_DEVICE_LINK,,
3051,000019c640032882,İKİZCE,C5,Numarasız 18,0,registered,unchanged,NO_DETERMINISTIC_DEVICE_LINK,,
3052,000019c640015116,İKİZCE,C5,Numarasız 18,0,registered,unchanged,NO_DETERMINISTIC_DEVICE_LINK,,
3053,000019c640032307,İKİZCE,C5,Numarasız 19,0,active,unchanged,NO_DETERMINISTIC_DEVICE_LINK,,
3054,000019c640016046,İKİZCE,C5,Numarasız 19,0,registered,unchanged,NO_DETERMINISTIC_DEVICE_LINK,,
3055,000019c640032886,İKİZCE,C5,Numarasız 2,0,registered,unchanged,NO_DETERMINISTIC_DEVICE_LINK,,
3056,000019c640032887,İKİZCE,C5,Numarasız 20,0,active,unchanged,NO_DETERMINISTIC_DEVICE_LINK,,
3057,000019c640012106,İKİZCE,C5,Numarasız 20,0,active,unchanged,NO_DETERMINISTIC_DEVICE_LINK,,
3058,000019c640032317,İKİZCE,C5,Numarasız 21,0,active,unchanged,NO_DETERMINISTIC_DEVICE_LINK,,
3059,000019c640019021,İKİZCE,C5,Numarasız 21,0,registered,unchanged,NO_DETERMINISTIC_DEVICE_LINK,,
3060,000019c640032388,İKİZCE,C5,Numarasız 22,0,active,unchanged,NO_DETERMINISTIC_DEVICE_LINK,,
3061,000019c640018474,İKİZCE,C5,Numarasız 22,0,registered,unchanged,NO_DETERMINISTIC_DEVICE_LINK,,
3062,000019c640032376,İKİZCE,C5,Numarasız 23,0,active,unchanged,NO_DETERMINISTIC_DEVICE_LINK,,
3063,000019c640015647,İKİZCE,C5,Numarasız 23,0,registered,unchanged,NO_DETERMINISTIC_DEVICE_LINK,,
3064,000019c640032389,İKİZCE,C5,Numarasız 24,0,active,unchanged,NO_DETERMINISTIC_DEVICE_LINK,,
3065,000019c640016079,İKİZCE,C5,Numarasız 24,0,registered,unchanged,NO_DETERMINISTIC_DEVICE_LINK,,
3066,000019c640032353,İKİZCE,C5,Numarasız 25,0,active,unchanged,NO_DETERMINISTIC_DEVICE_LINK,,
3067,000019c640016077,İKİZCE,C5,Numarasız 25,0,active,unchanged,NO_DETERMINISTIC_DEVICE_LINK,,
3068,000019c640032384,İKİZCE,C5,Numarasız 26,0,active,unchanged,NO_DETERMINISTIC_DEVICE_LINK,,
3069,000019c640032358,İKİZCE,C5,Numarasız 27,0,active,unchanged,NO_DETERMINISTIC_DEVICE_LINK,,
3070,000019c640032318,İKİZCE,C5,Numarasız 28,0,active,unchanged,NO_DETERMINISTIC_DEVICE_LINK,,
3071,000019c640032320,İKİZCE,C5,Numarasız 29,0,active,unchanged,NO_DETERMINISTIC_DEVICE_LINK,,
3072,000019c640032306,İKİZCE,C5,Numarasız 3,0,registered,unchanged,NO_DETERMINISTIC_DEVICE_LINK,,
3073,000019c640016128,İKİZCE,C5,Numarasız 3,0,registered,unchanged,NO_DETERMINISTIC_DEVICE_LINK,,
3074,000019c640032366,İKİZCE,C5,Numarasız 30,0,active,unchanged,NO_DETERMINISTIC_DEVICE_LINK,,
3075,000019c640032884,İKİZCE,C5,Numarasız 4,0,active,unchanged,NO_DETERMINISTIC_DEVICE_LINK,,
3076,000019c640016973,İKİZCE,C5,Numarasız 4,0,registered,unchanged,NO_DETERMINISTIC_DEVICE_LINK,,
3077,000019c640032309,İKİZCE,C5,Numarasız 5,0,registered,unchanged,NO_DETERMINISTIC_DEVICE_LINK,,
3078,000019c640015346,İKİZCE,C5,Numarasız 5,0,registered,unchanged,NO_DETERMINISTIC_DEVICE_LINK,,
3079,000019c640032305,İKİZCE,C5,Numarasız 6,0,registered,unchanged,NO_DETERMINISTIC_DEVICE_LINK,,
3080,000019c640018254,İKİZCE,C5,Numarasız 6,0,registered,unchanged,NO_DETERMINISTIC_DEVICE_LINK,,
3081,000019c640032304,İKİZCE,C5,Numarasız 7,0,registered,unchanged,NO_DETERMINISTIC_DEVICE_LINK,,
3082,000019c640014963,İKİZCE,C5,Numarasız 7,0,registered,unchanged,NO_DETERMINISTIC_DEVICE_LINK,,
3083,000019c640032883,İKİZCE,C5,Numarasız 8,0,active,unchanged,NO_DETERMINISTIC_DEVICE_LINK,,
3084,000019c640014965,İKİZCE,C5,Numarasız 8,0,registered,unchanged,NO_DETERMINISTIC_DEVICE_LINK,,
3085,000019c640037110,İKİZCE,C5,Numarasız 9,0,registered,unchanged,NO_DETERMINISTIC_DEVICE_LINK,,
3086,000019c640015342,İKİZCE,C5,Numarasız 9,0,registered,unchanged,NO_DETERMINISTIC_DEVICE_LINK,,
3087,000019c640043001,İKİZCE,C5,Ortak Alan 1,0,registered,unchanged,NO_DETERMINISTIC_DEVICE_LINK,,
3088,000019c640046300,İKİZCE,C5,Ortak Alan 2,0,registered,unchanged,NO_DETERMINISTIC_DEVICE_LINK,,
3089,000019c640047326,İKİZCE,C5,Ortak Alan 3,0,registered,unchanged,NO_DETERMINISTIC_DEVICE_LINK,,
3090,000019c640011966,İKİZCE,C5,Ortak sayac,0,registered,unchanged,NO_DETERMINISTIC_DEVICE_LINK,,
3091,000019c600001148,İKİZCE,C6,Daire 1,0,active,unchanged,NO_DETERMINISTIC_DEVICE_LINK,,
3092,000019c640016387,İKİZCE,C6,Daire 1,0,registered,unchanged,NO_DETERMINISTIC_DEVICE_LINK,,
3093,000019c640005839,İKİZCE,C6,Daire 10,0,active,unchanged,NO_DETERMINISTIC_DEVICE_LINK,,
3094,000019c640016382,İKİZCE,C6,Daire 10,0,registered,unchanged,NO_DETERMINISTIC_DEVICE_LINK,,
3095,000019c640008675,İKİZCE,C6,Daire 11,0,active,unchanged,NO_DETERMINISTIC_DEVICE_LINK,,
3096,000019c640016543,İKİZCE,C6,Daire 11,0,registered,unchanged,NO_DETERMINISTIC_DEVICE_LINK,,
3097,000019c640008677,İKİZCE,C6,Daire 12,0,active,unchanged,NO_DETERMINISTIC_DEVICE_LINK,,
3098,000019c640018495,İKİZCE,C6,Daire 12,0,registered,unchanged,NO_DETERMINISTIC_DEVICE_LINK,,
3099,000019c640009062,İKİZCE,C6,Daire 13,0,active,unchanged,NO_DETERMINISTIC_DEVICE_LINK,,
3100,000019c640015102,İKİZCE,C6,Daire 13,0,registered,unchanged,NO_DETERMINISTIC_DEVICE_LINK,,
3101,000019c640005348,İKİZCE,C6,Daire 14,0,active,unchanged,NO_DETERMINISTIC_DEVICE_LINK,,
3102,000019c640014997,İKİZCE,C6,Daire 14,0,registered,unchanged,NO_DETERMINISTIC_DEVICE_LINK,,
3103,000019c640005340,İKİZCE,C6,Daire 15,0,active,unchanged,NO_DETERMINISTIC_DEVICE_LINK,,
3104,000019c640019420,İKİZCE,C6,Daire 15,0,registered,unchanged,NO_DETERMINISTIC_DEVICE_LINK,,
3105,000019c640009116,İKİZCE,C6,Daire 16,0,active,unchanged,NO_DETERMINISTIC_DEVICE_LINK,,
3106,000019c640013381,İKİZCE,C6,Daire 16,0,registered,unchanged,NO_DETERMINISTIC_DEVICE_LINK,,
3107,000019c640009119,İKİZCE,C6,Daire 17,0,active,unchanged,NO_DETERMINISTIC_DEVICE_LINK,,
3108,000019c640016061,İKİZCE,C6,Daire 17,0,registered,unchanged,NO_DETERMINISTIC_DEVICE_LINK,,
3109,000019c600002758,İKİZCE,C6,Daire 18,0,active,unchanged,NO_DETERMINISTIC_DEVICE_LINK,,
3110,000019c640019290,İKİZCE,C6,Daire 18,0,registered,unchanged,NO_DETERMINISTIC_DEVICE_LINK,,
3111,000019c600001142,İKİZCE,C6,Daire 19,0,active,unchanged,NO_DETERMINISTIC_DEVICE_LINK,,
3112,000019c640016069,İKİZCE,C6,Daire 19,0,registered,unchanged,NO_DETERMINISTIC_DEVICE_LINK,,
3113,000019c640009064,İKİZCE,C6,Daire 2,0,active,unchanged,NO_DETERMINISTIC_DEVICE_LINK,,
3114,000019c640015103,İKİZCE,C6,Daire 2,0,registered,unchanged,NO_DETERMINISTIC_DEVICE_LINK,,
3115,000019c640005168,İKİZCE,C6,Daire 20,0,active,unchanged,NO_DETERMINISTIC_DEVICE_LINK,,
3116,000019c640018148,İKİZCE,C6,Daire 20,0,registered,unchanged,NO_DETERMINISTIC_DEVICE_LINK,,
3117,000019c600002754,İKİZCE,C6,Daire 21,0,active,unchanged,NO_DETERMINISTIC_DEVICE_LINK,,
3118,000019c640019408,İKİZCE,C6,Daire 21,0,registered,unchanged,NO_DETERMINISTIC_DEVICE_LINK,,
3119,000019c600003269,İKİZCE,C6,Daire 22,0,active,unchanged,NO_DETERMINISTIC_DEVICE_LINK,,
3120,000019c640018144,İKİZCE,C6,Daire 22,0,registered,unchanged,NO_DETERMINISTIC_DEVICE_LINK,,
3121,000019c600002753,İKİZCE,C6,Daire 23,0,active,unchanged,NO_DETERMINISTIC_DEVICE_LINK,,
3122,000019c640013384,İKİZCE,C6,Daire 23,0,registered,unchanged,NO_DETERMINISTIC_DEVICE_LINK,,
3123,000019c600001143,İKİZCE,C6,Daire 24,0,active,unchanged,NO_DETERMINISTIC_DEVICE_LINK,,
3124,000019c640015919,İKİZCE,C6,Daire 24,0,registered,unchanged,NO_DETERMINISTIC_DEVICE_LINK,,
3125,000019c600002755,İKİZCE,C6,Daire 25,0,active,unchanged,NO_DETERMINISTIC_DEVICE_LINK,,
3126,000019c640015104,İKİZCE,C6,Daire 25,0,registered,unchanged,NO_DETERMINISTIC_DEVICE_LINK,,
3127,000019c640007669,İKİZCE,C6,Daire 3,0,active,unchanged,NO_DETERMINISTIC_DEVICE_LINK,,
3128,000019c640018146,İKİZCE,C6,Daire 3,0,registered,unchanged,NO_DETERMINISTIC_DEVICE_LINK,,
3129,000019c600000765,İKİZCE,C6,Daire 4,0,active,unchanged,NO_DETERMINISTIC_DEVICE_LINK,,
3130,000019c640015106,İKİZCE,C6,Daire 4,0,registered,unchanged,NO_DETERMINISTIC_DEVICE_LINK,,
3131,000019c640009113,İKİZCE,C6,Daire 5,0,active,unchanged,NO_DETERMINISTIC_DEVICE_LINK,,
3132,000019c640018185,İKİZCE,C6,Daire 5,0,registered,unchanged,NO_DETERMINISTIC_DEVICE_LINK,,
3133,000019c600001706,İKİZCE,C6,Daire 6,0,active,unchanged,NO_DETERMINISTIC_DEVICE_LINK,,
3134,000019c640013386,İKİZCE,C6,Daire 6,0,registered,unchanged,NO_DETERMINISTIC_DEVICE_LINK,,
3135,000019c600003260,İKİZCE,C6,Daire 7,0,active,unchanged,NO_DETERMINISTIC_DEVICE_LINK,,
3136,000019c640018147,İKİZCE,C6,Daire 7,0,registered,unchanged,NO_DETERMINISTIC_DEVICE_LINK,,
3137,000019c640008672,İKİZCE,C6,Daire 8,0,active,unchanged,NO_DETERMINISTIC_DEVICE_LINK,,
3138,000019c640019405,İKİZCE,C6,Daire 8,0,registered,unchanged,NO_DETERMINISTIC_DEVICE_LINK,,
3139,000019c640008085,İKİZCE,C6,Daire 9,0,active,unchanged,NO_DETERMINISTIC_DEVICE_LINK,,
3140,000019c640016544,İKİZCE,C6,Daire 9,0,registered,unchanged,NO_DETERMINISTIC_DEVICE_LINK,,
3141,000019c640036291,İKİZCE,C6,Numarasız 1,0,active,unchanged,NO_DETERMINISTIC_DEVICE_LINK,,
3142,000019c640019130,İKİZCE,C6,Numarasız 1,0,registered,unchanged,NO_DETERMINISTIC_DEVICE_LINK,,
3143,000019c640036209,İKİZCE,C6,Numarasız 10,0,active,unchanged,NO_DETERMINISTIC_DEVICE_LINK,,
3144,000019c640014403,İKİZCE,C6,Numarasız 10,0,registered,unchanged,NO_DETERMINISTIC_DEVICE_LINK,,
3145,000019c640033979,İKİZCE,C6,Numarasız 11,0,active,unchanged,NO_DETERMINISTIC_DEVICE_LINK,,
3146,000019c640012766,İKİZCE,C6,Numarasız 11,0,registered,unchanged,NO_DETERMINISTIC_DEVICE_LINK,,
3147,000019c640036204,İKİZCE,C6,Numarasız 12,0,active,unchanged,NO_DETERMINISTIC_DEVICE_LINK,,
3148,000019c640017383,İKİZCE,C6,Numarasız 12,0,registered,unchanged,NO_DETERMINISTIC_DEVICE_LINK,,
3149,000019c640036296,İKİZCE,C6,Numarasız 13,0,active,unchanged,NO_DETERMINISTIC_DEVICE_LINK,,
3150,000019c640017385,İKİZCE,C6,Numarasız 13,0,registered,unchanged,NO_DETERMINISTIC_DEVICE_LINK,,
3151,000019c640036300,İKİZCE,C6,Numarasız 14,0,active,unchanged,NO_DETERMINISTIC_DEVICE_LINK,,
3152,000019c640014404,İKİZCE,C6,Numarasız 14,0,registered,unchanged,NO_DETERMINISTIC_DEVICE_LINK,,
3153,000019c640033975,İKİZCE,C6,Numarasız 15,0,active,unchanged,NO_DETERMINISTIC_DEVICE_LINK,,
3154,000019c640017387,İKİZCE,C6,Numarasız 15,0,registered,unchanged,NO_DETERMINISTIC_DEVICE_LINK,,
3155,000019c640036294,İKİZCE,C6,Numarasız 16,0,active,unchanged,NO_DETERMINISTIC_DEVICE_LINK,,
3156,000019c640016789,İKİZCE,C6,Numarasız 16,0,registered,unchanged,NO_DETERMINISTIC_DEVICE_LINK,,
3157,000019c640036292,İKİZCE,C6,Numarasız 17,0,active,unchanged,NO_DETERMINISTIC_DEVICE_LINK,,
3158,000019c640016537,İKİZCE,C6,Numarasız 17,0,registered,unchanged,NO_DETERMINISTIC_DEVICE_LINK,,
3159,000019c640036297,İKİZCE,C6,Numarasız 18,0,active,unchanged,NO_DETERMINISTIC_DEVICE_LINK,,
3160,000019c640012509,İKİZCE,C6,Numarasız 18,0,registered,unchanged,NO_DETERMINISTIC_DEVICE_LINK,,
3161,000019c640033972,İKİZCE,C6,Numarasız 19,0,active,unchanged,NO_DETERMINISTIC_DEVICE_LINK,,
3162,000019c640017384,İKİZCE,C6,Numarasız 19,0,registered,unchanged,NO_DETERMINISTIC_DEVICE_LINK,,
3163,000019c640033974,İKİZCE,C6,Numarasız 2,0,registered,unchanged,NO_DETERMINISTIC_DEVICE_LINK,,
3164,000019c640016836,İKİZCE,C6,Numarasız 2,0,registered,unchanged,NO_DETERMINISTIC_DEVICE_LINK,,
3165,000019c640033978,İKİZCE,C6,Numarasız 20,0,active,unchanged,NO_DETERMINISTIC_DEVICE_LINK,,
3166,000019c640012500,İKİZCE,C6,Numarasız 20,0,registered,unchanged,NO_DETERMINISTIC_DEVICE_LINK,,
3167,000019c640036299,İKİZCE,C6,Numarasız 21,0,active,unchanged,NO_DETERMINISTIC_DEVICE_LINK,,
3168,000019c640012505,İKİZCE,C6,Numarasız 21,0,active,unchanged,NO_DETERMINISTIC_DEVICE_LINK,,
3169,000019c640032398,İKİZCE,C6,Numarasız 22,0,active,unchanged,NO_DETERMINISTIC_DEVICE_LINK,,
3170,000019c640016538,İKİZCE,C6,Numarasız 22,0,registered,unchanged,NO_DETERMINISTIC_DEVICE_LINK,,
3171,000019c640036051,İKİZCE,C6,Numarasız 23,0,active,unchanged,NO_DETERMINISTIC_DEVICE_LINK,,
3172,000019c640012507,İKİZCE,C6,Numarasız 23,0,active,unchanged,NO_DETERMINISTIC_DEVICE_LINK,,
3173,000019c640033977,İKİZCE,C6,Numarasız 24,0,active,unchanged,NO_DETERMINISTIC_DEVICE_LINK,,
3174,000019c640017389,İKİZCE,C6,Numarasız 24,0,registered,unchanged,NO_DETERMINISTIC_DEVICE_LINK,,
3175,000019c640033976,İKİZCE,C6,Numarasız 25,0,active,unchanged,NO_DETERMINISTIC_DEVICE_LINK,,
3176,000019c640012502,İKİZCE,C6,Numarasız 25,0,active,unchanged,NO_DETERMINISTIC_DEVICE_LINK,,
3177,000019c640033973,İKİZCE,C6,Numarasız 26,0,active,unchanged,NO_DETERMINISTIC_DEVICE_LINK,,
3178,000019c640033980,İKİZCE,C6,Numarasız 27,0,active,unchanged,NO_DETERMINISTIC_DEVICE_LINK,,
3179,000019c640036031,İKİZCE,C6,Numarasız 28,0,active,unchanged,NO_DETERMINISTIC_DEVICE_LINK,,
3180,000019c640037130,İKİZCE,C6,Numarasız 29,0,active,unchanged,NO_DETERMINISTIC_DEVICE_LINK,,
3181,000019c640033971,İKİZCE,C6,Numarasız 3,0,registered,unchanged,NO_DETERMINISTIC_DEVICE_LINK,,
3182,000019c640017388,İKİZCE,C6,Numarasız 3,0,registered,unchanged,NO_DETERMINISTIC_DEVICE_LINK,,
3183,000019c640036037,İKİZCE,C6,Numarasız 30,0,active,unchanged,NO_DETERMINISTIC_DEVICE_LINK,,
3184,000019c640036060,İKİZCE,C6,Numarasız 31,0,active,unchanged,NO_DETERMINISTIC_DEVICE_LINK,,
3185,000019c640036077,İKİZCE,C6,Numarasız 32,0,active,unchanged,NO_DETERMINISTIC_DEVICE_LINK,,
3186,000019c640036080,İKİZCE,C6,Numarasız 33,0,active,unchanged,NO_DETERMINISTIC_DEVICE_LINK,,
3187,000019c640032399,İKİZCE,C6,Numarasız 4,0,active,unchanged,NO_DETERMINISTIC_DEVICE_LINK,,
3188,000019c640012763,İKİZCE,C6,Numarasız 4,0,registered,unchanged,NO_DETERMINISTIC_DEVICE_LINK,,
3189,000019c640036052,İKİZCE,C6,Numarasız 5,0,active,unchanged,NO_DETERMINISTIC_DEVICE_LINK,,
3190,000019c640015645,İKİZCE,C6,Numarasız 5,0,registered,unchanged,NO_DETERMINISTIC_DEVICE_LINK,,
3191,000019c640032324,İKİZCE,C6,Numarasız 6,0,active,unchanged,NO_DETERMINISTIC_DEVICE_LINK,,
3192,000019c640017380,İKİZCE,C6,Numarasız 6,0,registered,unchanged,NO_DETERMINISTIC_DEVICE_LINK,,
3193,000019c640033128,İKİZCE,C6,Numarasız 7,0,registered,unchanged,NO_DETERMINISTIC_DEVICE_LINK,,
3194,000019c640017382,İKİZCE,C6,Numarasız 7,0,registered,unchanged,NO_DETERMINISTIC_DEVICE_LINK,,
3195,000019c640032394,İKİZCE,C6,Numarasız 8,0,active,unchanged,NO_DETERMINISTIC_DEVICE_LINK,,
3196,000019c640014409,İKİZCE,C6,Numarasız 8,0,active,unchanged,NO_DETERMINISTIC_DEVICE_LINK,,
3197,000019c640032838,İKİZCE,C6,Numarasız 9,0,registered,unchanged,NO_DETERMINISTIC_DEVICE_LINK,,
3198,000019c640016780,İKİZCE,C6,Numarasız 9,0,registered,unchanged,NO_DETERMINISTIC_DEVICE_LINK,,
3199,000019c640046221,İKİZCE,C6,Ortak Alan 1,0,registered,unchanged,NO_DETERMINISTIC_DEVICE_LINK,,
3200,000019c640047366,İKİZCE,C6,Ortak Alan 2,0,registered,unchanged,NO_DETERMINISTIC_DEVICE_LINK,,
3201,000019c640009059,İKİZCE,C7,Daire 1,0,active,unchanged,NO_DETERMINISTIC_DEVICE_LINK,,
3202,000019c640012184,İKİZCE,C7,Daire 1,0,registered,unchanged,NO_DETERMINISTIC_DEVICE_LINK,,
3203,000019c600001310,İKİZCE,C7,Daire 10,0,active,unchanged,NO_DETERMINISTIC_DEVICE_LINK,,
3204,000019c640019423,İKİZCE,C7,Daire 10,0,registered,unchanged,NO_DETERMINISTIC_DEVICE_LINK,,
3205,000019c600004237,İKİZCE,C7,Daire 11,0,active,unchanged,NO_DETERMINISTIC_DEVICE_LINK,,
3206,000019c640015235,İKİZCE,C7,Daire 11,0,registered,unchanged,NO_DETERMINISTIC_DEVICE_LINK,,
3207,000019c640009054,İKİZCE,C7,Daire 12,0,active,unchanged,NO_DETERMINISTIC_DEVICE_LINK,,
3208,000019c640014760,İKİZCE,C7,Daire 12,0,registered,unchanged,NO_DETERMINISTIC_DEVICE_LINK,,
3209,000019c600001311,İKİZCE,C7,Daire 13,0,active,unchanged,NO_DETERMINISTIC_DEVICE_LINK,,
3210,000019c640021162,İKİZCE,C7,Daire 13,0,registered,unchanged,NO_DETERMINISTIC_DEVICE_LINK,,
3211,000019c640007998,İKİZCE,C7,Daire 14,0,active,unchanged,NO_DETERMINISTIC_DEVICE_LINK,,
3212,000019c640014768,İKİZCE,C7,Daire 14,0,registered,unchanged,NO_DETERMINISTIC_DEVICE_LINK,,
3213,000019c600003266,İKİZCE,C7,Daire 15,0,active,unchanged,NO_DETERMINISTIC_DEVICE_LINK,,
3214,000019c640014803,İKİZCE,C7,Daire 15,0,registered,unchanged,NO_DETERMINISTIC_DEVICE_LINK,,
3215,000019c600001318,İKİZCE,C7,Daire 16,0,active,unchanged,NO_DETERMINISTIC_DEVICE_LINK,,
3216,000019c640015036,İKİZCE,C7,Daire 16,0,registered,unchanged,NO_DETERMINISTIC_DEVICE_LINK,,
3217,000019c640008638,İKİZCE,C7,Daire 17,0,active,unchanged,NO_DETERMINISTIC_DEVICE_LINK,,
3218,000019c640014557,İKİZCE,C7,Daire 17,0,registered,unchanged,NO_DETERMINISTIC_DEVICE_LINK,,
3219,000019c640008632,İKİZCE,C7,Daire 18,0,active,unchanged,NO_DETERMINISTIC_DEVICE_LINK,,
3220,000019c640015039,İKİZCE,C7,Daire 18,0,registered,unchanged,NO_DETERMINISTIC_DEVICE_LINK,,
3221,000019c600001757,İKİZCE,C7,Daire 19,0,active,unchanged,NO_DETERMINISTIC_DEVICE_LINK,,
3222,000019c640015031,İKİZCE,C7,Daire 19,0,registered,unchanged,NO_DETERMINISTIC_DEVICE_LINK,,
3223,000019c600001758,İKİZCE,C7,Daire 2,0,active,unchanged,NO_DETERMINISTIC_DEVICE_LINK,,
3224,000019c640012426,İKİZCE,C7,Daire 2,0,registered,unchanged,NO_DETERMINISTIC_DEVICE_LINK,,
3225,000019c600004239,İKİZCE,C7,Daire 20,0,active,unchanged,NO_DETERMINISTIC_DEVICE_LINK,,
3226,000019c640014550,İKİZCE,C7,Daire 20,0,registered,unchanged,NO_DETERMINISTIC_DEVICE_LINK,,
3227,000019c600001750,İKİZCE,C7,Daire 21,0,active,unchanged,NO_DETERMINISTIC_DEVICE_LINK,,
3228,000019c640012421,İKİZCE,C7,Daire 21,0,registered,unchanged,NO_DETERMINISTIC_DEVICE_LINK,,
3229,000019c600001097,İKİZCE,C7,Daire 22,0,active,unchanged,NO_DETERMINISTIC_DEVICE_LINK,,
3230,000019c640014992,İKİZCE,C7,Daire 22,0,registered,unchanged,NO_DETERMINISTIC_DEVICE_LINK,,
3231,000019c640006171,İKİZCE,C7,Daire 23,0,active,unchanged,NO_DETERMINISTIC_DEVICE_LINK,,
3232,000019c640016665,İKİZCE,C7,Daire 23,0,registered,unchanged,NO_DETERMINISTIC_DEVICE_LINK,,
3233,000019c600002466,İKİZCE,C7,Daire 24,0,active,unchanged,NO_DETERMINISTIC_DEVICE_LINK,,
3234,000019c640016663,İKİZCE,C7,Daire 24,0,registered,unchanged,NO_DETERMINISTIC_DEVICE_LINK,,
3235,000019c640006177,İKİZCE,C7,Daire 25,0,active,unchanged,NO_DETERMINISTIC_DEVICE_LINK,,
3236,000019c640012425,İKİZCE,C7,Daire 25,0,registered,unchanged,NO_DETERMINISTIC_DEVICE_LINK,,
3237,000019c640005342,İKİZCE,C7,Daire 3,0,active,unchanged,NO_DETERMINISTIC_DEVICE_LINK,,
3238,000019c640019424,İKİZCE,C7,Daire 3,0,registered,unchanged,NO_DETERMINISTIC_DEVICE_LINK,,
3239,000019c640006175,İKİZCE,C7,Daire 4,0,active,unchanged,NO_DETERMINISTIC_DEVICE_LINK,,
3240,000019c640015236,İKİZCE,C7,Daire 4,0,registered,unchanged,NO_DETERMINISTIC_DEVICE_LINK,,
3241,000019c640008639,İKİZCE,C7,Daire 5,0,active,unchanged,NO_DETERMINISTIC_DEVICE_LINK,,
3242,000019c640019422,İKİZCE,C7,Daire 5,0,registered,unchanged,NO_DETERMINISTIC_DEVICE_LINK,,
3243,000019c600003263,İKİZCE,C7,Daire 6,0,active,unchanged,NO_DETERMINISTIC_DEVICE_LINK,,
3244,000019c640012428,İKİZCE,C7,Daire 6,0,registered,unchanged,NO_DETERMINISTIC_DEVICE_LINK,,
3245,000019c640005167,İKİZCE,C7,Daire 7,0,active,unchanged,NO_DETERMINISTIC_DEVICE_LINK,,
3246,000019c640012429,İKİZCE,C7,Daire 7,0,registered,unchanged,NO_DETERMINISTIC_DEVICE_LINK,,
3247,000019c640008611,İKİZCE,C7,Daire 8,0,active,unchanged,NO_DETERMINISTIC_DEVICE_LINK,,
3248,000019c640012422,İKİZCE,C7,Daire 8,0,registered,unchanged,NO_DETERMINISTIC_DEVICE_LINK,,
3249,000019c640005396,İKİZCE,C7,Daire 9,0,active,unchanged,NO_DETERMINISTIC_DEVICE_LINK,,
3250,000019c640012187,İKİZCE,C7,Daire 9,0,registered,unchanged,NO_DETERMINISTIC_DEVICE_LINK,,
3251,000019c640014279,İKİZCE,C7,Numarasız 1,0,registered,unchanged,NO_DETERMINISTIC_DEVICE_LINK,,
3252,000019c640012588,İKİZCE,C7,Numarasız 10,0,registered,unchanged,NO_DETERMINISTIC_DEVICE_LINK,,
3253,000019c640014016,İKİZCE,C7,Numarasız 11,0,registered,unchanged,NO_DETERMINISTIC_DEVICE_LINK,,
3254,000019c640016121,İKİZCE,C7,Numarasız 12,0,registered,unchanged,NO_DETERMINISTIC_DEVICE_LINK,,
3255,000019c640016726,İKİZCE,C7,Numarasız 13,0,registered,unchanged,NO_DETERMINISTIC_DEVICE_LINK,,
3256,000019c640012582,İKİZCE,C7,Numarasız 14,0,registered,unchanged,NO_DETERMINISTIC_DEVICE_LINK,,
3257,000019c640016720,İKİZCE,C7,Numarasız 15,0,registered,unchanged,NO_DETERMINISTIC_DEVICE_LINK,,
3258,000019c640015691,İKİZCE,C7,Numarasız 16,0,registered,unchanged,NO_DETERMINISTIC_DEVICE_LINK,,
3259,000019c640016525,İKİZCE,C7,Numarasız 17,0,registered,unchanged,NO_DETERMINISTIC_DEVICE_LINK,,
3260,000019c640016528,İKİZCE,C7,Numarasız 18,0,registered,unchanged,NO_DETERMINISTIC_DEVICE_LINK,,
3261,000019c640015699,İKİZCE,C7,Numarasız 19,0,registered,unchanged,NO_DETERMINISTIC_DEVICE_LINK,,
3262,000019c640014274,İKİZCE,C7,Numarasız 2,0,registered,unchanged,NO_DETERMINISTIC_DEVICE_LINK,,
3263,000019c640014013,İKİZCE,C7,Numarasız 20,0,registered,unchanged,NO_DETERMINISTIC_DEVICE_LINK,,
3264,000019c640016522,İKİZCE,C7,Numarasız 21,0,registered,unchanged,NO_DETERMINISTIC_DEVICE_LINK,,
3265,000019c640015693,İKİZCE,C7,Numarasız 22,0,registered,unchanged,NO_DETERMINISTIC_DEVICE_LINK,,
3266,000019c640015694,İKİZCE,C7,Numarasız 23,0,registered,unchanged,NO_DETERMINISTIC_DEVICE_LINK,,
3267,000019c640014022,İKİZCE,C7,Numarasız 24,0,active,unchanged,NO_DETERMINISTIC_DEVICE_LINK,,
3268,000019c640014015,İKİZCE,C7,Numarasız 25,0,active,unchanged,NO_DETERMINISTIC_DEVICE_LINK,,
3269,000019c640015114,İKİZCE,C7,Numarasız 3,0,active,unchanged,NO_DETERMINISTIC_DEVICE_LINK,,
3270,000019c640015131,İKİZCE,C7,Numarasız 4,0,registered,unchanged,NO_DETERMINISTIC_DEVICE_LINK,,
3271,000019c640015196,İKİZCE,C7,Numarasız 5,0,registered,unchanged,NO_DETERMINISTIC_DEVICE_LINK,,
3272,000019c640016520,İKİZCE,C7,Numarasız 6,0,registered,unchanged,NO_DETERMINISTIC_DEVICE_LINK,,
3273,000019c640014968,İKİZCE,C7,Numarasız 7,0,registered,unchanged,NO_DETERMINISTIC_DEVICE_LINK,,
3274,000019c640014960,İKİZCE,C7,Numarasız 8,0,active,unchanged,NO_DETERMINISTIC_DEVICE_LINK,,
3275,000019c640016523,İKİZCE,C7,Numarasız 9,0,registered,unchanged,NO_DETERMINISTIC_DEVICE_LINK,,
3276,000019c640014318,İKİZCE,C8,Daire 1,0,registered,unchanged,NO_DETERMINISTIC_DEVICE_LINK,,
3277,000019c640019875,İKİZCE,C8,Daire 10,0,registered,unchanged,NO_DETERMINISTIC_DEVICE_LINK,,
3278,000019c640012745,İKİZCE,C8,Daire 11,0,registered,unchanged,NO_DETERMINISTIC_DEVICE_LINK,,
3279,000019c640014339,İKİZCE,C8,Daire 12,0,registered,unchanged,NO_DETERMINISTIC_DEVICE_LINK,,
3280,000019c640019871,İKİZCE,C8,Daire 13,0,registered,unchanged,NO_DETERMINISTIC_DEVICE_LINK,,
3281,000019c640014315,İKİZCE,C8,Daire 14,0,registered,unchanged,NO_DETERMINISTIC_DEVICE_LINK,,
3282,000019c640014330,İKİZCE,C8,Daire 15,0,registered,unchanged,NO_DETERMINISTIC_DEVICE_LINK,,
3283,000019c640019495,İKİZCE,C8,Daire 16,0,registered,unchanged,NO_DETERMINISTIC_DEVICE_LINK,,
3284,000019c640019268,İKİZCE,C8,Daire 17,0,registered,unchanged,NO_DETERMINISTIC_DEVICE_LINK,,
3285,000019c640012862,İKİZCE,C8,Daire 18,0,registered,unchanged,NO_DETERMINISTIC_DEVICE_LINK,,
3286,000019c640015778,İKİZCE,C8,Daire 19,0,registered,unchanged,NO_DETERMINISTIC_DEVICE_LINK,,
3287,000019c640016541,İKİZCE,C8,Daire 2,0,registered,unchanged,NO_DETERMINISTIC_DEVICE_LINK,,
3288,000019c640016384,İKİZCE,C8,Daire 20,0,registered,unchanged,NO_DETERMINISTIC_DEVICE_LINK,,
3289,000019c640015998,İKİZCE,C8,Daire 21,0,registered,unchanged,NO_DETERMINISTIC_DEVICE_LINK,,
3290,000019c640012781,İKİZCE,C8,Daire 22,0,active,unchanged,NO_DETERMINISTIC_DEVICE_LINK,,
3291,000019c640014555,İKİZCE,C8,Daire 23,0,registered,unchanged,NO_DETERMINISTIC_DEVICE_LINK,,
3292,000019c640019291,İKİZCE,C8,Daire 24,0,registered,unchanged,NO_DETERMINISTIC_DEVICE_LINK,,
3293,000019c640019297,İKİZCE,C8,Daire 25,0,registered,unchanged,NO_DETERMINISTIC_DEVICE_LINK,,
3294,000019c640019879,İKİZCE,C8,Daire 3,0,registered,unchanged,NO_DETERMINISTIC_DEVICE_LINK,,
3295,000019c640014316,İKİZCE,C8,Daire 4,0,registered,unchanged,NO_DETERMINISTIC_DEVICE_LINK,,
3296,000019c640016013,İKİZCE,C8,Daire 5,0,registered,unchanged,NO_DETERMINISTIC_DEVICE_LINK,,
3297,000019c640014310,İKİZCE,C8,Daire 6,0,registered,unchanged,NO_DETERMINISTIC_DEVICE_LINK,,
3298,000019c640015997,İKİZCE,C8,Daire 7,0,registered,unchanged,NO_DETERMINISTIC_DEVICE_LINK,,
3299,000019c640012740,İKİZCE,C8,Daire 8,0,registered,unchanged,NO_DETERMINISTIC_DEVICE_LINK,,
3300,000019c640014317,İKİZCE,C8,Daire 9,0,registered,unchanged,NO_DETERMINISTIC_DEVICE_LINK,,
3301,000019c640012523,İKİZCE,C8,Numarasız 1,0,registered,unchanged,NO_DETERMINISTIC_DEVICE_LINK,,
3302,000019c640016076,İKİZCE,C8,Numarasız 10,0,registered,unchanged,NO_DETERMINISTIC_DEVICE_LINK,,
3303,000019c640015690,İKİZCE,C8,Numarasız 11,0,registered,unchanged,NO_DETERMINISTIC_DEVICE_LINK,,
3304,000019c640014017,İKİZCE,C8,Numarasız 12,0,registered,unchanged,NO_DETERMINISTIC_DEVICE_LINK,,
3305,000019c640016521,İKİZCE,C8,Numarasız 13,0,registered,unchanged,NO_DETERMINISTIC_DEVICE_LINK,,
3306,000019c640014018,İKİZCE,C8,Numarasız 14,0,registered,unchanged,NO_DETERMINISTIC_DEVICE_LINK,,
3307,000019c640016070,İKİZCE,C8,Numarasız 15,0,registered,unchanged,NO_DETERMINISTIC_DEVICE_LINK,,
3308,000019c640014010,İKİZCE,C8,Numarasız 16,0,registered,unchanged,NO_DETERMINISTIC_DEVICE_LINK,,
3309,000019c640014020,İKİZCE,C8,Numarasız 17,0,registered,unchanged,NO_DETERMINISTIC_DEVICE_LINK,,
3310,000019c640014028,İKİZCE,C8,Numarasız 18,0,registered,unchanged,NO_DETERMINISTIC_DEVICE_LINK,,
3311,000019c640014012,İKİZCE,C8,Numarasız 19,0,registered,unchanged,NO_DETERMINISTIC_DEVICE_LINK,,
3312,000019c640016088,İKİZCE,C8,Numarasız 2,0,registered,unchanged,NO_DETERMINISTIC_DEVICE_LINK,,
3313,000019c640015692,İKİZCE,C8,Numarasız 20,0,registered,unchanged,NO_DETERMINISTIC_DEVICE_LINK,,
3314,000019c640015698,İKİZCE,C8,Numarasız 21,0,registered,unchanged,NO_DETERMINISTIC_DEVICE_LINK,,
3315,000019c640015695,İKİZCE,C8,Numarasız 22,0,registered,unchanged,NO_DETERMINISTIC_DEVICE_LINK,,
3316,000019c640014011,İKİZCE,C8,Numarasız 23,0,registered,unchanged,NO_DETERMINISTIC_DEVICE_LINK,,
3317,000019c640016526,İKİZCE,C8,Numarasız 24,0,registered,unchanged,NO_DETERMINISTIC_DEVICE_LINK,,
3318,000019c640014019,İKİZCE,C8,Numarasız 25,0,registered,unchanged,NO_DETERMINISTIC_DEVICE_LINK,,
3319,000019c640018253,İKİZCE,C8,Numarasız 6,0,registered,unchanged,NO_DETERMINISTIC_DEVICE_LINK,,
3320,000019c640015696,İKİZCE,C8,Numarasız 7,0,registered,unchanged,NO_DETERMINISTIC_DEVICE_LINK,,
3321,000019c640015697,İKİZCE,C8,Numarasız 8,0,registered,unchanged,NO_DETERMINISTIC_DEVICE_LINK,,
3322,000019c640014014,İKİZCE,C8,Numarasız 9,0,registered,unchanged,NO_DETERMINISTIC_DEVICE_LINK,,
3323,000019c640020634,İKİZCE,C9,Daire 1,0,registered,unchanged,NO_DETERMINISTIC_DEVICE_LINK,,
3324,000019c640021501,İKİZCE,C9,Daire 10,0,registered,unchanged,NO_DETERMINISTIC_DEVICE_LINK,,
3325,000019c640018141,İKİZCE,C9,Daire 11,0,active,unchanged,NO_DETERMINISTIC_DEVICE_LINK,,
3326,000019c640019262,İKİZCE,C9,Daire 12,0,registered,unchanged,NO_DETERMINISTIC_DEVICE_LINK,,
3327,000019c640018181,İKİZCE,C9,Daire 13,0,registered,unchanged,NO_DETERMINISTIC_DEVICE_LINK,,
3328,000019c640015409,İKİZCE,C9,Daire 14,0,registered,unchanged,NO_DETERMINISTIC_DEVICE_LINK,,
3329,000019c640015981,İKİZCE,C9,Daire 15,0,registered,unchanged,NO_DETERMINISTIC_DEVICE_LINK,,
3330,000019c640016373,İKİZCE,C9,Daire 16,0,registered,unchanged,NO_DETERMINISTIC_DEVICE_LINK,,
3331,000019c640012808,İKİZCE,C9,Daire 17,0,registered,unchanged,NO_DETERMINISTIC_DEVICE_LINK,,
3332,000019c640012805,İKİZCE,C9,Daire 18,0,registered,unchanged,NO_DETERMINISTIC_DEVICE_LINK,,
3333,000019c640017450,İKİZCE,C9,Daire 19,0,registered,unchanged,NO_DETERMINISTIC_DEVICE_LINK,,
3334,000019c640021309,İKİZCE,C9,Daire 2,0,registered,unchanged,NO_DETERMINISTIC_DEVICE_LINK,,
3335,000019c640016370,İKİZCE,C9,Daire 20,0,registered,unchanged,NO_DETERMINISTIC_DEVICE_LINK,,
3336,000019c640012806,İKİZCE,C9,Daire 21,0,registered,unchanged,NO_DETERMINISTIC_DEVICE_LINK,,
3337,000019c640016376,İKİZCE,C9,Daire 22,0,registered,unchanged,NO_DETERMINISTIC_DEVICE_LINK,,
3338,000019c640018999,İKİZCE,C9,Daire 23,0,registered,unchanged,NO_DETERMINISTIC_DEVICE_LINK,,
3339,000019c640018158,İKİZCE,C9,Daire 24,0,registered,unchanged,NO_DETERMINISTIC_DEVICE_LINK,,
3340,000019c640012802,İKİZCE,C9,Daire 25,0,registered,unchanged,NO_DETERMINISTIC_DEVICE_LINK,,
3341,000019c640016375,İKİZCE,C9,Daire 3,0,registered,unchanged,NO_DETERMINISTIC_DEVICE_LINK,,
3342,000019c640021308,İKİZCE,C9,Daire 4,0,active,unchanged,NO_DETERMINISTIC_DEVICE_LINK,,
3343,000019c640021142,İKİZCE,C9,Daire 5,0,registered,unchanged,NO_DETERMINISTIC_DEVICE_LINK,,
3344,000019c640016372,İKİZCE,C9,Daire 6,0,registered,unchanged,NO_DETERMINISTIC_DEVICE_LINK,,
3345,000019c640021507,İKİZCE,C9,Daire 7,0,registered,unchanged,NO_DETERMINISTIC_DEVICE_LINK,,
3346,000019c640012803,İKİZCE,C9,Daire 8,0,registered,unchanged,NO_DETERMINISTIC_DEVICE_LINK,,
3347,000019c640021304,İKİZCE,C9,Daire 9,0,registered,unchanged,NO_DETERMINISTIC_DEVICE_LINK,,
3348,000019c600003182,İKİZCE,D1,Daire 1,0,active,unchanged,NO_DETERMINISTIC_DEVICE_LINK,,
3349,000019c640016035,İKİZCE,D1,Daire 1,0,registered,unchanged,NO_DETERMINISTIC_DEVICE_LINK,,
3350,000019c600006211,İKİZCE,D1,Daire 1,0,registered,unchanged,NO_DETERMINISTIC_DEVICE_LINK,,
3351,000019c600001058,İKİZCE,D1,Daire 10,0,active,unchanged,NO_DETERMINISTIC_DEVICE_LINK,,
3352,000019c600006210,İKİZCE,D1,Daire 10,0,registered,unchanged,NO_DETERMINISTIC_DEVICE_LINK,,
3353,000019c600006218,İKİZCE,D1,Daire 11,0,registered,unchanged,NO_DETERMINISTIC_DEVICE_LINK,,
3354,000019c600006215,İKİZCE,D1,Daire 12,0,registered,unchanged,NO_DETERMINISTIC_DEVICE_LINK,,
3355,000019c600004544,İKİZCE,D1,Daire 13,0,registered,unchanged,NO_DETERMINISTIC_DEVICE_LINK,,
3356,000019c600008725,İKİZCE,D1,Daire 14,0,registered,unchanged,NO_DETERMINISTIC_DEVICE_LINK,,
3357,000019c600008724,İKİZCE,D1,Daire 15,0,registered,unchanged,NO_DETERMINISTIC_DEVICE_LINK,,
3358,000019c600001055,İKİZCE,D1,Daire 2,0,active,unchanged,NO_DETERMINISTIC_DEVICE_LINK,,
3359,000019c640018870,İKİZCE,D1,Daire 2,0,active,unchanged,NO_DETERMINISTIC_DEVICE_LINK,,
3360,000019c600006212,İKİZCE,D1,Daire 2,0,registered,unchanged,NO_DETERMINISTIC_DEVICE_LINK,,
3361,000019c600003180,İKİZCE,D1,Daire 3,0,active,unchanged,NO_DETERMINISTIC_DEVICE_LINK,,
3362,000019c640019266,İKİZCE,D1,Daire 3,0,registered,unchanged,NO_DETERMINISTIC_DEVICE_LINK,,
3363,000019c640010464,İKİZCE,D1,Daire 3,0,registered,unchanged,NO_DETERMINISTIC_DEVICE_LINK,,
3364,000019c600001052,İKİZCE,D1,Daire 4,0,active,unchanged,NO_DETERMINISTIC_DEVICE_LINK,,
3365,000019c640012262,İKİZCE,D1,Daire 4,0,registered,unchanged,NO_DETERMINISTIC_DEVICE_LINK,,
3366,000019c640010463,İKİZCE,D1,Daire 4,0,registered,unchanged,NO_DETERMINISTIC_DEVICE_LINK,,
3367,000019c600003181,İKİZCE,D1,Daire 5,0,active,unchanged,NO_DETERMINISTIC_DEVICE_LINK,,
3368,000019c640019263,İKİZCE,D1,Daire 5,0,registered,unchanged,NO_DETERMINISTIC_DEVICE_LINK,,
3369,000019c640010462,İKİZCE,D1,Daire 5,0,active,unchanged,NO_DETERMINISTIC_DEVICE_LINK,,
3370,000019c600001053,İKİZCE,D1,Daire 6,0,active,unchanged,NO_DETERMINISTIC_DEVICE_LINK,,
3371,000019c640016380,İKİZCE,D1,Daire 6,0,active,unchanged,NO_DETERMINISTIC_DEVICE_LINK,,
3372,000019c600008254,İKİZCE,D1,Daire 6,0,registered,unchanged,NO_DETERMINISTIC_DEVICE_LINK,,
3373,000019c600001059,İKİZCE,D1,Daire 7,0,active,unchanged,NO_DETERMINISTIC_DEVICE_LINK,,
3374,000019c640037288,İKİZCE,D1,Daire 7,0,active,unchanged,NO_DETERMINISTIC_DEVICE_LINK,,
3375,000019c640010377,İKİZCE,D1,Daire 7,0,registered,unchanged,NO_DETERMINISTIC_DEVICE_LINK,,
3376,000019c600002772,İKİZCE,D1,Daire 8,0,active,unchanged,NO_DETERMINISTIC_DEVICE_LINK,,
3377,000019c640037289,İKİZCE,D1,Daire 8,0,active,unchanged,NO_DETERMINISTIC_DEVICE_LINK,,
3378,000019c600008256,İKİZCE,D1,Daire 8,0,registered,unchanged,NO_DETERMINISTIC_DEVICE_LINK,,
3379,000019c640005636,İKİZCE,D1,Daire 9,0,active,unchanged,NO_DETERMINISTIC_DEVICE_LINK,,
3380,000019c600001697,İKİZCE,D1,Daire 9,0,registered,unchanged,NO_DETERMINISTIC_DEVICE_LINK,,
3381,000019c640015034,İKİZCE,D10,Daire 1,0,active,unchanged,NO_DETERMINISTIC_DEVICE_LINK,,
3382,000019c640014553,İKİZCE,D10,Daire 10,0,registered,unchanged,NO_DETERMINISTIC_DEVICE_LINK,,
3383,000019c640012744,İKİZCE,D10,Daire 2,0,registered,unchanged,NO_DETERMINISTIC_DEVICE_LINK,,
3384,000019c640014554,İKİZCE,D10,Daire 3,0,registered,unchanged,NO_DETERMINISTIC_DEVICE_LINK,,
3385,000019c640014556,İKİZCE,D10,Daire 4,0,active,unchanged,NO_DETERMINISTIC_DEVICE_LINK,,
3386,000019c640015033,İKİZCE,D10,Daire 5,0,registered,unchanged,NO_DETERMINISTIC_DEVICE_LINK,,
3387,000019c640016010,İKİZCE,D10,Daire 6,0,active,unchanged,NO_DETERMINISTIC_DEVICE_LINK,,
3388,000019c640016019,İKİZCE,D10,Daire 7,0,registered,unchanged,NO_DETERMINISTIC_DEVICE_LINK,,
3389,000019c640012185,İKİZCE,D10,Daire 8,0,registered,unchanged,NO_DETERMINISTIC_DEVICE_LINK,,
3390,000019c640016660,İKİZCE,D10,Daire 9,0,active,unchanged,NO_DETERMINISTIC_DEVICE_LINK,,
3391,000019c640021140,İKİZCE,D11,Daire 1,0,registered,unchanged,NO_DETERMINISTIC_DEVICE_LINK,,
3392,000019c640018408,İKİZCE,D11,Daire 10,0,registered,unchanged,NO_DETERMINISTIC_DEVICE_LINK,,
3393,000019c640018407,İKİZCE,D11,Daire 2,0,registered,unchanged,NO_DETERMINISTIC_DEVICE_LINK,,
3394,000019c640021385,İKİZCE,D11,Daire 3,0,registered,unchanged,NO_DETERMINISTIC_DEVICE_LINK,,
3395,000019c640021141,İKİZCE,D11,Daire 4,0,registered,unchanged,NO_DETERMINISTIC_DEVICE_LINK,,
3396,000019c640021386,İKİZCE,D11,Daire 5,0,registered,unchanged,NO_DETERMINISTIC_DEVICE_LINK,,
3397,000019c640020633,İKİZCE,D11,Daire 6,0,registered,unchanged,NO_DETERMINISTIC_DEVICE_LINK,,
3398,000019c640021389,İKİZCE,D11,Daire 7,0,registered,unchanged,NO_DETERMINISTIC_DEVICE_LINK,,
3399,000019c640020635,İKİZCE,D11,Daire 8,0,registered,unchanged,NO_DETERMINISTIC_DEVICE_LINK,,
3400,000019c640014579,İKİZCE,D11,Daire 9,0,active,unchanged,NO_DETERMINISTIC_DEVICE_LINK,,
3401,000019c640014578,İKİZCE,D12,Daire 1,0,registered,unchanged,NO_DETERMINISTIC_DEVICE_LINK,,
3402,000019c640021388,İKİZCE,D12,Daire 10,0,active,unchanged,NO_DETERMINISTIC_DEVICE_LINK,,
3403,000019c640020631,İKİZCE,D12,Daire 2,0,registered,unchanged,NO_DETERMINISTIC_DEVICE_LINK,,
3404,000019c640018402,İKİZCE,D12,Daire 3,0,registered,unchanged,NO_DETERMINISTIC_DEVICE_LINK,,
3405,000019c640019037,İKİZCE,D12,Daire 4,0,registered,unchanged,NO_DETERMINISTIC_DEVICE_LINK,,
3406,000019c640020638,İKİZCE,D12,Daire 5,0,active,unchanged,NO_DETERMINISTIC_DEVICE_LINK,,
3407,000019c640018405,İKİZCE,D12,Daire 6,0,active,unchanged,NO_DETERMINISTIC_DEVICE_LINK,,
3408,000019c640014571,İKİZCE,D12,Daire 7,0,registered,unchanged,NO_DETERMINISTIC_DEVICE_LINK,,
3409,000019c640021382,İKİZCE,D12,Daire 8,0,registered,unchanged,NO_DETERMINISTIC_DEVICE_LINK,,
3410,000019c640014577,İKİZCE,D12,Daire 9,0,registered,unchanged,NO_DETERMINISTIC_DEVICE_LINK,,
3411,000019c640015913,İKİZCE,D13,Daire 1,0,registered,unchanged,NO_DETERMINISTIC_DEVICE_LINK,,
3412,000019c640018189,İKİZCE,D13,Daire 10,0,active,unchanged,NO_DETERMINISTIC_DEVICE_LINK,,
3413,000019c640018184,İKİZCE,D13,Daire 2,0,registered,unchanged,NO_DETERMINISTIC_DEVICE_LINK,,
3414,000019c640019403,İKİZCE,D13,Daire 3,0,registered,unchanged,NO_DETERMINISTIC_DEVICE_LINK,,
3415,000019c640016068,İKİZCE,D13,Daire 4,0,registered,unchanged,NO_DETERMINISTIC_DEVICE_LINK,,
3416,000019c640015917,İKİZCE,D13,Daire 5,0,active,unchanged,NO_DETERMINISTIC_DEVICE_LINK,,
3417,000019c640019404,İKİZCE,D13,Daire 6,0,registered,unchanged,NO_DETERMINISTIC_DEVICE_LINK,,
3418,000019c640015916,İKİZCE,D13,Daire 7,0,active,unchanged,NO_DETERMINISTIC_DEVICE_LINK,,
3419,000019c640014314,İKİZCE,D13,Daire 8,0,registered,unchanged,NO_DETERMINISTIC_DEVICE_LINK,,
3420,000019c640016063,İKİZCE,D13,Daire 9,0,registered,unchanged,NO_DETERMINISTIC_DEVICE_LINK,,
3421,000019c640018187,İKİZCE,D14,Daire 1,0,registered,unchanged,NO_DETERMINISTIC_DEVICE_LINK,,
3422,000019c640014552,İKİZCE,D14,Daire 10,0,registered,unchanged,NO_DETERMINISTIC_DEVICE_LINK,,
3423,000019c640019401,İKİZCE,D14,Daire 2,0,registered,unchanged,NO_DETERMINISTIC_DEVICE_LINK,,
3424,000019c640016015,İKİZCE,D14,Daire 3,0,registered,unchanged,NO_DETERMINISTIC_DEVICE_LINK,,
3425,000019c640018186,İKİZCE,D14,Daire 4,0,registered,unchanged,NO_DETERMINISTIC_DEVICE_LINK,,
3426,000019c640015911,İKİZCE,D14,Daire 5,0,registered,unchanged,NO_DETERMINISTIC_DEVICE_LINK,,
3427,000019c640015915,İKİZCE,D14,Daire 6,0,registered,unchanged,NO_DETERMINISTIC_DEVICE_LINK,,
3428,000019c640019409,İKİZCE,D14,Daire 7,0,registered,unchanged,NO_DETERMINISTIC_DEVICE_LINK,,
3429,000019c640016066,İKİZCE,D14,Daire 8,0,registered,unchanged,NO_DETERMINISTIC_DEVICE_LINK,,
3430,000019c640016064,İKİZCE,D14,Daire 9,0,active,unchanged,NO_DETERMINISTIC_DEVICE_LINK,,
3431,000019c640015361,İKİZCE,D15,Daire 1,0,registered,unchanged,NO_DETERMINISTIC_DEVICE_LINK,,
3432,000019c640017638,İKİZCE,D15,Daire 10,0,registered,unchanged,NO_DETERMINISTIC_DEVICE_LINK,,
3433,000019c640019406,İKİZCE,D15,Daire 2,0,registered,unchanged,NO_DETERMINISTIC_DEVICE_LINK,,
3434,000019c640016393,İKİZCE,D15,Daire 3,0,registered,unchanged,NO_DETERMINISTIC_DEVICE_LINK,,
3435,000019c640012835,İKİZCE,D15,Daire 4,0,registered,unchanged,NO_DETERMINISTIC_DEVICE_LINK,,
3436,000019c640018911,İKİZCE,D15,Daire 5,0,registered,unchanged,NO_DETERMINISTIC_DEVICE_LINK,,
3437,000019c640019767,İKİZCE,D15,Daire 6,0,registered,unchanged,NO_DETERMINISTIC_DEVICE_LINK,,
3438,000019c640017090,İKİZCE,D15,Daire 7,0,registered,unchanged,NO_DETERMINISTIC_DEVICE_LINK,,
3439,000019c640017632,İKİZCE,D15,Daire 8,0,active,unchanged,NO_DETERMINISTIC_DEVICE_LINK,,
3440,000019c640018918,İKİZCE,D15,Daire 9,0,registered,unchanged,NO_DETERMINISTIC_DEVICE_LINK,,
3441,000019c640010390,İKİZCE,D2,Daire 1,0,active,unchanged,NO_DETERMINISTIC_DEVICE_LINK,,
3442,000019c640018412,İKİZCE,D2,Daire 1,0,active,unchanged,NO_DETERMINISTIC_DEVICE_LINK,,
3443,000019c600002390,İKİZCE,D2,Daire 1,0,registered,unchanged,NO_DETERMINISTIC_DEVICE_LINK,,
3444,000019c640010398,İKİZCE,D2,Daire 10,0,active,unchanged,NO_DETERMINISTIC_DEVICE_LINK,,
3445,000019c600004542,İKİZCE,D2,Daire 10,0,registered,unchanged,NO_DETERMINISTIC_DEVICE_LINK,,
3446,000019c600004540,İKİZCE,D2,Daire 11,0,registered,unchanged,NO_DETERMINISTIC_DEVICE_LINK,,
3447,000019c600004541,İKİZCE,D2,Daire 12,0,registered,unchanged,NO_DETERMINISTIC_DEVICE_LINK,,
3448,000019c600004546,İKİZCE,D2,Daire 13,0,registered,unchanged,NO_DETERMINISTIC_DEVICE_LINK,,
3449,000019c600002396,İKİZCE,D2,Daire 14,0,registered,unchanged,NO_DETERMINISTIC_DEVICE_LINK,,
3450,000019c600004543,İKİZCE,D2,Daire 15,0,registered,unchanged,NO_DETERMINISTIC_DEVICE_LINK,,
3451,000019c640010643,İKİZCE,D2,Daire 2,0,active,unchanged,NO_DETERMINISTIC_DEVICE_LINK,,
3452,000019c640019261,İKİZCE,D2,Daire 2,0,registered,unchanged,NO_DETERMINISTIC_DEVICE_LINK,,
3453,000019c600008727,İKİZCE,D2,Daire 2,0,registered,unchanged,NO_DETERMINISTIC_DEVICE_LINK,,
3454,000019c640010649,İKİZCE,D2,Daire 3,0,active,unchanged,NO_DETERMINISTIC_DEVICE_LINK,,
3455,000019c640016031,İKİZCE,D2,Daire 3,0,registered,unchanged,NO_DETERMINISTIC_DEVICE_LINK,,
3456,000019c600008722,İKİZCE,D2,Daire 3,0,registered,unchanged,NO_DETERMINISTIC_DEVICE_LINK,,
3457,000019c640010644,İKİZCE,D2,Daire 4,0,active,unchanged,NO_DETERMINISTIC_DEVICE_LINK,,
3458,000019c640019402,İKİZCE,D2,Daire 4,0,active,unchanged,NO_DETERMINISTIC_DEVICE_LINK,,
3459,000019c600008721,İKİZCE,D2,Daire 4,0,registered,unchanged,NO_DETERMINISTIC_DEVICE_LINK,,
3460,000019c640010391,İKİZCE,D2,Daire 5,0,active,unchanged,NO_DETERMINISTIC_DEVICE_LINK,,
3461,000019c640019269,İKİZCE,D2,Daire 5,0,registered,unchanged,NO_DETERMINISTIC_DEVICE_LINK,,
3462,000019c600007514,İKİZCE,D2,Daire 5,0,registered,unchanged,NO_DETERMINISTIC_DEVICE_LINK,,
3463,000019c640010394,İKİZCE,D2,Daire 6,0,active,unchanged,NO_DETERMINISTIC_DEVICE_LINK,,
3464,000019c640018991,İKİZCE,D2,Daire 6,0,registered,unchanged,NO_DETERMINISTIC_DEVICE_LINK,,
3465,000019c600002394,İKİZCE,D2,Daire 6,0,registered,unchanged,NO_DETERMINISTIC_DEVICE_LINK,,
3466,000019c640010396,İKİZCE,D2,Daire 7,0,active,unchanged,NO_DETERMINISTIC_DEVICE_LINK,,
3467,000019c640016033,İKİZCE,D2,Daire 7,0,registered,unchanged,NO_DETERMINISTIC_DEVICE_LINK,,
3468,000019c600004548,İKİZCE,D2,Daire 7,0,registered,unchanged,NO_DETERMINISTIC_DEVICE_LINK,,
3469,000019c640010641,İKİZCE,D2,Daire 8,0,active,unchanged,NO_DETERMINISTIC_DEVICE_LINK,,
3470,000019c640019264,İKİZCE,D2,Daire 8,0,active,unchanged,NO_DETERMINISTIC_DEVICE_LINK,,
3471,000019c600004547,İKİZCE,D2,Daire 8,0,registered,unchanged,NO_DETERMINISTIC_DEVICE_LINK,,
3472,000019c640010642,İKİZCE,D2,Daire 9,0,active,unchanged,NO_DETERMINISTIC_DEVICE_LINK,,
3473,000019c600004549,İKİZCE,D2,Daire 9,0,registered,unchanged,NO_DETERMINISTIC_DEVICE_LINK,,
3474,000019c600004009,İKİZCE,D3,Daire 1,0,active,unchanged,NO_DETERMINISTIC_DEVICE_LINK,,
3475,000019c640018159,İKİZCE,D3,Daire 1,0,registered,unchanged,NO_DETERMINISTIC_DEVICE_LINK,,
3476,000019c640009641,İKİZCE,D3,Daire 1,0,registered,unchanged,NO_DETERMINISTIC_DEVICE_LINK,,
3477,000019c640007200,İKİZCE,D3,Daire 10,0,active,unchanged,NO_DETERMINISTIC_DEVICE_LINK,,
3478,000019c600001128,İKİZCE,D3,Daire 10,0,registered,unchanged,NO_DETERMINISTIC_DEVICE_LINK,,
3479,000019c640009648,İKİZCE,D3,Daire 11,0,registered,unchanged,NO_DETERMINISTIC_DEVICE_LINK,,
3480,000019c640009640,İKİZCE,D3,Daire 12,0,registered,unchanged,NO_DETERMINISTIC_DEVICE_LINK,,
3481,000019c640009645,İKİZCE,D3,Daire 13,0,active,unchanged,NO_DETERMINISTIC_DEVICE_LINK,,
3482,000019c600001126,İKİZCE,D3,Daire 14,0,registered,unchanged,NO_DETERMINISTIC_DEVICE_LINK,,
3483,000019c640009649,İKİZCE,D3,Daire 15,0,registered,unchanged,NO_DETERMINISTIC_DEVICE_LINK,,
3484,000019c600004286,İKİZCE,D3,Daire 2,0,active,unchanged,NO_DETERMINISTIC_DEVICE_LINK,,
3485,000019c640015108,İKİZCE,D3,Daire 2,0,registered,unchanged,NO_DETERMINISTIC_DEVICE_LINK,,
3486,000019c600001123,İKİZCE,D3,Daire 2,0,registered,unchanged,NO_DETERMINISTIC_DEVICE_LINK,,
3487,000019c600004284,İKİZCE,D3,Daire 3,0,registered,unchanged,NO_DETERMINISTIC_DEVICE_LINK,,
3488,000019c640015105,İKİZCE,D3,Daire 3,0,registered,unchanged,NO_DETERMINISTIC_DEVICE_LINK,,
3489,000019c600001129,İKİZCE,D3,Daire 3,0,registered,unchanged,NO_DETERMINISTIC_DEVICE_LINK,,
3490,000019c600002444,İKİZCE,D3,Daire 4,0,active,unchanged,NO_DETERMINISTIC_DEVICE_LINK,,
3491,000019c640018993,İKİZCE,D3,Daire 4,0,registered,unchanged,NO_DETERMINISTIC_DEVICE_LINK,,
3492,000019c600001122,İKİZCE,D3,Daire 4,0,registered,unchanged,NO_DETERMINISTIC_DEVICE_LINK,,
3493,000019c600002441,İKİZCE,D3,Daire 5,0,active,unchanged,NO_DETERMINISTIC_DEVICE_LINK,,
3494,000019c640018150,İKİZCE,D3,Daire 5,0,registered,unchanged,NO_DETERMINISTIC_DEVICE_LINK,,
3495,000019c600001125,İKİZCE,D3,Daire 5,0,registered,unchanged,NO_DETERMINISTIC_DEVICE_LINK,,
3496,000019c600003125,İKİZCE,D3,Daire 6,0,active,unchanged,NO_DETERMINISTIC_DEVICE_LINK,,
3497,000019c640018182,İKİZCE,D3,Daire 6,0,active,unchanged,NO_DETERMINISTIC_DEVICE_LINK,,
3498,000019c640009933,İKİZCE,D3,Daire 6,0,registered,unchanged,NO_DETERMINISTIC_DEVICE_LINK,,
3499,000019c600001475,İKİZCE,D3,Daire 7,0,active,unchanged,NO_DETERMINISTIC_DEVICE_LINK,,
3500,000019c640018995,İKİZCE,D3,Daire 7,0,registered,unchanged,NO_DETERMINISTIC_DEVICE_LINK,,
3501,000019c640009930,İKİZCE,D3,Daire 7,0,active,unchanged,NO_DETERMINISTIC_DEVICE_LINK,,
3502,000019c600004004,İKİZCE,D3,Daire 8,0,active,unchanged,NO_DETERMINISTIC_DEVICE_LINK,,
3503,000019c640018145,İKİZCE,D3,Daire 8,0,registered,unchanged,NO_DETERMINISTIC_DEVICE_LINK,,
3504,000019c600001120,İKİZCE,D3,Daire 8,0,registered,unchanged,NO_DETERMINISTIC_DEVICE_LINK,,
3505,000019c600004288,İKİZCE,D3,Daire 9,0,active,unchanged,NO_DETERMINISTIC_DEVICE_LINK,,
3506,000019c640009644,İKİZCE,D3,Daire 9,0,registered,unchanged,NO_DETERMINISTIC_DEVICE_LINK,,
3507,000019c600003122,İKİZCE,D4,Daire 1,0,active,unchanged,NO_DETERMINISTIC_DEVICE_LINK,,
3508,000019c640015982,İKİZCE,D4,Daire 1,0,registered,unchanged,NO_DETERMINISTIC_DEVICE_LINK,,
3509,000019c640006877,İKİZCE,D4,Daire 1,0,registered,unchanged,NO_DETERMINISTIC_DEVICE_LINK,,
3510,000019c600003123,İKİZCE,D4,Daire 10,0,active,unchanged,NO_DETERMINISTIC_DEVICE_LINK,,
3511,000019c640015984,İKİZCE,D4,Daire 10,0,registered,unchanged,NO_DETERMINISTIC_DEVICE_LINK,,
3512,000019c640009931,İKİZCE,D4,Daire 10,0,registered,unchanged,NO_DETERMINISTIC_DEVICE_LINK,,
3513,000019c640009938,İKİZCE,D4,Daire 11,0,registered,unchanged,NO_DETERMINISTIC_DEVICE_LINK,,
3514,000019c640009937,İKİZCE,D4,Daire 12,0,active,unchanged,NO_DETERMINISTIC_DEVICE_LINK,,
3515,000019c640009939,İKİZCE,D4,Daire 13,0,registered,unchanged,NO_DETERMINISTIC_DEVICE_LINK,,
3516,000019c600004262,İKİZCE,D4,Daire 14,0,registered,unchanged,NO_DETERMINISTIC_DEVICE_LINK,,
3517,000019c640009936,İKİZCE,D4,Daire 15,0,registered,unchanged,NO_DETERMINISTIC_DEVICE_LINK,,
3518,000019c600003186,İKİZCE,D4,Daire 2,0,active,unchanged,NO_DETERMINISTIC_DEVICE_LINK,,
3519,000019c640020033,İKİZCE,D4,Daire 2,0,registered,unchanged,NO_DETERMINISTIC_DEVICE_LINK,,
3520,000019c640009932,İKİZCE,D4,Daire 2,0,active,unchanged,NO_DETERMINISTIC_DEVICE_LINK,,
3521,000019c640007202,İKİZCE,D4,Daire 3,0,active,unchanged,NO_DETERMINISTIC_DEVICE_LINK,,
3522,000019c640018725,İKİZCE,D4,Daire 3,0,registered,unchanged,NO_DETERMINISTIC_DEVICE_LINK,,
3523,000019c640009643,İKİZCE,D4,Daire 3,0,registered,unchanged,NO_DETERMINISTIC_DEVICE_LINK,,
3524,000019c600002445,İKİZCE,D4,Daire 4,0,active,unchanged,NO_DETERMINISTIC_DEVICE_LINK,,
3525,000019c640018720,İKİZCE,D4,Daire 4,0,registered,unchanged,NO_DETERMINISTIC_DEVICE_LINK,,
3526,000019c600001124,İKİZCE,D4,Daire 4,0,registered,unchanged,NO_DETERMINISTIC_DEVICE_LINK,,
3527,000019c640007637,İKİZCE,D4,Daire 5,0,active,unchanged,NO_DETERMINISTIC_DEVICE_LINK,,
3528,000019c640020710,İKİZCE,D4,Daire 5,0,registered,unchanged,NO_DETERMINISTIC_DEVICE_LINK,,
3529,000019c600001121,İKİZCE,D4,Daire 5,0,registered,unchanged,NO_DETERMINISTIC_DEVICE_LINK,,
3530,000019c640010646,İKİZCE,D4,Daire 6,0,active,unchanged,NO_DETERMINISTIC_DEVICE_LINK,,
3531,000019c640012849,İKİZCE,D4,Daire 6,0,active,unchanged,NO_DETERMINISTIC_DEVICE_LINK,,
3532,000019c600004267,İKİZCE,D4,Daire 6,0,registered,unchanged,NO_DETERMINISTIC_DEVICE_LINK,,
3533,000019c640007204,İKİZCE,D4,Daire 7,0,active,unchanged,NO_DETERMINISTIC_DEVICE_LINK,,
3534,000019c640018727,İKİZCE,D4,Daire 7,0,registered,unchanged,NO_DETERMINISTIC_DEVICE_LINK,,
3535,000019c640009647,İKİZCE,D4,Daire 7,0,active,unchanged,NO_DETERMINISTIC_DEVICE_LINK,,
3536,000019c640007205,İKİZCE,D4,Daire 8,0,active,unchanged,NO_DETERMINISTIC_DEVICE_LINK,,
3537,000019c640015983,İKİZCE,D4,Daire 8,0,active,unchanged,NO_DETERMINISTIC_DEVICE_LINK,,
3538,000019c600001747,İKİZCE,D4,Daire 8,0,registered,unchanged,NO_DETERMINISTIC_DEVICE_LINK,,
3539,000019c640005122,İKİZCE,D4,Daire 9,0,active,unchanged,NO_DETERMINISTIC_DEVICE_LINK,,
3540,000019c640018724,İKİZCE,D4,Daire 9,0,registered,unchanged,NO_DETERMINISTIC_DEVICE_LINK,,
3541,000019c640009934,İKİZCE,D4,Daire 9,0,registered,unchanged,NO_DETERMINISTIC_DEVICE_LINK,,
3542,000019c600003184,İKİZCE,D5,Daire 1,0,active,unchanged,NO_DETERMINISTIC_DEVICE_LINK,,
3543,000019c640012691,İKİZCE,D5,Daire 1,0,registered,unchanged,NO_DETERMINISTIC_DEVICE_LINK,,
3544,000019c640007194,İKİZCE,D5,Daire 1,0,active,unchanged,NO_DETERMINISTIC_DEVICE_LINK,,
3545,000019c600001323,İKİZCE,D5,Daire 10,0,active,unchanged,NO_DETERMINISTIC_DEVICE_LINK,,
3546,000019c640018112,İKİZCE,D5,Daire 10,0,active,unchanged,NO_DETERMINISTIC_DEVICE_LINK,,
3547,000019c600004621,İKİZCE,D5,Daire 10,0,registered,unchanged,NO_DETERMINISTIC_DEVICE_LINK,,
3548,000019c640005671,İKİZCE,D5,Daire 11,0,registered,unchanged,NO_DETERMINISTIC_DEVICE_LINK,,
3549,000019c600004125,İKİZCE,D5,Daire 12,0,registered,unchanged,NO_DETERMINISTIC_DEVICE_LINK,,
3550,000019c600003632,İKİZCE,D5,Daire 13,0,registered,unchanged,NO_DETERMINISTIC_DEVICE_LINK,,
3551,000019c600003877,İKİZCE,D5,Daire 14,0,registered,unchanged,NO_DETERMINISTIC_DEVICE_LINK,,
3552,000019c640007165,İKİZCE,D5,Daire 15,0,active,unchanged,NO_DETERMINISTIC_DEVICE_LINK,,
3553,000019c640005630,İKİZCE,D5,Daire 2,0,active,unchanged,NO_DETERMINISTIC_DEVICE_LINK,,
3554,000019c640019763,İKİZCE,D5,Daire 2,0,registered,unchanged,NO_DETERMINISTIC_DEVICE_LINK,,
3555,000019c600003015,İKİZCE,D5,Daire 2,0,registered,unchanged,NO_DETERMINISTIC_DEVICE_LINK,,
3556,000019c600003189,İKİZCE,D5,Daire 3,0,active,unchanged,NO_DETERMINISTIC_DEVICE_LINK,,
3557,000019c640016025,İKİZCE,D5,Daire 3,0,registered,unchanged,NO_DETERMINISTIC_DEVICE_LINK,,
3558,000019c600003140,İKİZCE,D5,Daire 3,0,registered,unchanged,NO_DETERMINISTIC_DEVICE_LINK,,
3559,000019c640005262,İKİZCE,D5,Daire 4,0,registered,unchanged,NO_DETERMINISTIC_DEVICE_LINK,,
3560,000019c640012694,İKİZCE,D5,Daire 4,0,registered,unchanged,NO_DETERMINISTIC_DEVICE_LINK,,
3561,000019c600004215,İKİZCE,D5,Daire 4,0,registered,unchanged,NO_DETERMINISTIC_DEVICE_LINK,,
3562,000019c600003185,İKİZCE,D5,Daire 5,0,active,unchanged,NO_DETERMINISTIC_DEVICE_LINK,,
3563,000019c640019325,İKİZCE,D5,Daire 5,0,registered,unchanged,NO_DETERMINISTIC_DEVICE_LINK,,
3564,000019c640005690,İKİZCE,D5,Daire 5,0,registered,unchanged,NO_DETERMINISTIC_DEVICE_LINK,,
3565,000019c600003369,İKİZCE,D5,Daire 6,0,active,unchanged,NO_DETERMINISTIC_DEVICE_LINK,,
3566,000019c640017354,İKİZCE,D5,Daire 6,0,registered,unchanged,NO_DETERMINISTIC_DEVICE_LINK,,
3567,000019c640008348,İKİZCE,D5,Daire 6,0,active,unchanged,NO_DETERMINISTIC_DEVICE_LINK,,
3568,000019c600001325,İKİZCE,D5,Daire 7,0,active,unchanged,NO_DETERMINISTIC_DEVICE_LINK,,
3569,000019c640018137,İKİZCE,D5,Daire 7,0,registered,unchanged,NO_DETERMINISTIC_DEVICE_LINK,,
3570,000019c600003172,İKİZCE,D5,Daire 7,0,registered,unchanged,NO_DETERMINISTIC_DEVICE_LINK,,
3571,000019c640005639,İKİZCE,D5,Daire 8,0,active,unchanged,NO_DETERMINISTIC_DEVICE_LINK,,
3572,000019c640015251,İKİZCE,D5,Daire 8,0,registered,unchanged,NO_DETERMINISTIC_DEVICE_LINK,,
3573,000019c640009554,İKİZCE,D5,Daire 8,0,registered,unchanged,NO_DETERMINISTIC_DEVICE_LINK,,
3574,000019c600001057,İKİZCE,D5,Daire 9,0,active,unchanged,NO_DETERMINISTIC_DEVICE_LINK,,
3575,000019c640017355,İKİZCE,D5,Daire 9,0,registered,unchanged,NO_DETERMINISTIC_DEVICE_LINK,,
3576,000019c640005195,İKİZCE,D5,Daire 9,0,active,unchanged,NO_DETERMINISTIC_DEVICE_LINK,,
3577,000019c640014341,İKİZCE,D5,Numarasız 1,0,registered,unchanged,NO_DETERMINISTIC_DEVICE_LINK,,
3578,000019c640014782,İKİZCE,D5,Numarasız 10,0,registered,unchanged,NO_DETERMINISTIC_DEVICE_LINK,,
3579,000019c640014343,İKİZCE,D5,Numarasız 2,0,registered,unchanged,NO_DETERMINISTIC_DEVICE_LINK,,
3580,000019c640014349,İKİZCE,D5,Numarasız 3,0,registered,unchanged,NO_DETERMINISTIC_DEVICE_LINK,,
3581,000019c640014347,İKİZCE,D5,Numarasız 4,0,registered,unchanged,NO_DETERMINISTIC_DEVICE_LINK,,
3582,000019c640014843,İKİZCE,D5,Numarasız 5,0,registered,unchanged,NO_DETERMINISTIC_DEVICE_LINK,,
3583,000019c640014340,İKİZCE,D5,Numarasız 6,0,registered,unchanged,NO_DETERMINISTIC_DEVICE_LINK,,
3584,000019c640014789,İKİZCE,D5,Numarasız 7,0,registered,unchanged,NO_DETERMINISTIC_DEVICE_LINK,,
3585,000019c640014348,İKİZCE,D5,Numarasız 8,0,registered,unchanged,NO_DETERMINISTIC_DEVICE_LINK,,
3586,000019c640019186,İKİZCE,D5,Numarasız 9,0,registered,unchanged,NO_DETERMINISTIC_DEVICE_LINK,,
3587,000019c640009052,İKİZCE,D6,Daire 1,0,active,unchanged,NO_DETERMINISTIC_DEVICE_LINK,,
3588,000019c640016386,İKİZCE,D6,Daire 1,0,registered,unchanged,NO_DETERMINISTIC_DEVICE_LINK,,
3589,000019c600003239,İKİZCE,D6,Daire 1,0,registered,unchanged,NO_DETERMINISTIC_DEVICE_LINK,,
3590,000019c640008612,İKİZCE,D6,Daire 10,0,active,unchanged,NO_DETERMINISTIC_DEVICE_LINK,,
3591,000019c640017359,İKİZCE,D6,Daire 10,0,registered,unchanged,NO_DETERMINISTIC_DEVICE_LINK,,
3592,000019c600002740,İKİZCE,D6,Daire 10,0,registered,unchanged,NO_DETERMINISTIC_DEVICE_LINK,,
3593,000019c600003238,İKİZCE,D6,Daire 11,0,registered,unchanged,NO_DETERMINISTIC_DEVICE_LINK,,
3594,000019c640007533,İKİZCE,D6,Daire 12,0,active,unchanged,NO_DETERMINISTIC_DEVICE_LINK,,
3595,000019c640008384,İKİZCE,D6,Daire 13,0,active,unchanged,NO_DETERMINISTIC_DEVICE_LINK,,
3596,000019c640009661,İKİZCE,D6,Daire 14,0,active,unchanged,NO_DETERMINISTIC_DEVICE_LINK,,
3597,000019c600001737,İKİZCE,D6,Daire 15,0,registered,unchanged,NO_DETERMINISTIC_DEVICE_LINK,,
3598,000019c600001258,İKİZCE,D6,Daire 2,0,active,unchanged,NO_DETERMINISTIC_DEVICE_LINK,,
3599,000019c640016381,İKİZCE,D6,Daire 2,0,registered,unchanged,NO_DETERMINISTIC_DEVICE_LINK,,
3600,000019c640010867,İKİZCE,D6,Daire 2,0,active,unchanged,NO_DETERMINISTIC_DEVICE_LINK,,
3601,000019c600001093,İKİZCE,D6,Daire 3,0,active,unchanged,NO_DETERMINISTIC_DEVICE_LINK,,
3602,000019c640018910,İKİZCE,D6,Daire 3,0,registered,unchanged,NO_DETERMINISTIC_DEVICE_LINK,,
3603,000019c600003230,İKİZCE,D6,Daire 3,0,registered,unchanged,NO_DETERMINISTIC_DEVICE_LINK,,
3604,000019c640007652,İKİZCE,D6,Daire 4,0,active,unchanged,NO_DETERMINISTIC_DEVICE_LINK,,
3605,000019c640016026,İKİZCE,D6,Daire 4,0,registered,unchanged,NO_DETERMINISTIC_DEVICE_LINK,,
3606,000019c600003148,İKİZCE,D6,Daire 4,0,registered,unchanged,NO_DETERMINISTIC_DEVICE_LINK,,
3607,000019c640008617,İKİZCE,D6,Daire 5,0,active,unchanged,NO_DETERMINISTIC_DEVICE_LINK,,
3608,000019c640018114,İKİZCE,D6,Daire 5,0,registered,unchanged,NO_DETERMINISTIC_DEVICE_LINK,,
3609,000019c640005832,İKİZCE,D6,Daire 5,0,active,unchanged,NO_DETERMINISTIC_DEVICE_LINK,,
3610,000019c600001099,İKİZCE,D6,Daire 6,0,active,unchanged,NO_DETERMINISTIC_DEVICE_LINK,,
3611,000019c640013729,İKİZCE,D6,Daire 6,0,registered,unchanged,NO_DETERMINISTIC_DEVICE_LINK,,
3612,000019c640009683,İKİZCE,D6,Daire 6,0,active,unchanged,NO_DETERMINISTIC_DEVICE_LINK,,
3613,000019c640009061,İKİZCE,D6,Daire 7,0,active,unchanged,NO_DETERMINISTIC_DEVICE_LINK,,
3614,000019c640017351,İKİZCE,D6,Daire 7,0,registered,unchanged,NO_DETERMINISTIC_DEVICE_LINK,,
3615,000019c600004072,İKİZCE,D6,Daire 7,0,registered,unchanged,NO_DETERMINISTIC_DEVICE_LINK,,
3616,000019c640008634,İKİZCE,D6,Daire 8,0,active,unchanged,NO_DETERMINISTIC_DEVICE_LINK,,
3617,000019c640019321,İKİZCE,D6,Daire 8,0,registered,unchanged,NO_DETERMINISTIC_DEVICE_LINK,,
3618,000019c600003237,İKİZCE,D6,Daire 8,0,registered,unchanged,NO_DETERMINISTIC_DEVICE_LINK,,
3619,000019c600002460,İKİZCE,D6,Daire 9,0,active,unchanged,NO_DETERMINISTIC_DEVICE_LINK,,
3620,000019c640018113,İKİZCE,D6,Daire 9,0,registered,unchanged,NO_DETERMINISTIC_DEVICE_LINK,,
3621,000019c600003236,İKİZCE,D6,Daire 9,0,registered,unchanged,NO_DETERMINISTIC_DEVICE_LINK,,
3622,000019c640017741,İKİZCE,D6,Numarasız 1,0,registered,unchanged,NO_DETERMINISTIC_DEVICE_LINK,,
3623,000019c640014901,İKİZCE,D6,Numarasız 10,0,registered,unchanged,NO_DETERMINISTIC_DEVICE_LINK,,
3624,000019c640017747,İKİZCE,D6,Numarasız 2,0,registered,unchanged,NO_DETERMINISTIC_DEVICE_LINK,,
3625,000019c640014725,İKİZCE,D6,Numarasız 3,0,registered,unchanged,NO_DETERMINISTIC_DEVICE_LINK,,
3626,000019c640016447,İKİZCE,D6,Numarasız 4,0,registered,unchanged,NO_DETERMINISTIC_DEVICE_LINK,,
3627,000019c640017744,İKİZCE,D6,Numarasız 5,0,registered,unchanged,NO_DETERMINISTIC_DEVICE_LINK,,
3628,000019c640014905,İKİZCE,D6,Numarasız 6,0,registered,unchanged,NO_DETERMINISTIC_DEVICE_LINK,,
3629,000019c640017749,İKİZCE,D6,Numarasız 7,0,registered,unchanged,NO_DETERMINISTIC_DEVICE_LINK,,
3630,000019c640014906,İKİZCE,D6,Numarasız 8,0,registered,unchanged,NO_DETERMINISTIC_DEVICE_LINK,,
3631,000019c640014903,İKİZCE,D6,Numarasız 9,0,registered,unchanged,NO_DETERMINISTIC_DEVICE_LINK,,
3632,000019c640009117,İKİZCE,D7,Daire 1,0,active,unchanged,NO_DETERMINISTIC_DEVICE_LINK,,
3633,000019c640017349,İKİZCE,D7,Daire 1,0,registered,unchanged,NO_DETERMINISTIC_DEVICE_LINK,,
3634,000019c600001478,İKİZCE,D7,Daire 10,0,active,unchanged,NO_DETERMINISTIC_DEVICE_LINK,,
3635,000019c640012866,İKİZCE,D7,Daire 10,0,registered,unchanged,NO_DETERMINISTIC_DEVICE_LINK,,
3636,000019c600001145,İKİZCE,D7,Daire 2,0,active,unchanged,NO_DETERMINISTIC_DEVICE_LINK,,
3637,000019c640017348,İKİZCE,D7,Daire 2,0,registered,unchanged,NO_DETERMINISTIC_DEVICE_LINK,,
3638,000019c600002771,İKİZCE,D7,Daire 3,0,active,unchanged,NO_DETERMINISTIC_DEVICE_LINK,,
3639,000019c640018177,İKİZCE,D7,Daire 3,0,registered,unchanged,NO_DETERMINISTIC_DEVICE_LINK,,
3640,000019c640007713,İKİZCE,D7,Daire 4,0,active,unchanged,NO_DETERMINISTIC_DEVICE_LINK,,
3641,000019c640013506,İKİZCE,D7,Daire 4,0,active,unchanged,NO_DETERMINISTIC_DEVICE_LINK,,
3642,000019c600002756,İKİZCE,D7,Daire 5,0,active,unchanged,NO_DETERMINISTIC_DEVICE_LINK,,
3643,000019c640012960,İKİZCE,D7,Daire 5,0,registered,unchanged,NO_DETERMINISTIC_DEVICE_LINK,,
3644,000019c640007666,İKİZCE,D7,Daire 6,0,active,unchanged,NO_DETERMINISTIC_DEVICE_LINK,,
3645,000019c640012965,İKİZCE,D7,Daire 6,0,active,unchanged,NO_DETERMINISTIC_DEVICE_LINK,,
3646,000019c640008685,İKİZCE,D7,Daire 7,0,active,unchanged,NO_DETERMINISTIC_DEVICE_LINK,,
3647,000019c640017345,İKİZCE,D7,Daire 7,0,active,unchanged,NO_DETERMINISTIC_DEVICE_LINK,,
3648,000019c600002757,İKİZCE,D7,Daire 8,0,active,unchanged,NO_DETERMINISTIC_DEVICE_LINK,,
3649,000019c640017096,İKİZCE,D7,Daire 8,0,registered,unchanged,NO_DETERMINISTIC_DEVICE_LINK,,
3650,000019c640007302,İKİZCE,D7,Daire 9,0,active,unchanged,NO_DETERMINISTIC_DEVICE_LINK,,
3651,000019c640016028,İKİZCE,D7,Daire 9,0,active,unchanged,NO_DETERMINISTIC_DEVICE_LINK,,
3652,000019c640016850,İKİZCE,D7,Numarasız 1,0,registered,unchanged,NO_DETERMINISTIC_DEVICE_LINK,,
3653,000019c640014723,İKİZCE,D7,Numarasız 10,0,registered,unchanged,NO_DETERMINISTIC_DEVICE_LINK,,
3654,000019c640015066,İKİZCE,D7,Numarasız 2,0,registered,unchanged,NO_DETERMINISTIC_DEVICE_LINK,,
3655,000019c640015279,İKİZCE,D7,Numarasız 3,0,registered,unchanged,NO_DETERMINISTIC_DEVICE_LINK,,
3656,000019c640013056,İKİZCE,D7,Numarasız 4,0,registered,unchanged,NO_DETERMINISTIC_DEVICE_LINK,,
3657,000019c640013055,İKİZCE,D7,Numarasız 5,0,active,unchanged,NO_DETERMINISTIC_DEVICE_LINK,,
3658,000019c640013052,İKİZCE,D7,Numarasız 6,0,registered,unchanged,NO_DETERMINISTIC_DEVICE_LINK,,
3659,000019c640014729,İKİZCE,D7,Numarasız 7,0,registered,unchanged,NO_DETERMINISTIC_DEVICE_LINK,,
3660,000019c640017745,İKİZCE,D7,Numarasız 8,0,registered,unchanged,NO_DETERMINISTIC_DEVICE_LINK,,
3661,000019c640014728,İKİZCE,D7,Numarasız 9,0,registered,unchanged,NO_DETERMINISTIC_DEVICE_LINK,,
3662,000019c640015770,İKİZCE,D8,Daire 1,0,registered,unchanged,NO_DETERMINISTIC_DEVICE_LINK,,
3663,000019c640018171,İKİZCE,D8,Daire 10,0,registered,unchanged,NO_DETERMINISTIC_DEVICE_LINK,,
3664,000019c640012170,İKİZCE,D8,Daire 2,0,registered,unchanged,NO_DETERMINISTIC_DEVICE_LINK,,
3665,000019c640014443,İKİZCE,D8,Daire 3,0,registered,unchanged,NO_DETERMINISTIC_DEVICE_LINK,,
3666,000019c640014444,İKİZCE,D8,Daire 4,0,registered,unchanged,NO_DETERMINISTIC_DEVICE_LINK,,
3667,000019c640017444,İKİZCE,D8,Daire 5,0,registered,unchanged,NO_DETERMINISTIC_DEVICE_LINK,,
3668,000019c640017445,İKİZCE,D8,Daire 6,0,registered,unchanged,NO_DETERMINISTIC_DEVICE_LINK,,
3669,000019c640012176,İKİZCE,D8,Daire 7,0,registered,unchanged,NO_DETERMINISTIC_DEVICE_LINK,,
3670,000019c640012840,İKİZCE,D8,Daire 8,0,registered,unchanged,NO_DETERMINISTIC_DEVICE_LINK,,
3671,000019c640017448,İKİZCE,D8,Daire 9,0,registered,unchanged,NO_DETERMINISTIC_DEVICE_LINK,,
3672,000019c640018176,İKİZCE,D9,Daire 1,0,registered,unchanged,NO_DETERMINISTIC_DEVICE_LINK,,
3673,000019c640015362,İKİZCE,D9,Daire 10,0,registered,unchanged,NO_DETERMINISTIC_DEVICE_LINK,,
3674,000019c640015680,İKİZCE,D9,Daire 2,0,registered,unchanged,NO_DETERMINISTIC_DEVICE_LINK,,
3675,000019c640012837,İKİZCE,D9,Daire 3,0,registered,unchanged,NO_DETERMINISTIC_DEVICE_LINK,,
3676,000019c640012832,İKİZCE,D9,Daire 4,0,registered,unchanged,NO_DETERMINISTIC_DEVICE_LINK,,
3677,000019c640015688,İKİZCE,D9,Daire 5,0,registered,unchanged,NO_DETERMINISTIC_DEVICE_LINK,,
3678,000019c640012869,İKİZCE,D9,Daire 6,0,registered,unchanged,NO_DETERMINISTIC_DEVICE_LINK,,
3679,000019c640012865,İKİZCE,D9,Daire 7,0,registered,unchanged,NO_DETERMINISTIC_DEVICE_LINK,,
3680,000019c640012968,İKİZCE,D9,Daire 8,0,registered,unchanged,NO_DETERMINISTIC_DEVICE_LINK,,
3681,000019c640016397,İKİZCE,D9,Daire 9,0,registered,unchanged,NO_DETERMINISTIC_DEVICE_LINK,,
3682,000019c600002002,İKİZCE,DB 1,Daire 1,0,registered,unchanged,NO_DETERMINISTIC_DEVICE_LINK,,
3683,000019c600002005,İKİZCE,DB 1,Daire 10,0,registered,unchanged,NO_DETERMINISTIC_DEVICE_LINK,,
3684,000019c600003977,İKİZCE,DB 1,Daire 11,0,registered,unchanged,NO_DETERMINISTIC_DEVICE_LINK,,
3685,000019c600003975,İKİZCE,DB 1,Daire 12,0,registered,unchanged,NO_DETERMINISTIC_DEVICE_LINK,,
3686,000019c600001571,İKİZCE,DB 1,Daire 13,0,registered,unchanged,NO_DETERMINISTIC_DEVICE_LINK,,
3687,000019c600003971,İKİZCE,DB 1,Daire 14,0,registered,unchanged,NO_DETERMINISTIC_DEVICE_LINK,,
3688,000019c640004726,İKİZCE,DB 1,Daire 15,0,registered,unchanged,NO_DETERMINISTIC_DEVICE_LINK,,
3689,000019c600000658,İKİZCE,DB 1,Daire 16,0,registered,unchanged,NO_DETERMINISTIC_DEVICE_LINK,,
3690,000019c600000985,İKİZCE,DB 1,Daire 17,0,registered,unchanged,NO_DETERMINISTIC_DEVICE_LINK,,
3691,000019c600001574,İKİZCE,DB 1,Daire 18,0,registered,unchanged,NO_DETERMINISTIC_DEVICE_LINK,,
3692,000019c600000654,İKİZCE,DB 1,Daire 19,0,registered,unchanged,NO_DETERMINISTIC_DEVICE_LINK,,
3693,000019c600002001,İKİZCE,DB 1,Daire 2,0,registered,unchanged,NO_DETERMINISTIC_DEVICE_LINK,,
3694,000019c600001586,İKİZCE,DB 1,Daire 3,0,registered,unchanged,NO_DETERMINISTIC_DEVICE_LINK,,
3695,000019c600002007,İKİZCE,DB 1,Daire 4,0,registered,unchanged,NO_DETERMINISTIC_DEVICE_LINK,,
3696,000019c600004553,İKİZCE,DB 1,Daire 5,0,registered,unchanged,NO_DETERMINISTIC_DEVICE_LINK,,
3697,000019c600003624,İKİZCE,DB 1,Daire 6,0,registered,unchanged,NO_DETERMINISTIC_DEVICE_LINK,,
3698,000019c600001583,İKİZCE,DB 1,Daire 7,0,registered,unchanged,NO_DETERMINISTIC_DEVICE_LINK,,
3699,000019c600003972,İKİZCE,DB 1,Daire 8,0,registered,unchanged,NO_DETERMINISTIC_DEVICE_LINK,,
3700,000019c600004489,İKİZCE,DB 1,Daire 9,0,registered,unchanged,NO_DETERMINISTIC_DEVICE_LINK,,
3701,000019c600001581,İKİZCE,DB 1,Kapıcı dairesi,0,registered,unchanged,NO_DETERMINISTIC_DEVICE_LINK,,
3702,000019c600004305,İKİZCE,DB 10,Daire 1,0,registered,unchanged,NO_DETERMINISTIC_DEVICE_LINK,,
3703,000019c640008757,İKİZCE,DB 10,Daire 10,0,registered,unchanged,NO_DETERMINISTIC_DEVICE_LINK,,
3704,000019c600004306,İKİZCE,DB 10,Daire 11,0,registered,unchanged,NO_DETERMINISTIC_DEVICE_LINK,,
3705,000019c640007089,İKİZCE,DB 10,Daire 12,0,active,unchanged,NO_DETERMINISTIC_DEVICE_LINK,,
3706,000019c640007562,İKİZCE,DB 10,Daire 13,0,registered,unchanged,NO_DETERMINISTIC_DEVICE_LINK,,
3707,000019c640007565,İKİZCE,DB 10,Daire 14,0,registered,unchanged,NO_DETERMINISTIC_DEVICE_LINK,,
3708,000019c640008751,İKİZCE,DB 10,Daire 15,0,registered,unchanged,NO_DETERMINISTIC_DEVICE_LINK,,
3709,000019c640008756,İKİZCE,DB 10,Daire 16,0,registered,unchanged,NO_DETERMINISTIC_DEVICE_LINK,,
3710,000019c600004725,İKİZCE,DB 10,Daire 17,0,registered,unchanged,NO_DETERMINISTIC_DEVICE_LINK,,
3711,000019c640007564,İKİZCE,DB 10,Daire 18,0,registered,unchanged,NO_DETERMINISTIC_DEVICE_LINK,,
3712,000019c600004723,İKİZCE,DB 10,Daire 19,0,registered,unchanged,NO_DETERMINISTIC_DEVICE_LINK,,
3713,000019c640006306,İKİZCE,DB 10,Daire 2,0,registered,unchanged,NO_DETERMINISTIC_DEVICE_LINK,,
3714,000019c640007561,İKİZCE,DB 10,Daire 20,0,registered,unchanged,NO_DETERMINISTIC_DEVICE_LINK,,
3715,000019c600001688,İKİZCE,DB 10,Daire 21,0,registered,unchanged,NO_DETERMINISTIC_DEVICE_LINK,,
3716,000019c640010375,İKİZCE,DB 10,Daire 22,0,registered,unchanged,NO_DETERMINISTIC_DEVICE_LINK,,
3717,000019c600004303,İKİZCE,DB 10,Daire 3,0,registered,unchanged,NO_DETERMINISTIC_DEVICE_LINK,,
3718,000019c600002327,İKİZCE,DB 10,Daire 4,0,registered,unchanged,NO_DETERMINISTIC_DEVICE_LINK,,
3719,000019c640006304,İKİZCE,DB 10,Daire 5,0,active,unchanged,NO_DETERMINISTIC_DEVICE_LINK,,
3720,000019c640007566,İKİZCE,DB 10,Daire 6,0,registered,unchanged,NO_DETERMINISTIC_DEVICE_LINK,,
3721,000019c640006236,İKİZCE,DB 10,Daire 7,0,registered,unchanged,NO_DETERMINISTIC_DEVICE_LINK,,
3722,000019c640006308,İKİZCE,DB 10,Daire 8,0,active,unchanged,NO_DETERMINISTIC_DEVICE_LINK,,
3723,000019c640006305,İKİZCE,DB 10,Daire 9,0,active,unchanged,NO_DETERMINISTIC_DEVICE_LINK,,
3724,000019c600004613,İKİZCE,DB 11,Daire 1,0,registered,unchanged,NO_DETERMINISTIC_DEVICE_LINK,,
3725,000019c640008500,İKİZCE,DB 11,Daire 10,0,active,unchanged,NO_DETERMINISTIC_DEVICE_LINK,,
3726,000019c640010445,İKİZCE,DB 11,Daire 11,0,registered,unchanged,NO_DETERMINISTIC_DEVICE_LINK,,
3727,000019c640007869,İKİZCE,DB 11,Daire 12,0,registered,unchanged,NO_DETERMINISTIC_DEVICE_LINK,,
3728,000019c640010446,İKİZCE,DB 11,Daire 13,0,registered,unchanged,NO_DETERMINISTIC_DEVICE_LINK,,
3729,000019c640006006,İKİZCE,DB 11,Daire 14,0,registered,unchanged,NO_DETERMINISTIC_DEVICE_LINK,,
3730,000019c640006364,İKİZCE,DB 11,Daire 15,0,registered,unchanged,NO_DETERMINISTIC_DEVICE_LINK,,
3731,000019c640008093,İKİZCE,DB 11,Daire 16,0,active,unchanged,NO_DETERMINISTIC_DEVICE_LINK,,
3732,000019c640007170,İKİZCE,DB 11,Daire 17,0,registered,unchanged,NO_DETERMINISTIC_DEVICE_LINK,,
3733,000019c640008602,İKİZCE,DB 11,Daire 18,0,registered,unchanged,NO_DETERMINISTIC_DEVICE_LINK,,
3734,000019c640008603,İKİZCE,DB 11,Daire 19,0,registered,unchanged,NO_DETERMINISTIC_DEVICE_LINK,,
3735,000019c640007864,İKİZCE,DB 11,Daire 2,0,active,unchanged,NO_DETERMINISTIC_DEVICE_LINK,,
3736,000019c600004618,İKİZCE,DB 11,Daire 3,0,registered,unchanged,NO_DETERMINISTIC_DEVICE_LINK,,
3737,000019c640010443,İKİZCE,DB 11,Daire 4,0,active,unchanged,NO_DETERMINISTIC_DEVICE_LINK,,
3738,000019c640007868,İKİZCE,DB 11,Daire 5,0,registered,unchanged,NO_DETERMINISTIC_DEVICE_LINK,,
3739,000019c640006917,İKİZCE,DB 11,Daire 6,0,active,unchanged,NO_DETERMINISTIC_DEVICE_LINK,,
3740,000019c640010447,İKİZCE,DB 11,Daire 7,0,registered,unchanged,NO_DETERMINISTIC_DEVICE_LINK,,
3741,000019c640006915,İKİZCE,DB 11,Daire 8,0,registered,unchanged,NO_DETERMINISTIC_DEVICE_LINK,,
3742,000019c640006360,İKİZCE,DB 11,Daire 9,0,active,unchanged,NO_DETERMINISTIC_DEVICE_LINK,,
3743,000019c640007863,İKİZCE,DB 11,Kapıcı Dairesi,0,active,unchanged,NO_DETERMINISTIC_DEVICE_LINK,,
3744,000019c600001684,İKİZCE,DB 12,Daire 1,0,registered,unchanged,NO_DETERMINISTIC_DEVICE_LINK,,
3745,000019c640010535,İKİZCE,DB 12,Daire 10,0,active,unchanged,NO_DETERMINISTIC_DEVICE_LINK,,
3746,000019c640010371,İKİZCE,DB 12,Daire 11,0,registered,unchanged,NO_DETERMINISTIC_DEVICE_LINK,,
3747,000019c640006911,İKİZCE,DB 12,Daire 12,0,registered,unchanged,NO_DETERMINISTIC_DEVICE_LINK,,
3748,000019c640032056,İKİZCE,DB 12,Daire 13,0,registered,unchanged,NO_DETERMINISTIC_DEVICE_LINK,,
3749,000019c600001686,İKİZCE,DB 12,Daire 14,0,registered,unchanged,NO_DETERMINISTIC_DEVICE_LINK,,
3750,000019c640010537,İKİZCE,DB 12,Daire 15,0,registered,unchanged,NO_DETERMINISTIC_DEVICE_LINK,,
3751,000019c640008503,İKİZCE,DB 12,Daire 16,0,registered,unchanged,NO_DETERMINISTIC_DEVICE_LINK,,
3752,000019c600004762,İKİZCE,DB 12,Daire 17,0,registered,unchanged,NO_DETERMINISTIC_DEVICE_LINK,,
3753,000019c600002347,İKİZCE,DB 12,Daire 18,0,registered,unchanged,NO_DETERMINISTIC_DEVICE_LINK,,
3754,000019c640006200,İKİZCE,DB 12,Daire 19,0,registered,unchanged,NO_DETERMINISTIC_DEVICE_LINK,,
3755,000019c640010373,İKİZCE,DB 12,Daire 2,0,registered,unchanged,NO_DETERMINISTIC_DEVICE_LINK,,
3756,000019c640008793,İKİZCE,DB 12,Daire 20,0,registered,unchanged,NO_DETERMINISTIC_DEVICE_LINK,,
3757,000019c640008253,İKİZCE,DB 12,Daire 3,0,registered,unchanged,NO_DETERMINISTIC_DEVICE_LINK,,
3758,000019c640006362,İKİZCE,DB 12,Daire 4,0,active,unchanged,NO_DETERMINISTIC_DEVICE_LINK,,
3759,000019c640010530,İKİZCE,DB 12,Daire 5,0,registered,unchanged,NO_DETERMINISTIC_DEVICE_LINK,,
3760,000019c640008259,İKİZCE,DB 12,Daire 6,0,registered,unchanged,NO_DETERMINISTIC_DEVICE_LINK,,
3761,000019c640010466,İKİZCE,DB 12,Daire 7,0,registered,unchanged,NO_DETERMINISTIC_DEVICE_LINK,,
3762,000019c640010465,İKİZCE,DB 12,Daire 8,0,active,unchanged,NO_DETERMINISTIC_DEVICE_LINK,,
3763,000019c640010376,İKİZCE,DB 12,Daire 9,0,active,unchanged,NO_DETERMINISTIC_DEVICE_LINK,,
3764,000019c640006862,İKİZCE,DB 13,Daire 1,0,registered,unchanged,NO_DETERMINISTIC_DEVICE_LINK,,
3765,000019c600002391,İKİZCE,DB 13,Daire 10,0,registered,unchanged,NO_DETERMINISTIC_DEVICE_LINK,,
3766,000019c640006861,İKİZCE,DB 13,Daire 11,0,registered,unchanged,NO_DETERMINISTIC_DEVICE_LINK,,
3767,000019c640006867,İKİZCE,DB 13,Daire 12,0,registered,unchanged,NO_DETERMINISTIC_DEVICE_LINK,,
3768,000019c640007518,İKİZCE,DB 13,Daire 13,0,active,unchanged,NO_DETERMINISTIC_DEVICE_LINK,,
3769,000019c640007511,İKİZCE,DB 13,Daire 14,0,registered,unchanged,NO_DETERMINISTIC_DEVICE_LINK,,
3770,000019c600002395,İKİZCE,DB 13,Daire 15,0,registered,unchanged,NO_DETERMINISTIC_DEVICE_LINK,,
3771,000019c640006865,İKİZCE,DB 13,Daire 16,0,registered,unchanged,NO_DETERMINISTIC_DEVICE_LINK,,
3772,000019c640007516,İKİZCE,DB 13,Daire 17,0,active,unchanged,NO_DETERMINISTIC_DEVICE_LINK,,
3773,000019c640006860,İKİZCE,DB 13,Daire 18,0,active,unchanged,NO_DETERMINISTIC_DEVICE_LINK,,
3774,000019c640006868,İKİZCE,DB 13,Daire 19,0,active,unchanged,NO_DETERMINISTIC_DEVICE_LINK,,
3775,000019c640006863,İKİZCE,DB 13,Daire 2,0,active,unchanged,NO_DETERMINISTIC_DEVICE_LINK,,
3776,000019c600002393,İKİZCE,DB 13,Daire 20,0,registered,unchanged,NO_DETERMINISTIC_DEVICE_LINK,,
3777,000019c640006300,İKİZCE,DB 13,Daire 21,0,registered,unchanged,NO_DETERMINISTIC_DEVICE_LINK,,
3778,000019c640007082,İKİZCE,DB 13,Daire 22,0,active,unchanged,NO_DETERMINISTIC_DEVICE_LINK,,
3779,000019c600002392,İKİZCE,DB 13,Daire 3,0,registered,unchanged,NO_DETERMINISTIC_DEVICE_LINK,,
3780,000019c640007512,İKİZCE,DB 13,Daire 4,0,active,unchanged,NO_DETERMINISTIC_DEVICE_LINK,,
3781,000019c640006869,İKİZCE,DB 13,Daire 5,0,registered,unchanged,NO_DETERMINISTIC_DEVICE_LINK,,
3782,000019c640007519,İKİZCE,DB 13,Daire 6,0,registered,unchanged,NO_DETERMINISTIC_DEVICE_LINK,,
3783,000019c640006866,İKİZCE,DB 13,Daire 7,0,registered,unchanged,NO_DETERMINISTIC_DEVICE_LINK,,
3784,000019c600002398,İKİZCE,DB 13,Daire 8,0,registered,unchanged,NO_DETERMINISTIC_DEVICE_LINK,,
3785,000019c640006864,İKİZCE,DB 13,Daire 9,0,registered,unchanged,NO_DETERMINISTIC_DEVICE_LINK,,
3786,000019c640006088,İKİZCE,DB 14,Daire 1,0,registered,unchanged,NO_DETERMINISTIC_DEVICE_LINK,,
3787,000019c640008701,İKİZCE,DB 14,Daire 10,0,active,unchanged,NO_DETERMINISTIC_DEVICE_LINK,,
3788,000019c640008708,İKİZCE,DB 14,Daire 11,0,active,unchanged,NO_DETERMINISTIC_DEVICE_LINK,,
3789,000019c640008709,İKİZCE,DB 14,Daire 12,0,registered,unchanged,NO_DETERMINISTIC_DEVICE_LINK,,
3790,000019c640008703,İKİZCE,DB 14,Daire 13,0,registered,unchanged,NO_DETERMINISTIC_DEVICE_LINK,,
3791,000019c640008700,İKİZCE,DB 14,Daire 14,0,registered,unchanged,NO_DETERMINISTIC_DEVICE_LINK,,
3792,000019c640006082,İKİZCE,DB 14,Daire 15,0,registered,unchanged,NO_DETERMINISTIC_DEVICE_LINK,,
3793,000019c640008705,İKİZCE,DB 14,Daire 16,0,registered,unchanged,NO_DETERMINISTIC_DEVICE_LINK,,
3794,000019c640006087,İKİZCE,DB 14,Daire 17,0,active,unchanged,NO_DETERMINISTIC_DEVICE_LINK,,
3795,000019c640008515,İKİZCE,DB 14,Daire 18,0,active,unchanged,NO_DETERMINISTIC_DEVICE_LINK,,
3796,000019c640008578,İKİZCE,DB 14,Daire 19,0,registered,unchanged,NO_DETERMINISTIC_DEVICE_LINK,,
3797,000019c640008517,İKİZCE,DB 14,Daire 2,0,registered,unchanged,NO_DETERMINISTIC_DEVICE_LINK,,
3798,000019c640006081,İKİZCE,DB 14,Daire 20,0,active,unchanged,NO_DETERMINISTIC_DEVICE_LINK,,
3799,000019c640006309,İKİZCE,DB 14,Daire 21,0,registered,unchanged,NO_DETERMINISTIC_DEVICE_LINK,,
3800,000019c640007088,İKİZCE,DB 14,Daire 22,0,active,unchanged,NO_DETERMINISTIC_DEVICE_LINK,,
3801,000019c640006085,İKİZCE,DB 14,Daire 3,0,registered,unchanged,NO_DETERMINISTIC_DEVICE_LINK,,
3802,000019c640008516,İKİZCE,DB 14,Daire 4,0,registered,unchanged,NO_DETERMINISTIC_DEVICE_LINK,,
3803,000019c640008574,İKİZCE,DB 14,Daire 5,0,registered,unchanged,NO_DETERMINISTIC_DEVICE_LINK,,
3804,000019c640008707,İKİZCE,DB 14,Daire 6,0,active,unchanged,NO_DETERMINISTIC_DEVICE_LINK,,
3805,000019c640006086,İKİZCE,DB 14,Daire 7,0,registered,unchanged,NO_DETERMINISTIC_DEVICE_LINK,,
3806,000019c640008519,İKİZCE,DB 14,Daire 8,0,registered,unchanged,NO_DETERMINISTIC_DEVICE_LINK,,
3807,000019c640008572,İKİZCE,DB 14,Daire 9,0,registered,unchanged,NO_DETERMINISTIC_DEVICE_LINK,,
3808,000019c600004722,İKİZCE,DB 15,Daire 1,0,registered,unchanged,NO_DETERMINISTIC_DEVICE_LINK,,
3809,000019c600004614,İKİZCE,DB 15,Daire 10,0,registered,unchanged,NO_DETERMINISTIC_DEVICE_LINK,,
3810,000019c600004610,İKİZCE,DB 15,Daire 11,0,registered,unchanged,NO_DETERMINISTIC_DEVICE_LINK,,
3811,000019c600004615,İKİZCE,DB 15,Daire 12,0,registered,unchanged,NO_DETERMINISTIC_DEVICE_LINK,,
3812,000019c640008511,İKİZCE,DB 15,Daire 13,0,active,unchanged,NO_DETERMINISTIC_DEVICE_LINK,,
3813,000019c600000685,İKİZCE,DB 15,Daire 14,0,registered,unchanged,NO_DETERMINISTIC_DEVICE_LINK,,
3814,000019c600001793,İKİZCE,DB 15,Daire 15,0,registered,unchanged,NO_DETERMINISTIC_DEVICE_LINK,,
3815,000019c600002344,İKİZCE,DB 15,Daire 16,0,registered,unchanged,NO_DETERMINISTIC_DEVICE_LINK,,
3816,000019c640008575,İKİZCE,DB 15,Daire 17,0,active,unchanged,NO_DETERMINISTIC_DEVICE_LINK,,
3817,000019c600000687,İKİZCE,DB 15,Daire 18,0,registered,unchanged,NO_DETERMINISTIC_DEVICE_LINK,,
3818,000019c600004769,İKİZCE,DB 15,Daire 19,0,registered,unchanged,NO_DETERMINISTIC_DEVICE_LINK,,
3819,000019c600004612,İKİZCE,DB 15,Daire 2,0,registered,unchanged,NO_DETERMINISTIC_DEVICE_LINK,,
3820,000019c640008250,İKİZCE,DB 15,Daire 20,0,registered,unchanged,NO_DETERMINISTIC_DEVICE_LINK,,
3821,000019c640006910,İKİZCE,DB 15,Daire 21,0,registered,unchanged,NO_DETERMINISTIC_DEVICE_LINK,,
3822,000019c640008512,İKİZCE,DB 15,Daire 3,0,registered,unchanged,NO_DETERMINISTIC_DEVICE_LINK,,
3823,000019c640008750,İKİZCE,DB 15,Daire 4,0,registered,unchanged,NO_DETERMINISTIC_DEVICE_LINK,,
3824,000019c640007084,İKİZCE,DB 15,Daire 5,0,registered,unchanged,NO_DETERMINISTIC_DEVICE_LINK,,
3825,000019c600004616,İKİZCE,DB 15,Daire 6,0,registered,unchanged,NO_DETERMINISTIC_DEVICE_LINK,,
3826,000019c600004617,İKİZCE,DB 15,Daire 7,0,registered,unchanged,NO_DETERMINISTIC_DEVICE_LINK,,
3827,000019c600004619,İKİZCE,DB 15,Daire 8,0,registered,unchanged,NO_DETERMINISTIC_DEVICE_LINK,,
3828,000019c600004611,İKİZCE,DB 15,Daire 9,0,registered,unchanged,NO_DETERMINISTIC_DEVICE_LINK,,
3829,000019c640006302,İKİZCE,DB 15,KD,0,registered,unchanged,NO_DETERMINISTIC_DEVICE_LINK,,
3830,000019c600006005,İKİZCE,DB 16,Daire 1,0,registered,unchanged,NO_DETERMINISTIC_DEVICE_LINK,,
3831,000019c600007866,İKİZCE,DB 16,Daire 10,0,registered,unchanged,NO_DETERMINISTIC_DEVICE_LINK,,
3832,000019c600007867,İKİZCE,DB 16,Daire 11,0,registered,unchanged,NO_DETERMINISTIC_DEVICE_LINK,,
3833,000019c600006205,İKİZCE,DB 16,Daire 12,0,registered,unchanged,NO_DETERMINISTIC_DEVICE_LINK,,
3834,000019c600006239,İKİZCE,DB 16,Daire 13,0,registered,unchanged,NO_DETERMINISTIC_DEVICE_LINK,,
3835,000019c600006232,İKİZCE,DB 16,Daire 14,0,registered,unchanged,NO_DETERMINISTIC_DEVICE_LINK,,
3836,000019c600008507,İKİZCE,DB 16,Daire 15,0,registered,unchanged,NO_DETERMINISTIC_DEVICE_LINK,,
3837,000019c600006367,İKİZCE,DB 16,Daire 16,0,registered,unchanged,NO_DETERMINISTIC_DEVICE_LINK,,
3838,000019c600001621,İKİZCE,DB 16,Daire 17,0,registered,unchanged,NO_DETERMINISTIC_DEVICE_LINK,,
3839,000019c600001622,İKİZCE,DB 16,Daire 18,0,registered,unchanged,NO_DETERMINISTIC_DEVICE_LINK,,
3840,000019c600001624,İKİZCE,DB 16,Daire 19,0,registered,unchanged,NO_DETERMINISTIC_DEVICE_LINK,,
3841,000019c600008505,İKİZCE,DB 16,Daire 2,0,registered,unchanged,NO_DETERMINISTIC_DEVICE_LINK,,
3842,000019c600006912,İKİZCE,DB 16,Daire 20,0,registered,unchanged,NO_DETERMINISTIC_DEVICE_LINK,,
3843,000019c600006363,İKİZCE,DB 16,Daire 21,0,registered,unchanged,NO_DETERMINISTIC_DEVICE_LINK,,
3844,000019c600006007,İKİZCE,DB 16,Daire 22,0,registered,unchanged,NO_DETERMINISTIC_DEVICE_LINK,,
3845,000019c600001626,İKİZCE,DB 16,Daire 3,0,registered,unchanged,NO_DETERMINISTIC_DEVICE_LINK,,
3846,000019c600001627,İKİZCE,DB 16,Daire 4,0,registered,unchanged,NO_DETERMINISTIC_DEVICE_LINK,,
3847,000019c600003034,İKİZCE,DB 16,Daire 5,0,registered,unchanged,NO_DETERMINISTIC_DEVICE_LINK,,
3848,000019c600000690,İKİZCE,DB 16,Daire 6,0,registered,unchanged,NO_DETERMINISTIC_DEVICE_LINK,,
3849,000019c600001628,İKİZCE,DB 16,Daire 7,0,registered,unchanged,NO_DETERMINISTIC_DEVICE_LINK,,
3850,000019c640010441,İKİZCE,DB 16,Daire 8,0,registered,unchanged,NO_DETERMINISTIC_DEVICE_LINK,,
3851,000019c600002328,İKİZCE,DB 16,Daire 9,0,registered,unchanged,NO_DETERMINISTIC_DEVICE_LINK,,
3852,000019c600004080,İKİZCE,DB 17,Daire 1,0,registered,unchanged,NO_DETERMINISTIC_DEVICE_LINK,,
3853,000019c600007825,İKİZCE,DB 17,Daire 10,0,registered,unchanged,NO_DETERMINISTIC_DEVICE_LINK,,
3854,000019c600004083,İKİZCE,DB 17,Daire 11,0,registered,unchanged,NO_DETERMINISTIC_DEVICE_LINK,,
3855,000019c600007821,İKİZCE,DB 17,Daire 12,0,registered,unchanged,NO_DETERMINISTIC_DEVICE_LINK,,
3856,000019c600007820,İKİZCE,DB 17,Daire 13,0,registered,unchanged,NO_DETERMINISTIC_DEVICE_LINK,,
3857,000019c600007826,İKİZCE,DB 17,Daire 14,0,registered,unchanged,NO_DETERMINISTIC_DEVICE_LINK,,
3858,000019c600004084,İKİZCE,DB 17,Daire 15,0,registered,unchanged,NO_DETERMINISTIC_DEVICE_LINK,,
3859,000019c600004089,İKİZCE,DB 17,Daire 16,0,registered,unchanged,NO_DETERMINISTIC_DEVICE_LINK,,
3860,000019c600004086,İKİZCE,DB 17,Daire 17,0,registered,unchanged,NO_DETERMINISTIC_DEVICE_LINK,,
3861,000019c600004087,İKİZCE,DB 17,Daire 18,0,registered,unchanged,NO_DETERMINISTIC_DEVICE_LINK,,
3862,000019c600007523,İKİZCE,DB 17,Daire 19,0,registered,unchanged,NO_DETERMINISTIC_DEVICE_LINK,,
3863,000019c600008729,İKİZCE,DB 17,Daire 2,0,registered,unchanged,NO_DETERMINISTIC_DEVICE_LINK,,
3864,000019c600004085,İKİZCE,DB 17,Daire 20,0,registered,unchanged,NO_DETERMINISTIC_DEVICE_LINK,,
3865,000019c600007515,İKİZCE,DB 17,Daire 21,0,registered,unchanged,NO_DETERMINISTIC_DEVICE_LINK,,
3866,000019c600004088,İKİZCE,DB 17,Daire 22,0,registered,unchanged,NO_DETERMINISTIC_DEVICE_LINK,,
3867,000019c600007513,İKİZCE,DB 17,Daire 3,0,registered,unchanged,NO_DETERMINISTIC_DEVICE_LINK,,
3868,000019c600007827,İKİZCE,DB 17,Daire 4,0,registered,unchanged,NO_DETERMINISTIC_DEVICE_LINK,,
3869,000019c600006365,İKİZCE,DB 17,Daire 5,0,registered,unchanged,NO_DETERMINISTIC_DEVICE_LINK,,
3870,000019c640010469,İKİZCE,DB 17,Daire 6,0,registered,unchanged,NO_DETERMINISTIC_DEVICE_LINK,,
3871,000019c600007822,İKİZCE,DB 17,Daire 7,0,registered,unchanged,NO_DETERMINISTIC_DEVICE_LINK,,
3872,000019c600007829,İKİZCE,DB 17,Daire 8,0,registered,unchanged,NO_DETERMINISTIC_DEVICE_LINK,,
3873,000019c600007823,İKİZCE,DB 17,Daire 9,0,registered,unchanged,NO_DETERMINISTIC_DEVICE_LINK,,
3874,000019c600002350,İKİZCE,DB 18,Daire 1,0,registered,unchanged,NO_DETERMINISTIC_DEVICE_LINK,,
3875,000019c600006219,İKİZCE,DB 18,Daire 10,0,registered,unchanged,NO_DETERMINISTIC_DEVICE_LINK,,
3876,000019c600006216,İKİZCE,DB 18,Daire 11,0,registered,unchanged,NO_DETERMINISTIC_DEVICE_LINK,,
3877,000019c600006214,İKİZCE,DB 18,Daire 12,0,registered,unchanged,NO_DETERMINISTIC_DEVICE_LINK,,
3878,000019c600006213,İKİZCE,DB 18,Daire 13,0,registered,unchanged,NO_DETERMINISTIC_DEVICE_LINK,,
3879,000019c600001696,İKİZCE,DB 18,Daire 14,0,registered,unchanged,NO_DETERMINISTIC_DEVICE_LINK,,
3880,000019c600001691,İKİZCE,DB 18,Daire 15,0,registered,unchanged,NO_DETERMINISTIC_DEVICE_LINK,,
3881,000019c600001692,İKİZCE,DB 18,Daire 16,0,registered,unchanged,NO_DETERMINISTIC_DEVICE_LINK,,
3882,000019c600001695,İKİZCE,DB 18,Daire 17,0,registered,unchanged,NO_DETERMINISTIC_DEVICE_LINK,,
3883,000019c600001694,İKİZCE,DB 18,Daire 18,0,registered,unchanged,NO_DETERMINISTIC_DEVICE_LINK,,
3884,000019c600007828,İKİZCE,DB 18,Daire 19,0,registered,unchanged,NO_DETERMINISTIC_DEVICE_LINK,,
3885,000019c600000686,İKİZCE,DB 18,Daire 2,0,registered,unchanged,NO_DETERMINISTIC_DEVICE_LINK,,
3886,000019c600001698,İKİZCE,DB 18,Daire 20,0,registered,unchanged,NO_DETERMINISTIC_DEVICE_LINK,,
3887,000019c600001690,İKİZCE,DB 18,Daire 21,0,registered,unchanged,NO_DETERMINISTIC_DEVICE_LINK,,
3888,000019c600004768,İKİZCE,DB 18,Daire 3,0,registered,unchanged,NO_DETERMINISTIC_DEVICE_LINK,,
3889,000019c600001843,İKİZCE,DB 18,Daire 4,0,registered,unchanged,NO_DETERMINISTIC_DEVICE_LINK,,
3890,000019c600000473,İKİZCE,DB 18,Daire 5,0,registered,unchanged,NO_DETERMINISTIC_DEVICE_LINK,,
3891,000019c600000475,İKİZCE,DB 18,Daire 6,0,registered,unchanged,NO_DETERMINISTIC_DEVICE_LINK,,
3892,000019c600001846,İKİZCE,DB 18,Daire 7,0,registered,unchanged,NO_DETERMINISTIC_DEVICE_LINK,,
3893,000019c600003032,İKİZCE,DB 18,Daire 8,0,registered,unchanged,NO_DETERMINISTIC_DEVICE_LINK,,
3894,000019c600000472,İKİZCE,DB 18,Daire 9,0,registered,unchanged,NO_DETERMINISTIC_DEVICE_LINK,,
3895,000019c600003035,İKİZCE,DB 18,KD,0,registered,unchanged,NO_DETERMINISTIC_DEVICE_LINK,,
3896,000019c600008518,İKİZCE,DB 19,Daire 1,0,registered,unchanged,NO_DETERMINISTIC_DEVICE_LINK,,
3897,000019c600008571,İKİZCE,DB 19,Daire 10,0,registered,unchanged,NO_DETERMINISTIC_DEVICE_LINK,,
3898,000019c600008706,İKİZCE,DB 19,Daire 11,0,registered,unchanged,NO_DETERMINISTIC_DEVICE_LINK,,
3899,000019c600006084,İKİZCE,DB 19,Daire 12,0,registered,unchanged,NO_DETERMINISTIC_DEVICE_LINK,,
3900,000019c600008579,İKİZCE,DB 19,Daire 13,0,registered,unchanged,NO_DETERMINISTIC_DEVICE_LINK,,
3901,000019c600008514,İKİZCE,DB 19,Daire 14,0,registered,unchanged,NO_DETERMINISTIC_DEVICE_LINK,,
3902,000019c600003037,İKİZCE,DB 19,Daire 15,0,registered,unchanged,NO_DETERMINISTIC_DEVICE_LINK,,
3903,000019c600006083,İKİZCE,DB 19,Daire 16,0,registered,unchanged,NO_DETERMINISTIC_DEVICE_LINK,,
3904,000019c600001791,İKİZCE,DB 19,Daire 17,0,registered,unchanged,NO_DETERMINISTIC_DEVICE_LINK,,
3905,000019c600008573,İKİZCE,DB 19,Daire 18,0,registered,unchanged,NO_DETERMINISTIC_DEVICE_LINK,,
3906,000019c600003039,İKİZCE,DB 19,Daire 19,0,registered,unchanged,NO_DETERMINISTIC_DEVICE_LINK,,
3907,000019c600008702,İKİZCE,DB 19,Daire 2,0,registered,unchanged,NO_DETERMINISTIC_DEVICE_LINK,,
3908,000019c600008570,İKİZCE,DB 19,Daire 20,0,registered,unchanged,NO_DETERMINISTIC_DEVICE_LINK,,
3909,000019c600001693,İKİZCE,DB 19,Daire 21,0,registered,unchanged,NO_DETERMINISTIC_DEVICE_LINK,,
3910,000019c600001699,İKİZCE,DB 19,Daire 22,0,registered,unchanged,NO_DETERMINISTIC_DEVICE_LINK,,
3911,000019c600008510,İKİZCE,DB 19,Daire 3,0,registered,unchanged,NO_DETERMINISTIC_DEVICE_LINK,,
3912,000019c600001795,İKİZCE,DB 19,Daire 4,0,registered,unchanged,NO_DETERMINISTIC_DEVICE_LINK,,
3913,000019c600008577,İKİZCE,DB 19,Daire 5,0,registered,unchanged,NO_DETERMINISTIC_DEVICE_LINK,,
3914,000019c600001792,İKİZCE,DB 19,Daire 6,0,registered,unchanged,NO_DETERMINISTIC_DEVICE_LINK,,
3915,000019c600006080,İKİZCE,DB 19,Daire 7,0,registered,unchanged,NO_DETERMINISTIC_DEVICE_LINK,,
3916,000019c600006089,İKİZCE,DB 19,Daire 8,0,registered,unchanged,NO_DETERMINISTIC_DEVICE_LINK,,
3917,000019c600000479,İKİZCE,DB 19,Daire 9,0,registered,unchanged,NO_DETERMINISTIC_DEVICE_LINK,,
3918,000019c600001807,İKİZCE,DB 2,Daire 1,0,registered,unchanged,NO_DETERMINISTIC_DEVICE_LINK,,
3919,000019c640001480,İKİZCE,DB 2,Daire 10,0,registered,unchanged,NO_DETERMINISTIC_DEVICE_LINK,,
3920,000019c600002146,İKİZCE,DB 2,Daire 11,0,registered,unchanged,NO_DETERMINISTIC_DEVICE_LINK,,
3921,000019c640001473,İKİZCE,DB 2,Daire 12,0,registered,unchanged,NO_DETERMINISTIC_DEVICE_LINK,,
3922,000019c600000702,İKİZCE,DB 2,Daire 13,0,registered,unchanged,NO_DETERMINISTIC_DEVICE_LINK,,
3923,000019c600001954,İKİZCE,DB 2,Daire 14,0,registered,unchanged,NO_DETERMINISTIC_DEVICE_LINK,,
3924,000019c600000707,İKİZCE,DB 2,Daire 15,0,registered,unchanged,NO_DETERMINISTIC_DEVICE_LINK,,
3925,000019c600000703,İKİZCE,DB 2,Daire 16,0,registered,unchanged,NO_DETERMINISTIC_DEVICE_LINK,,
3926,000019c640001475,İKİZCE,DB 2,Daire 17,0,registered,unchanged,NO_DETERMINISTIC_DEVICE_LINK,,
3927,000019c640001478,İKİZCE,DB 2,Daire 18,0,registered,unchanged,NO_DETERMINISTIC_DEVICE_LINK,,
3928,000019c600001199,İKİZCE,DB 2,Daire 19,0,registered,unchanged,NO_DETERMINISTIC_DEVICE_LINK,,
3929,000019c600002009,İKİZCE,DB 2,Daire 2,0,registered,unchanged,NO_DETERMINISTIC_DEVICE_LINK,,
3930,000019c600003586,İKİZCE,DB 2,Daire 20,0,registered,unchanged,NO_DETERMINISTIC_DEVICE_LINK,,
3931,000019c600000709,İKİZCE,DB 2,Daire 3,0,registered,unchanged,NO_DETERMINISTIC_DEVICE_LINK,,
3932,000019c600000937,İKİZCE,DB 2,Daire 4,0,registered,unchanged,NO_DETERMINISTIC_DEVICE_LINK,,
3933,000019c600001106,İKİZCE,DB 2,Daire 5,0,registered,unchanged,NO_DETERMINISTIC_DEVICE_LINK,,
3934,000019c600002143,İKİZCE,DB 2,Daire 6,0,registered,unchanged,NO_DETERMINISTIC_DEVICE_LINK,,
3935,000019c600000983,İKİZCE,DB 2,Daire 7,0,registered,unchanged,NO_DETERMINISTIC_DEVICE_LINK,,
3936,000019c600001806,İKİZCE,DB 2,Daire 8,0,registered,unchanged,NO_DETERMINISTIC_DEVICE_LINK,,
3937,000019c640001471,İKİZCE,DB 2,Daire 9,0,registered,unchanged,NO_DETERMINISTIC_DEVICE_LINK,,
3938,000019c640005026,İKİZCE,DB 20,Daire 1,0,registered,unchanged,NO_DETERMINISTIC_DEVICE_LINK,,
3939,000019c640008381,İKİZCE,DB 20,Daire 10,0,active,unchanged,NO_DETERMINISTIC_DEVICE_LINK,,
3940,000019c640009576,İKİZCE,DB 20,Daire 11,0,registered,unchanged,NO_DETERMINISTIC_DEVICE_LINK,,
3941,000019c600001417,İKİZCE,DB 20,Daire 12,0,registered,unchanged,NO_DETERMINISTIC_DEVICE_LINK,,
3942,000019c600000480,İKİZCE,DB 20,Daire 13,0,registered,unchanged,NO_DETERMINISTIC_DEVICE_LINK,,
3943,000019c600002345,İKİZCE,DB 20,Daire 14,0,registered,unchanged,NO_DETERMINISTIC_DEVICE_LINK,,
3944,000019c600004846,İKİZCE,DB 20,Daire 15,0,registered,unchanged,NO_DETERMINISTIC_DEVICE_LINK,,
3945,000019c600004845,İKİZCE,DB 20,Daire 16,0,registered,unchanged,NO_DETERMINISTIC_DEVICE_LINK,,
3946,000019c600004849,İKİZCE,DB 20,Daire 17,0,registered,unchanged,NO_DETERMINISTIC_DEVICE_LINK,,
3947,000019c600004843,İKİZCE,DB 20,Daire 18,0,registered,unchanged,NO_DETERMINISTIC_DEVICE_LINK,,
3948,000019c600004840,İKİZCE,DB 20,Daire 19,0,registered,unchanged,NO_DETERMINISTIC_DEVICE_LINK,,
3949,000019c600001399,İKİZCE,DB 20,Daire 2,0,registered,unchanged,NO_DETERMINISTIC_DEVICE_LINK,,
3950,000019c600004847,İKİZCE,DB 20,Daire 20,0,registered,unchanged,NO_DETERMINISTIC_DEVICE_LINK,,
3951,000019c640008723,İKİZCE,DB 20,Daire 21,0,registered,unchanged,NO_DETERMINISTIC_DEVICE_LINK,,
3952,000019c640008728,İKİZCE,DB 20,Daire 22,0,registered,unchanged,NO_DETERMINISTIC_DEVICE_LINK,,
3953,000019c600003014,İKİZCE,DB 20,Daire 3,0,registered,unchanged,NO_DETERMINISTIC_DEVICE_LINK,,
3954,000019c600002781,İKİZCE,DB 20,Daire 4,0,registered,unchanged,NO_DETERMINISTIC_DEVICE_LINK,,
3955,000019c640007521,İKİZCE,DB 20,Daire 5,0,registered,unchanged,NO_DETERMINISTIC_DEVICE_LINK,,
3956,000019c600004082,İKİZCE,DB 20,Daire 6,0,registered,unchanged,NO_DETERMINISTIC_DEVICE_LINK,,
3957,000019c640008720,İKİZCE,DB 20,Daire 7,0,registered,unchanged,NO_DETERMINISTIC_DEVICE_LINK,,
3958,000019c640008726,İKİZCE,DB 20,Daire 8,0,active,unchanged,NO_DETERMINISTIC_DEVICE_LINK,,
3959,000019c600003104,İKİZCE,DB 20,Daire 9,0,registered,unchanged,NO_DETERMINISTIC_DEVICE_LINK,,
3960,000019c640005027,İKİZCE,DB 21,Daire 1,0,registered,unchanged,NO_DETERMINISTIC_DEVICE_LINK,,
3961,000019c600001956,İKİZCE,DB 21,Daire 10,0,registered,unchanged,NO_DETERMINISTIC_DEVICE_LINK,,
3962,000019c600002194,İKİZCE,DB 21,Daire 11,0,registered,unchanged,NO_DETERMINISTIC_DEVICE_LINK,,
3963,000019c640006902,İKİZCE,DB 21,Daire 12,0,registered,unchanged,NO_DETERMINISTIC_DEVICE_LINK,,
3964,000019c640007167,İKİZCE,DB 21,Daire 13,0,registered,unchanged,NO_DETERMINISTIC_DEVICE_LINK,,
3965,000019c640008363,İKİZCE,DB 21,Daire 14,0,registered,unchanged,NO_DETERMINISTIC_DEVICE_LINK,,
3966,000019c600003012,İKİZCE,DB 21,Daire 15,0,registered,unchanged,NO_DETERMINISTIC_DEVICE_LINK,,
3967,000019c600004545,İKİZCE,DB 21,Daire 16,0,registered,unchanged,NO_DETERMINISTIC_DEVICE_LINK,,
3968,000019c600002399,İKİZCE,DB 21,Daire 17,0,registered,unchanged,NO_DETERMINISTIC_DEVICE_LINK,,
3969,000019c600003617,İKİZCE,DB 21,Daire 18,0,registered,unchanged,NO_DETERMINISTIC_DEVICE_LINK,,
3970,000019c640005836,İKİZCE,DB 21,Daire 19,0,registered,unchanged,NO_DETERMINISTIC_DEVICE_LINK,,
3971,000019c600003109,İKİZCE,DB 21,Daire 2,0,registered,unchanged,NO_DETERMINISTIC_DEVICE_LINK,,
3972,000019c640007195,İKİZCE,DB 21,Daire 20,0,registered,unchanged,NO_DETERMINISTIC_DEVICE_LINK,,
3973,000019c640009686,İKİZCE,DB 21,Daire 21,0,active,unchanged,NO_DETERMINISTIC_DEVICE_LINK,,
3974,000019c640006597,İKİZCE,DB 21,Daire 3,0,active,unchanged,NO_DETERMINISTIC_DEVICE_LINK,,
3975,000019c600004152,İKİZCE,DB 21,Daire 4,0,registered,unchanged,NO_DETERMINISTIC_DEVICE_LINK,,
3976,000019c640007279,İKİZCE,DB 21,Daire 5,0,registered,unchanged,NO_DETERMINISTIC_DEVICE_LINK,,
3977,000019c600004841,İKİZCE,DB 21,Daire 6,0,registered,unchanged,NO_DETERMINISTIC_DEVICE_LINK,,
3978,000019c640007517,İKİZCE,DB 21,Daire 7,0,registered,unchanged,NO_DETERMINISTIC_DEVICE_LINK,,
3979,000019c600004842,İKİZCE,DB 21,Daire 8,0,registered,unchanged,NO_DETERMINISTIC_DEVICE_LINK,,
3980,000019c600004844,İKİZCE,DB 21,Daire 9,0,registered,unchanged,NO_DETERMINISTIC_DEVICE_LINK,,
3981,000019c600001452,İKİZCE,DB 21,Kapıcı dairesi,0,registered,unchanged,NO_DETERMINISTIC_DEVICE_LINK,,
3982,000019c600003231,İKİZCE,DB 22,Daire 1,0,registered,unchanged,NO_DETERMINISTIC_DEVICE_LINK,,
3983,000019c600001742,İKİZCE,DB 22,Daire 10,0,registered,unchanged,NO_DETERMINISTIC_DEVICE_LINK,,
3984,000019c640009973,İKİZCE,DB 22,Daire 11,0,registered,unchanged,NO_DETERMINISTIC_DEVICE_LINK,,
3985,000019c600001745,İKİZCE,DB 22,Daire 12,0,registered,unchanged,NO_DETERMINISTIC_DEVICE_LINK,,
3986,000019c600003234,İKİZCE,DB 22,Daire 13,0,registered,unchanged,NO_DETERMINISTIC_DEVICE_LINK,,
3987,000019c600003233,İKİZCE,DB 22,Daire 14,0,registered,unchanged,NO_DETERMINISTIC_DEVICE_LINK,,
3988,000019c600001748,İKİZCE,DB 22,Daire 15,0,registered,unchanged,NO_DETERMINISTIC_DEVICE_LINK,,
3989,000019c600001744,İKİZCE,DB 22,Daire 16,0,registered,unchanged,NO_DETERMINISTIC_DEVICE_LINK,,
3990,000019c600001746,İKİZCE,DB 22,Daire 17,0,registered,unchanged,NO_DETERMINISTIC_DEVICE_LINK,,
3991,000019c640010386,İKİZCE,DB 22,Daire 18,0,registered,unchanged,NO_DETERMINISTIC_DEVICE_LINK,,
3992,000019c640009550,İKİZCE,DB 22,Daire 19,0,registered,unchanged,NO_DETERMINISTIC_DEVICE_LINK,,
3993,000019c600001743,İKİZCE,DB 22,Daire 2,0,registered,unchanged,NO_DETERMINISTIC_DEVICE_LINK,,
3994,000019c640009668,İKİZCE,DB 22,Daire 20,0,active,unchanged,NO_DETERMINISTIC_DEVICE_LINK,,
3995,000019c640008387,İKİZCE,DB 22,Daire 21,0,registered,unchanged,NO_DETERMINISTIC_DEVICE_LINK,,
3996,000019c600003232,İKİZCE,DB 22,Daire 3,0,registered,unchanged,NO_DETERMINISTIC_DEVICE_LINK,,
3997,000019c600001741,İKİZCE,DB 22,Daire 4,0,registered,unchanged,NO_DETERMINISTIC_DEVICE_LINK,,
3998,000019c600001740,İKİZCE,DB 22,Daire 5,0,registered,unchanged,NO_DETERMINISTIC_DEVICE_LINK,,
3999,000019c640010381,İKİZCE,DB 22,Daire 6,0,registered,unchanged,NO_DETERMINISTIC_DEVICE_LINK,,
4000,000019c600001749,İKİZCE,DB 22,Daire 7,0,registered,unchanged,NO_DETERMINISTIC_DEVICE_LINK,,
4001,000019c600003613,İKİZCE,DB 22,Daire 8,0,registered,unchanged,NO_DETERMINISTIC_DEVICE_LINK,,
4002,000019c600003235,İKİZCE,DB 22,Daire 9,0,registered,unchanged,NO_DETERMINISTIC_DEVICE_LINK,,
4003,000019c640010864,İKİZCE,DB 22,Kapıcı dairesi,0,registered,unchanged,NO_DETERMINISTIC_DEVICE_LINK,,
4004,000019c600004385,İKİZCE,DB 3,Daire 1,0,registered,unchanged,NO_DETERMINISTIC_DEVICE_LINK,,
4005,000019c600004384,İKİZCE,DB 3,Daire 10,0,registered,unchanged,NO_DETERMINISTIC_DEVICE_LINK,,
4006,000019c600002150,İKİZCE,DB 3,Daire 11,0,registered,unchanged,NO_DETERMINISTIC_DEVICE_LINK,,
4007,000019c600002142,İKİZCE,DB 3,Daire 12,0,registered,unchanged,NO_DETERMINISTIC_DEVICE_LINK,,
4008,000019c600001768,İKİZCE,DB 3,Daire 13,0,registered,unchanged,NO_DETERMINISTIC_DEVICE_LINK,,
4009,000019c640002444,İKİZCE,DB 3,Daire 14,0,registered,unchanged,NO_DETERMINISTIC_DEVICE_LINK,,
4010,000019c600002378,İKİZCE,DB 3,Daire 15,0,registered,unchanged,NO_DETERMINISTIC_DEVICE_LINK,,
4011,000019c600003479,İKİZCE,DB 3,Daire 16,0,registered,unchanged,NO_DETERMINISTIC_DEVICE_LINK,,
4012,000019c600001951,İKİZCE,DB 3,Daire 17,0,registered,unchanged,NO_DETERMINISTIC_DEVICE_LINK,,
4013,000019c600002449,İKİZCE,DB 3,Daire 18,0,registered,unchanged,NO_DETERMINISTIC_DEVICE_LINK,,
4014,000019c640002441,İKİZCE,DB 3,Daire 19,0,active,unchanged,NO_DETERMINISTIC_DEVICE_LINK,,
4015,000019c600002374,İKİZCE,DB 3,Daire 2,0,registered,unchanged,NO_DETERMINISTIC_DEVICE_LINK,,
4016,000019c600001955,İKİZCE,DB 3,Daire 4,0,registered,unchanged,NO_DETERMINISTIC_DEVICE_LINK,,
4017,000019c600001953,İKİZCE,DB 3,Daire 5,0,registered,unchanged,NO_DETERMINISTIC_DEVICE_LINK,,
4018,000019c600002371,İKİZCE,DB 3,Daire 8,0,registered,unchanged,NO_DETERMINISTIC_DEVICE_LINK,,
4019,000019c600003006,İKİZCE,DB 3,Daire 9,0,registered,unchanged,NO_DETERMINISTIC_DEVICE_LINK,,
4020,000019c640003010,İKİZCE,DB 3,Dairesi 3,0,registered,unchanged,NO_DETERMINISTIC_DEVICE_LINK,,
4021,000019c600002517,İKİZCE,DB 3,Dairesi 6,0,registered,unchanged,NO_DETERMINISTIC_DEVICE_LINK,,
4022,000019c600004427,İKİZCE,DB 3,Dairesi 7,0,registered,unchanged,NO_DETERMINISTIC_DEVICE_LINK,,
4023,000019c600001960,İKİZCE,DB 3,Kapıcı Dairesi,0,registered,unchanged,NO_DETERMINISTIC_DEVICE_LINK,,
4024,000019c600001563,İKİZCE,DB 4,Daire 1,0,registered,unchanged,NO_DETERMINISTIC_DEVICE_LINK,,
4025,000019c600003008,İKİZCE,DB 4,Daire 10,0,registered,unchanged,NO_DETERMINISTIC_DEVICE_LINK,,
4026,000019c600004389,İKİZCE,DB 4,Daire 11,0,registered,unchanged,NO_DETERMINISTIC_DEVICE_LINK,,
4027,000019c640032067,İKİZCE,DB 4,Daire 12,0,active,unchanged,NO_DETERMINISTIC_DEVICE_LINK,,
4028,000019c600001197,İKİZCE,DB 4,Daire 13,0,registered,unchanged,NO_DETERMINISTIC_DEVICE_LINK,,
4029,000019c600004387,İKİZCE,DB 4,Daire 14,0,registered,unchanged,NO_DETERMINISTIC_DEVICE_LINK,,
4030,000019c600001110,İKİZCE,DB 4,Daire 15,0,registered,unchanged,NO_DETERMINISTIC_DEVICE_LINK,,
4031,000019c600004382,İKİZCE,DB 4,Daire 16,0,registered,unchanged,NO_DETERMINISTIC_DEVICE_LINK,,
4032,000019c600001809,İKİZCE,DB 4,Daire 17,0,registered,unchanged,NO_DETERMINISTIC_DEVICE_LINK,,
4033,000019c600001808,İKİZCE,DB 4,Daire 18,0,registered,unchanged,NO_DETERMINISTIC_DEVICE_LINK,,
4034,000019c600001952,İKİZCE,DB 4,Daire 19,0,registered,unchanged,NO_DETERMINISTIC_DEVICE_LINK,,
4035,000019c600001566,İKİZCE,DB 4,Daire 2,0,registered,unchanged,NO_DETERMINISTIC_DEVICE_LINK,,
4036,000019c600002148,İKİZCE,DB 4,Daire 20,0,registered,unchanged,NO_DETERMINISTIC_DEVICE_LINK,,
4037,000019c600002376,İKİZCE,DB 4,Daire 21,0,registered,unchanged,NO_DETERMINISTIC_DEVICE_LINK,,
4038,000019c600001196,İKİZCE,DB 4,Daire 3,0,registered,unchanged,NO_DETERMINISTIC_DEVICE_LINK,,
4039,000019c640032063,İKİZCE,DB 4,Daire 4,0,registered,unchanged,NO_DETERMINISTIC_DEVICE_LINK,,
4040,000019c640032061,İKİZCE,DB 4,Daire 5,0,registered,unchanged,NO_DETERMINISTIC_DEVICE_LINK,,
4041,000019c600001192,İKİZCE,DB 4,Daire 6,0,registered,unchanged,NO_DETERMINISTIC_DEVICE_LINK,,
4042,000019c600001526,İKİZCE,DB 4,Daire 7,0,registered,unchanged,NO_DETERMINISTIC_DEVICE_LINK,,
4043,000019c600004430,İKİZCE,DB 4,Daire 8,0,registered,unchanged,NO_DETERMINISTIC_DEVICE_LINK,,
4044,000019c600001569,İKİZCE,DB 4,Daire 9,0,registered,unchanged,NO_DETERMINISTIC_DEVICE_LINK,,
4045,000019c600001567,İKİZCE,DB 4,KD,0,registered,unchanged,NO_DETERMINISTIC_DEVICE_LINK,,
4046,000019c600004428,İKİZCE,DB 5,Daire 1,0,registered,unchanged,NO_DETERMINISTIC_DEVICE_LINK,,
4047,000019c600000990,İKİZCE,DB 5,Daire 10,0,registered,unchanged,NO_DETERMINISTIC_DEVICE_LINK,,
4048,000019c640004728,İKİZCE,DB 5,Daire 11,0,registered,unchanged,NO_DETERMINISTIC_DEVICE_LINK,,
4049,000019c640004724,İKİZCE,DB 5,Daire 12,0,active,unchanged,NO_DETERMINISTIC_DEVICE_LINK,,
4050,000019c600000984,İKİZCE,DB 5,Daire 13,0,registered,unchanged,NO_DETERMINISTIC_DEVICE_LINK,,
4051,000019c640032059,İKİZCE,DB 5,Daire 14,0,active,unchanged,NO_DETERMINISTIC_DEVICE_LINK,,
4052,000019c600001820,İKİZCE,DB 5,Daire 15,0,registered,unchanged,NO_DETERMINISTIC_DEVICE_LINK,,
4053,000019c600002569,İKİZCE,DB 5,Daire 16,0,registered,unchanged,NO_DETERMINISTIC_DEVICE_LINK,,
4054,000019c600003316,İKİZCE,DB 5,Daire 17,0,registered,unchanged,NO_DETERMINISTIC_DEVICE_LINK,,
4055,000019c600001815,İKİZCE,DB 5,Daire 18,0,registered,unchanged,NO_DETERMINISTIC_DEVICE_LINK,,
4056,000019c600002567,İKİZCE,DB 5,Daire 19,0,registered,unchanged,NO_DETERMINISTIC_DEVICE_LINK,,
4057,000019c640032070,İKİZCE,DB 5,Daire 2,0,registered,unchanged,NO_DETERMINISTIC_DEVICE_LINK,,
4058,000019c600002566,İKİZCE,DB 5,Daire 20,0,registered,unchanged,NO_DETERMINISTIC_DEVICE_LINK,,
4059,000019c600001858,İKİZCE,DB 5,Daire 21,0,registered,unchanged,NO_DETERMINISTIC_DEVICE_LINK,,
4060,000019c600001814,İKİZCE,DB 5,Daire 22,0,registered,unchanged,NO_DETERMINISTIC_DEVICE_LINK,,
4061,000019c600000982,İKİZCE,DB 5,Daire 3,0,registered,unchanged,NO_DETERMINISTIC_DEVICE_LINK,,
4062,000019c600000986,İKİZCE,DB 5,Daire 4,0,registered,unchanged,NO_DETERMINISTIC_DEVICE_LINK,,
4063,000019c640032064,İKİZCE,DB 5,Daire 5,0,active,unchanged,NO_DETERMINISTIC_DEVICE_LINK,,
4064,000019c640032089,İKİZCE,DB 5,Daire 6,0,active,unchanged,NO_DETERMINISTIC_DEVICE_LINK,,
4065,000019c600001810,İKİZCE,DB 5,Daire 7,0,registered,unchanged,NO_DETERMINISTIC_DEVICE_LINK,,
4066,000019c600001104,İKİZCE,DB 5,Daire 8,0,registered,unchanged,NO_DETERMINISTIC_DEVICE_LINK,,
4067,000019c640032069,İKİZCE,DB 5,Daire 9,0,active,unchanged,NO_DETERMINISTIC_DEVICE_LINK,,
4068,000019c600002379,İKİZCE,DB 6,Daire 1,0,registered,unchanged,NO_DETERMINISTIC_DEVICE_LINK,,
4069,000019c640002445,İKİZCE,DB 6,Daire 10,0,registered,unchanged,NO_DETERMINISTIC_DEVICE_LINK,,
4070,000019c600003582,İKİZCE,DB 6,Daire 11,0,registered,unchanged,NO_DETERMINISTIC_DEVICE_LINK,,
4071,000019c600003024,İKİZCE,DB 6,Daire 12,0,registered,unchanged,NO_DETERMINISTIC_DEVICE_LINK,,
4072,000019c640001479,İKİZCE,DB 6,Daire 13,0,registered,unchanged,NO_DETERMINISTIC_DEVICE_LINK,,
4073,000019c600001102,İKİZCE,DB 6,Daire 14,0,registered,unchanged,NO_DETERMINISTIC_DEVICE_LINK,,
4074,000019c600001105,İKİZCE,DB 6,Daire 15,0,registered,unchanged,NO_DETERMINISTIC_DEVICE_LINK,,
4075,000019c600002380,İKİZCE,DB 6,Daire 16,0,registered,unchanged,NO_DETERMINISTIC_DEVICE_LINK,,
4076,000019c600002568,İKİZCE,DB 6,Daire 17,0,registered,unchanged,NO_DETERMINISTIC_DEVICE_LINK,,
4077,000019c600004390,İKİZCE,DB 6,Daire 18,0,registered,unchanged,NO_DETERMINISTIC_DEVICE_LINK,,
4078,000019c600003312,İKİZCE,DB 6,Daire 19,0,registered,unchanged,NO_DETERMINISTIC_DEVICE_LINK,,
4079,000019c600004486,İKİZCE,DB 6,Daire 2,0,registered,unchanged,NO_DETERMINISTIC_DEVICE_LINK,,
4080,000019c600004886,İKİZCE,DB 6,Daire 20,0,registered,unchanged,NO_DETERMINISTIC_DEVICE_LINK,,
4081,000019c640003122,İKİZCE,DB 6,Daire 3,0,registered,unchanged,NO_DETERMINISTIC_DEVICE_LINK,,
4082,000019c600000358,İKİZCE,DB 6,Daire 4,0,registered,unchanged,NO_DETERMINISTIC_DEVICE_LINK,,
4083,000019c600001572,İKİZCE,DB 6,Daire 5,0,registered,unchanged,NO_DETERMINISTIC_DEVICE_LINK,,
4084,000019c600000351,İKİZCE,DB 6,Daire 6,0,registered,unchanged,NO_DETERMINISTIC_DEVICE_LINK,,
4085,000019c600003130,İKİZCE,DB 6,Daire 7,0,registered,unchanged,NO_DETERMINISTIC_DEVICE_LINK,,
4086,000019c600003022,İKİZCE,DB 6,Daire 8,0,registered,unchanged,NO_DETERMINISTIC_DEVICE_LINK,,
4087,000019c600003002,İKİZCE,DB 6,Daire 9,0,registered,unchanged,NO_DETERMINISTIC_DEVICE_LINK,,
4088,000019c600001796,İKİZCE,DB 7,Daire 1,0,registered,unchanged,NO_DETERMINISTIC_DEVICE_LINK,,
4089,000019c600001799,İKİZCE,DB 7,Daire 10,0,registered,unchanged,NO_DETERMINISTIC_DEVICE_LINK,,
4090,000019c600003033,İKİZCE,DB 7,Daire 11,0,registered,unchanged,NO_DETERMINISTIC_DEVICE_LINK,,
4091,000019c600003040,İKİZCE,DB 7,Daire 12,0,active,unchanged,NO_DETERMINISTIC_DEVICE_LINK,,
4092,000019c640008576,İKİZCE,DB 7,Daire 13,0,registered,unchanged,NO_DETERMINISTIC_DEVICE_LINK,,
4093,000019c600001798,İKİZCE,DB 7,Daire 15,0,registered,unchanged,NO_DETERMINISTIC_DEVICE_LINK,,
4094,000019c600001800,İKİZCE,DB 7,Daire 16,0,registered,unchanged,NO_DETERMINISTIC_DEVICE_LINK,,
4095,000019c600000474,İKİZCE,DB 7,Daire 17,0,registered,unchanged,NO_DETERMINISTIC_DEVICE_LINK,,
4096,000019c640037182,İKİZCE,DB 7,Daire 18,0,active,unchanged,NO_DETERMINISTIC_DEVICE_LINK,,
4097,000019c640007080,İKİZCE,DB 7,Daire 19,0,active,unchanged,NO_DETERMINISTIC_DEVICE_LINK,,
4098,000019c600001847,İKİZCE,DB 7,Daire 2,0,registered,unchanged,NO_DETERMINISTIC_DEVICE_LINK,,
4099,000019c640006307,İKİZCE,DB 7,Daire 20,0,registered,unchanged,NO_DETERMINISTIC_DEVICE_LINK,,
4100,000019c640010461,İKİZCE,DB 7,Daire 21,0,registered,unchanged,NO_DETERMINISTIC_DEVICE_LINK,,
4101,000019c600004720,İKİZCE,DB 7,Daire 22,0,registered,unchanged,NO_DETERMINISTIC_DEVICE_LINK,,
4102,000019c640008704,İKİZCE,DB 7,Daire 3,0,registered,unchanged,NO_DETERMINISTIC_DEVICE_LINK,,
4103,000019c600000477,İKİZCE,DB 7,Daire 4,0,registered,unchanged,NO_DETERMINISTIC_DEVICE_LINK,,
4104,000019c600001848,İKİZCE,DB 7,Daire 5,0,registered,unchanged,NO_DETERMINISTIC_DEVICE_LINK,,
4105,000019c600000476,İKİZCE,DB 7,Daire 6,0,registered,unchanged,NO_DETERMINISTIC_DEVICE_LINK,,
4106,000019c600001794,İKİZCE,DB 7,Daire 7,0,registered,unchanged,NO_DETERMINISTIC_DEVICE_LINK,,
4107,000019c600000478,İKİZCE,DB 7,Daire 8,0,registered,unchanged,NO_DETERMINISTIC_DEVICE_LINK,,
4108,000019c600003038,İKİZCE,DB 7,Daire 9,0,registered,unchanged,NO_DETERMINISTIC_DEVICE_LINK,,
4109,000019c640008753,İKİZCE,DB 8,Daire 1,0,registered,unchanged,NO_DETERMINISTIC_DEVICE_LINK,,
4110,000019c640006301,İKİZCE,DB 8,Daire 10,0,active,unchanged,NO_DETERMINISTIC_DEVICE_LINK,,
4111,000019c640008759,İKİZCE,DB 8,Daire 11,0,registered,unchanged,NO_DETERMINISTIC_DEVICE_LINK,,
4112,000019c640008752,İKİZCE,DB 8,Daire 12,0,registered,unchanged,NO_DETERMINISTIC_DEVICE_LINK,,
4113,000019c600004721,İKİZCE,DB 8,Daire 13,0,registered,unchanged,NO_DETERMINISTIC_DEVICE_LINK,,
4114,000019c640007560,İKİZCE,DB 8,Daire 14,0,active,unchanged,NO_DETERMINISTIC_DEVICE_LINK,,
4115,000019c640008255,İKİZCE,DB 8,Daire 15,0,registered,unchanged,NO_DETERMINISTIC_DEVICE_LINK,,
4116,000019c640007081,İKİZCE,DB 8,Daire 16,0,active,unchanged,NO_DETERMINISTIC_DEVICE_LINK,,
4117,000019c600004726,İKİZCE,DB 8,Daire 17,0,registered,unchanged,NO_DETERMINISTIC_DEVICE_LINK,,
4118,000019c640008754,İKİZCE,DB 8,Daire 18,0,active,unchanged,NO_DETERMINISTIC_DEVICE_LINK,,
4119,000019c640007567,İKİZCE,DB 8,Daire 19,0,registered,unchanged,NO_DETERMINISTIC_DEVICE_LINK,,
4120,000019c600004724,İKİZCE,DB 8,Daire 2,0,registered,unchanged,NO_DETERMINISTIC_DEVICE_LINK,,
4121,000019c600004727,İKİZCE,DB 8,Daire 20,0,registered,unchanged,NO_DETERMINISTIC_DEVICE_LINK,,
4122,000019c600004728,İKİZCE,DB 8,Daire 3,0,registered,unchanged,NO_DETERMINISTIC_DEVICE_LINK,,
4123,000019c600004729,İKİZCE,DB 8,Daire 4,0,registered,unchanged,NO_DETERMINISTIC_DEVICE_LINK,,
4124,000019c640008758,İKİZCE,DB 8,Daire 5,0,active,unchanged,NO_DETERMINISTIC_DEVICE_LINK,,
4125,000019c600001620,İKİZCE,DB 8,Daire 6,0,registered,unchanged,NO_DETERMINISTIC_DEVICE_LINK,,
4126,000019c640010449,İKİZCE,DB 8,Daire 7,0,registered,unchanged,NO_DETERMINISTIC_DEVICE_LINK,,
4127,000019c640008506,İKİZCE,DB 8,Daire 8,0,active,unchanged,NO_DETERMINISTIC_DEVICE_LINK,,
4128,000019c640006369,İKİZCE,DB 8,Daire 9,0,registered,unchanged,NO_DETERMINISTIC_DEVICE_LINK,,
4129,000019c600004070,İKİZCE,DB 9,Daire 1,0,registered,unchanged,NO_DETERMINISTIC_DEVICE_LINK,,
4130,000019c600002341,İKİZCE,DB 9,Daire 10,0,registered,unchanged,NO_DETERMINISTIC_DEVICE_LINK,,
4131,000019c640008513,İKİZCE,DB 9,Daire 11,0,active,unchanged,NO_DETERMINISTIC_DEVICE_LINK,,
4132,000019c600000684,İKİZCE,DB 9,Daire 12,0,registered,unchanged,NO_DETERMINISTIC_DEVICE_LINK,,
4133,000019c600000682,İKİZCE,DB 9,Daire 13,0,registered,unchanged,NO_DETERMINISTIC_DEVICE_LINK,,
4134,000019c600002343,İKİZCE,DB 9,Daire 14,0,registered,unchanged,NO_DETERMINISTIC_DEVICE_LINK,,
4135,000019c600000688,İKİZCE,DB 9,Daire 15,0,registered,unchanged,NO_DETERMINISTIC_DEVICE_LINK,,
4136,000019c600004765,İKİZCE,DB 9,Daire 16,0,registered,unchanged,NO_DETERMINISTIC_DEVICE_LINK,,
4137,000019c600000681,İKİZCE,DB 9,Daire 17,0,registered,unchanged,NO_DETERMINISTIC_DEVICE_LINK,,
4138,000019c600002346,İKİZCE,DB 9,Daire 18,0,registered,unchanged,NO_DETERMINISTIC_DEVICE_LINK,,
4139,000019c600002349,İKİZCE,DB 9,Daire 19,0,registered,unchanged,NO_DETERMINISTIC_DEVICE_LINK,,
4140,000019c640007171,İKİZCE,DB 9,Daire 2,0,registered,unchanged,NO_DETERMINISTIC_DEVICE_LINK,,
4141,000019c600004766,İKİZCE,DB 9,Daire 20,0,registered,unchanged,NO_DETERMINISTIC_DEVICE_LINK,,
4142,000019c600004764,İKİZCE,DB 9,Daire 21,0,registered,unchanged,NO_DETERMINISTIC_DEVICE_LINK,,
4143,000019c600000471,İKİZCE,DB 9,Daire 22,0,registered,unchanged,NO_DETERMINISTIC_DEVICE_LINK,,
4144,000019c600000981,İKİZCE,DB 9,Daire 3,0,registered,unchanged,NO_DETERMINISTIC_DEVICE_LINK,,
4145,000019c600004763,İKİZCE,DB 9,Daire 4,0,registered,unchanged,NO_DETERMINISTIC_DEVICE_LINK,,
4146,000019c640007087,İKİZCE,DB 9,Daire 5,0,active,unchanged,NO_DETERMINISTIC_DEVICE_LINK,,
4147,000019c600004767,İKİZCE,DB 9,Daire 6,0,registered,unchanged,NO_DETERMINISTIC_DEVICE_LINK,,
4148,000019c600004770,İKİZCE,DB 9,Daire 7,0,registered,unchanged,NO_DETERMINISTIC_DEVICE_LINK,,
4149,000019c600002342,İKİZCE,DB 9,Daire 8,0,registered,unchanged,NO_DETERMINISTIC_DEVICE_LINK,,
4150,000019c600004761,İKİZCE,DB 9,Daire 9,0,registered,unchanged,NO_DETERMINISTIC_DEVICE_LINK,,
4151,000019c640020224,İKİZCE,DB1,Daire 1,0,registered,unchanged,NO_DETERMINISTIC_DEVICE_LINK,,
4152,000019c640013896,İKİZCE,DB1,Daire 1,0,registered,unchanged,NO_DETERMINISTIC_DEVICE_LINK,,
4153,000019c640022045,İKİZCE,DB1,Daire 10,0,registered,unchanged,NO_DETERMINISTIC_DEVICE_LINK,,
4154,000019c640013899,İKİZCE,DB1,Daire 10,0,registered,unchanged,NO_DETERMINISTIC_DEVICE_LINK,,
4155,000019c640020763,İKİZCE,DB1,Daire 11,0,registered,unchanged,NO_DETERMINISTIC_DEVICE_LINK,,
4156,000019c640013848,İKİZCE,DB1,Daire 11,0,registered,unchanged,NO_DETERMINISTIC_DEVICE_LINK,,
4157,000019c640021672,İKİZCE,DB1,Daire 12,0,registered,unchanged,NO_DETERMINISTIC_DEVICE_LINK,,
4158,000019c640013110,İKİZCE,DB1,Daire 12,0,active,unchanged,NO_DETERMINISTIC_DEVICE_LINK,,
4159,000019c640020100,İKİZCE,DB1,Daire 13,0,registered,unchanged,NO_DETERMINISTIC_DEVICE_LINK,,
4160,000019c640013112,İKİZCE,DB1,Daire 13,0,active,unchanged,NO_DETERMINISTIC_DEVICE_LINK,,
4161,000019c640020431,İKİZCE,DB1,Daire 14,0,registered,unchanged,NO_DETERMINISTIC_DEVICE_LINK,,
4162,000019c640014637,İKİZCE,DB1,Daire 14,0,active,unchanged,NO_DETERMINISTIC_DEVICE_LINK,,
4163,000019c640022088,İKİZCE,DB1,Daire 15,0,registered,unchanged,NO_DETERMINISTIC_DEVICE_LINK,,
4164,000019c640014630,İKİZCE,DB1,Daire 15,0,active,unchanged,NO_DETERMINISTIC_DEVICE_LINK,,
4165,000019c640020385,İKİZCE,DB1,Daire 16,0,registered,unchanged,NO_DETERMINISTIC_DEVICE_LINK,,
4166,000019c640014632,İKİZCE,DB1,Daire 16,0,registered,unchanged,NO_DETERMINISTIC_DEVICE_LINK,,
4167,000019c640020762,İKİZCE,DB1,Daire 17,0,registered,unchanged,NO_DETERMINISTIC_DEVICE_LINK,,
4168,000019c640019056,İKİZCE,DB1,Daire 17,0,active,unchanged,NO_DETERMINISTIC_DEVICE_LINK,,
4169,000019c640021679,İKİZCE,DB1,Daire 18,0,registered,unchanged,NO_DETERMINISTIC_DEVICE_LINK,,
4170,000019c640013225,İKİZCE,DB1,Daire 18,0,registered,unchanged,NO_DETERMINISTIC_DEVICE_LINK,,
4171,000019c640020768,İKİZCE,DB1,Daire 19,0,registered,unchanged,NO_DETERMINISTIC_DEVICE_LINK,,
4172,000019c640013892,İKİZCE,DB1,Daire 19,0,registered,unchanged,NO_DETERMINISTIC_DEVICE_LINK,,
4173,000019c640020382,İKİZCE,DB1,Daire 2,0,registered,unchanged,NO_DETERMINISTIC_DEVICE_LINK,,
4174,000019c640013837,İKİZCE,DB1,Daire 2,0,registered,unchanged,NO_DETERMINISTIC_DEVICE_LINK,,
4175,000019c640021673,İKİZCE,DB1,Daire 20,0,registered,unchanged,NO_DETERMINISTIC_DEVICE_LINK,,
4176,000019c640019050,İKİZCE,DB1,Daire 20,0,registered,unchanged,NO_DETERMINISTIC_DEVICE_LINK,,
4177,000019c640022087,İKİZCE,DB1,Daire 3,0,registered,unchanged,NO_DETERMINISTIC_DEVICE_LINK,,
4178,000019c640013220,İKİZCE,DB1,Daire 3,0,registered,unchanged,NO_DETERMINISTIC_DEVICE_LINK,,
4179,000019c640021671,İKİZCE,DB1,Daire 4,0,registered,unchanged,NO_DETERMINISTIC_DEVICE_LINK,,
4180,000019c640013227,İKİZCE,DB1,Daire 4,0,active,unchanged,NO_DETERMINISTIC_DEVICE_LINK,,
4181,000019c640020386,İKİZCE,DB1,Daire 5,0,registered,unchanged,NO_DETERMINISTIC_DEVICE_LINK,,
4182,000019c640019019,İKİZCE,DB1,Daire 5,0,registered,unchanged,NO_DETERMINISTIC_DEVICE_LINK,,
4183,000019c640013175,İKİZCE,DB1,Daire 6,0,registered,unchanged,NO_DETERMINISTIC_DEVICE_LINK,,
4184,000019c640013891,İKİZCE,DB1,Daire 6,0,registered,unchanged,NO_DETERMINISTIC_DEVICE_LINK,,
4185,000019c640020108,İKİZCE,DB1,Daire 7,0,registered,unchanged,NO_DETERMINISTIC_DEVICE_LINK,,
4186,000019c640013893,İKİZCE,DB1,Daire 7,0,registered,unchanged,NO_DETERMINISTIC_DEVICE_LINK,,
4187,000019c640020783,İKİZCE,DB1,Daire 8,0,registered,unchanged,NO_DETERMINISTIC_DEVICE_LINK,,
4188,000019c640013898,İKİZCE,DB1,Daire 8,0,registered,unchanged,NO_DETERMINISTIC_DEVICE_LINK,,
4189,000019c640020109,İKİZCE,DB1,Daire 9,0,registered,unchanged,NO_DETERMINISTIC_DEVICE_LINK,,
4190,000019c640013895,İKİZCE,DB1,Daire 9,0,active,unchanged,NO_DETERMINISTIC_DEVICE_LINK,,
4191,000019c640011863,İKİZCE,DB1,Ortak Alan 1,0,registered,unchanged,NO_DETERMINISTIC_DEVICE_LINK,,
4192,000019c640015498,İKİZCE,DB1,Ortak Alan 2,0,registered,unchanged,NO_DETERMINISTIC_DEVICE_LINK,,
4193,000019c640020136,İKİZCE,DB10,Daire 1,0,registered,unchanged,NO_DETERMINISTIC_DEVICE_LINK,,
4194,000019c640019721,İKİZCE,DB10,Daire 1,0,registered,unchanged,NO_DETERMINISTIC_DEVICE_LINK,,
4195,000019c640022023,İKİZCE,DB10,Daire 10,0,registered,unchanged,NO_DETERMINISTIC_DEVICE_LINK,,
4196,000019c640020164,İKİZCE,DB10,Daire 10,0,registered,unchanged,NO_DETERMINISTIC_DEVICE_LINK,,
4197,000019c640020135,İKİZCE,DB10,Daire 11,0,registered,unchanged,NO_DETERMINISTIC_DEVICE_LINK,,
4198,000019c640016597,İKİZCE,DB10,Daire 11,0,registered,unchanged,NO_DETERMINISTIC_DEVICE_LINK,,
4199,000019c640020466,İKİZCE,DB10,Daire 12,0,registered,unchanged,NO_DETERMINISTIC_DEVICE_LINK,,
4200,000019c640019527,İKİZCE,DB10,Daire 12,0,registered,unchanged,NO_DETERMINISTIC_DEVICE_LINK,,
4201,000019c640022039,İKİZCE,DB10,Daire 13,0,active,unchanged,NO_DETERMINISTIC_DEVICE_LINK,,
4202,000019c640019637,İKİZCE,DB10,Daire 13,0,registered,unchanged,NO_DETERMINISTIC_DEVICE_LINK,,
4203,000019c640020412,İKİZCE,DB10,Daire 14,0,registered,unchanged,NO_DETERMINISTIC_DEVICE_LINK,,
4204,000019c640019725,İKİZCE,DB10,Daire 14,0,registered,unchanged,NO_DETERMINISTIC_DEVICE_LINK,,
4205,000019c640020131,İKİZCE,DB10,Daire 15,0,registered,unchanged,NO_DETERMINISTIC_DEVICE_LINK,,
4206,000019c640013955,İKİZCE,DB10,Daire 15,0,registered,unchanged,NO_DETERMINISTIC_DEVICE_LINK,,
4207,000019c640020296,İKİZCE,DB10,Daire 16,0,registered,unchanged,NO_DETERMINISTIC_DEVICE_LINK,,
4208,000019c640013590,İKİZCE,DB10,Daire 16,0,registered,unchanged,NO_DETERMINISTIC_DEVICE_LINK,,
4209,000019c640022033,İKİZCE,DB10,Daire 17,0,active,unchanged,NO_DETERMINISTIC_DEVICE_LINK,,
4210,000019c640019525,İKİZCE,DB10,Daire 17,0,registered,unchanged,NO_DETERMINISTIC_DEVICE_LINK,,
4211,000019c640020133,İKİZCE,DB10,Daire 18,0,registered,unchanged,NO_DETERMINISTIC_DEVICE_LINK,,
4212,000019c640015419,İKİZCE,DB10,Daire 18,0,registered,unchanged,NO_DETERMINISTIC_DEVICE_LINK,,
4213,000019c640020293,İKİZCE,DB10,Daire 19,0,registered,unchanged,NO_DETERMINISTIC_DEVICE_LINK,,
4214,000019c640019631,İKİZCE,DB10,Daire 19,0,registered,unchanged,NO_DETERMINISTIC_DEVICE_LINK,,
4215,000019c640020957,İKİZCE,DB10,Daire 2,0,registered,unchanged,NO_DETERMINISTIC_DEVICE_LINK,,
4216,000019c640019638,İKİZCE,DB10,Daire 2,0,registered,unchanged,NO_DETERMINISTIC_DEVICE_LINK,,
4217,000019c640022030,İKİZCE,DB10,Daire 20,0,active,unchanged,NO_DETERMINISTIC_DEVICE_LINK,,
4218,000019c640019727,İKİZCE,DB10,Daire 20,0,registered,unchanged,NO_DETERMINISTIC_DEVICE_LINK,,
4219,000019c640020955,İKİZCE,DB10,Daire 21,0,registered,unchanged,NO_DETERMINISTIC_DEVICE_LINK,,
4220,000019c640022037,İKİZCE,DB10,Daire 22,0,registered,unchanged,NO_DETERMINISTIC_DEVICE_LINK,,
4221,000019c640022031,İKİZCE,DB10,Daire 3,0,registered,unchanged,NO_DETERMINISTIC_DEVICE_LINK,,
4222,000019c640013959,İKİZCE,DB10,Daire 3,0,registered,unchanged,NO_DETERMINISTIC_DEVICE_LINK,,
4223,000019c640020299,İKİZCE,DB10,Daire 4,0,active,unchanged,NO_DETERMINISTIC_DEVICE_LINK,,
4224,000019c640019702,İKİZCE,DB10,Daire 4,0,registered,unchanged,NO_DETERMINISTIC_DEVICE_LINK,,
4225,000019c640020462,İKİZCE,DB10,Daire 5,0,registered,unchanged,NO_DETERMINISTIC_DEVICE_LINK,,
4226,000019c640019703,İKİZCE,DB10,Daire 5,0,registered,unchanged,NO_DETERMINISTIC_DEVICE_LINK,,
4227,000019c640020139,İKİZCE,DB10,Daire 6,0,registered,unchanged,NO_DETERMINISTIC_DEVICE_LINK,,
4228,000019c640015415,İKİZCE,DB10,Daire 6,0,registered,unchanged,NO_DETERMINISTIC_DEVICE_LINK,,
4229,000019c640022032,İKİZCE,DB10,Daire 7,0,active,unchanged,NO_DETERMINISTIC_DEVICE_LINK,,
4230,000019c640019528,İKİZCE,DB10,Daire 7,0,registered,unchanged,NO_DETERMINISTIC_DEVICE_LINK,,
4231,000019c640022038,İKİZCE,DB10,Daire 8,0,active,unchanged,NO_DETERMINISTIC_DEVICE_LINK,,
4232,000019c640019700,İKİZCE,DB10,Daire 8,0,registered,unchanged,NO_DETERMINISTIC_DEVICE_LINK,,
4233,000019c640020414,İKİZCE,DB10,Daire 9,0,active,unchanged,NO_DETERMINISTIC_DEVICE_LINK,,
4234,000019c640019523,İKİZCE,DB10,Daire 9,0,registered,unchanged,NO_DETERMINISTIC_DEVICE_LINK,,
4235,000019c640011513,İKİZCE,DB10,Ortak Alan 1,0,registered,unchanged,NO_DETERMINISTIC_DEVICE_LINK,,
4236,000019c640016599,İKİZCE,DB10,Ortak Alan 2,0,registered,unchanged,NO_DETERMINISTIC_DEVICE_LINK,,
4237,000019c640021184,İKİZCE,DB11,Daire 1,0,registered,unchanged,NO_DETERMINISTIC_DEVICE_LINK,,
4238,000019c640016591,İKİZCE,DB11,Daire 1,0,registered,unchanged,NO_DETERMINISTIC_DEVICE_LINK,,
4239,000019c640021189,İKİZCE,DB11,Daire 10,0,registered,unchanged,NO_DETERMINISTIC_DEVICE_LINK,,
4240,000019c640013775,İKİZCE,DB11,Daire 10,0,registered,unchanged,NO_DETERMINISTIC_DEVICE_LINK,,
4241,000019c640020767,İKİZCE,DB11,Daire 11,0,active,unchanged,NO_DETERMINISTIC_DEVICE_LINK,,
4242,000019c640014497,İKİZCE,DB11,Daire 11,0,registered,unchanged,NO_DETERMINISTIC_DEVICE_LINK,,
4243,000019c640020428,İKİZCE,DB11,Daire 12,0,registered,unchanged,NO_DETERMINISTIC_DEVICE_LINK,,
4244,000019c640019473,İKİZCE,DB11,Daire 12,0,registered,unchanged,NO_DETERMINISTIC_DEVICE_LINK,,
4245,000019c640020806,İKİZCE,DB11,Daire 13,0,active,unchanged,NO_DETERMINISTIC_DEVICE_LINK,,
4246,000019c640014659,İKİZCE,DB11,Daire 13,0,registered,unchanged,NO_DETERMINISTIC_DEVICE_LINK,,
4247,000019c640020426,İKİZCE,DB11,Daire 14,0,registered,unchanged,NO_DETERMINISTIC_DEVICE_LINK,,
4248,000019c640013873,İKİZCE,DB11,Daire 14,0,registered,unchanged,NO_DETERMINISTIC_DEVICE_LINK,,
4249,000019c640020765,İKİZCE,DB11,Daire 15,0,registered,unchanged,NO_DETERMINISTIC_DEVICE_LINK,,
4250,000019c640014650,İKİZCE,DB11,Daire 15,0,registered,unchanged,NO_DETERMINISTIC_DEVICE_LINK,,
4251,000019c640020229,İKİZCE,DB11,Daire 16,0,registered,unchanged,NO_DETERMINISTIC_DEVICE_LINK,,
4252,000019c640014654,İKİZCE,DB11,Daire 16,0,registered,unchanged,NO_DETERMINISTIC_DEVICE_LINK,,
4253,000019c640020789,İKİZCE,DB11,Daire 17,0,active,unchanged,NO_DETERMINISTIC_DEVICE_LINK,,
4254,000019c640021620,İKİZCE,DB11,Daire 17,0,registered,unchanged,NO_DETERMINISTIC_DEVICE_LINK,,
4255,000019c640020952,İKİZCE,DB11,Daire 18,0,active,unchanged,NO_DETERMINISTIC_DEVICE_LINK,,
4256,000019c640021443,İKİZCE,DB11,Daire 18,0,registered,unchanged,NO_DETERMINISTIC_DEVICE_LINK,,
4257,000019c640021983,İKİZCE,DB11,Daire 19,0,active,unchanged,NO_DETERMINISTIC_DEVICE_LINK,,
4258,000019c640014657,İKİZCE,DB11,Daire 19,0,registered,unchanged,NO_DETERMINISTIC_DEVICE_LINK,,
4259,000019c640022047,İKİZCE,DB11,Daire 2,0,active,unchanged,NO_DETERMINISTIC_DEVICE_LINK,,
4260,000019c640019634,İKİZCE,DB11,Daire 2,0,registered,unchanged,NO_DETERMINISTIC_DEVICE_LINK,,
4261,000019c640020780,İKİZCE,DB11,Daire 20,0,active,unchanged,NO_DETERMINISTIC_DEVICE_LINK,,
4262,000019c640020097,İKİZCE,DB11,Daire 20,0,active,unchanged,NO_DETERMINISTIC_DEVICE_LINK,,
4263,000019c640021181,İKİZCE,DB11,Daire 21,0,registered,unchanged,NO_DETERMINISTIC_DEVICE_LINK,,
4264,000019c640017681,İKİZCE,DB11,Daire 3,0,registered,unchanged,NO_DETERMINISTIC_DEVICE_LINK,,
4265,000019c640019521,İKİZCE,DB11,Daire 3,0,registered,unchanged,NO_DETERMINISTIC_DEVICE_LINK,,
4266,000019c640022043,İKİZCE,DB11,Daire 4,0,registered,unchanged,NO_DETERMINISTIC_DEVICE_LINK,,
4267,000019c600012218,İKİZCE,DB11,Daire 4,0,registered,unchanged,NO_DETERMINISTIC_DEVICE_LINK,,
4268,000019c640020788,İKİZCE,DB11,Daire 5,0,registered,unchanged,NO_DETERMINISTIC_DEVICE_LINK,,
4269,000019c640014490,İKİZCE,DB11,Daire 5,0,registered,unchanged,NO_DETERMINISTIC_DEVICE_LINK,,
4270,000019c640020766,İKİZCE,DB11,Daire 6,0,active,unchanged,NO_DETERMINISTIC_DEVICE_LINK,,
4271,000019c640019706,İKİZCE,DB11,Daire 6,0,registered,unchanged,NO_DETERMINISTIC_DEVICE_LINK,,
4272,000019c640022049,İKİZCE,DB11,Daire 7,0,active,unchanged,NO_DETERMINISTIC_DEVICE_LINK,,
4273,000019c640019705,İKİZCE,DB11,Daire 7,0,registered,unchanged,NO_DETERMINISTIC_DEVICE_LINK,,
4274,000019c640022041,İKİZCE,DB11,Daire 8,0,registered,unchanged,NO_DETERMINISTIC_DEVICE_LINK,,
4275,000019c640015416,İKİZCE,DB11,Daire 8,0,registered,unchanged,NO_DETERMINISTIC_DEVICE_LINK,,
4276,000019c640021182,İKİZCE,DB11,Daire 9,0,active,unchanged,NO_DETERMINISTIC_DEVICE_LINK,,
4277,000019c640013771,İKİZCE,DB11,Daire 9,0,registered,unchanged,NO_DETERMINISTIC_DEVICE_LINK,,
4278,000019c640020103,İKİZCE,DB11,Kapıcı Dairesi,0,registered,unchanged,NO_DETERMINISTIC_DEVICE_LINK,,
4279,000019c640011938,İKİZCE,DB11,Ortak Alan 1,0,registered,unchanged,NO_DETERMINISTIC_DEVICE_LINK,,
4280,000019c640013870,İKİZCE,DB11,Ortak Alan 2,0,registered,unchanged,NO_DETERMINISTIC_DEVICE_LINK,,
4281,000019c640022024,İKİZCE,DB12,Daire 1,0,registered,unchanged,NO_DETERMINISTIC_DEVICE_LINK,,
4282,000019c640020928,İKİZCE,DB12,Daire 10,0,registered,unchanged,NO_DETERMINISTIC_DEVICE_LINK,,
4283,000019c640022027,İKİZCE,DB12,Daire 11,0,active,unchanged,NO_DETERMINISTIC_DEVICE_LINK,,
4284,000019c640005302,İKİZCE,DB12,Daire 12,0,active,unchanged,NO_DETERMINISTIC_DEVICE_LINK,,
4285,000019c640022036,İKİZCE,DB12,Daire 13,0,active,unchanged,NO_DETERMINISTIC_DEVICE_LINK,,
4286,000019c640020958,İKİZCE,DB12,Daire 14,0,registered,unchanged,NO_DETERMINISTIC_DEVICE_LINK,,
4287,000019c640021226,İKİZCE,DB12,Daire 15,0,active,unchanged,NO_DETERMINISTIC_DEVICE_LINK,,
4288,000019c640021228,İKİZCE,DB12,Daire 16,0,active,unchanged,NO_DETERMINISTIC_DEVICE_LINK,,
4289,000019c640020922,İKİZCE,DB12,Daire 17,0,registered,unchanged,NO_DETERMINISTIC_DEVICE_LINK,,
4290,000019c640020924,İKİZCE,DB12,Daire 18,0,active,unchanged,NO_DETERMINISTIC_DEVICE_LINK,,
4291,000019c640020920,İKİZCE,DB12,Daire 19,0,registered,unchanged,NO_DETERMINISTIC_DEVICE_LINK,,
4292,000019c640020923,İKİZCE,DB12,Daire 2,0,registered,unchanged,NO_DETERMINISTIC_DEVICE_LINK,,
4293,000019c640021221,İKİZCE,DB12,Daire 20,0,registered,unchanged,NO_DETERMINISTIC_DEVICE_LINK,,
4294,000019c640020927,İKİZCE,DB12,Daire 21,0,active,unchanged,NO_DETERMINISTIC_DEVICE_LINK,,
4295,000019c640021224,İKİZCE,DB12,Daire 22,0,registered,unchanged,NO_DETERMINISTIC_DEVICE_LINK,,
4296,000019c640021987,İKİZCE,DB12,Daire 3,0,registered,unchanged,NO_DETERMINISTIC_DEVICE_LINK,,
4297,000019c640020950,İKİZCE,DB12,Daire 4,0,active,unchanged,NO_DETERMINISTIC_DEVICE_LINK,,
4298,000019c640022022,İKİZCE,DB12,Daire 5,0,registered,unchanged,NO_DETERMINISTIC_DEVICE_LINK,,
4299,000019c640020218,İKİZCE,DB12,Daire 6,0,active,unchanged,NO_DETERMINISTIC_DEVICE_LINK,,
4300,000019c640021222,İKİZCE,DB12,Daire 7,0,active,unchanged,NO_DETERMINISTIC_DEVICE_LINK,,
4301,000019c640020925,İKİZCE,DB12,Daire 8,0,registered,unchanged,NO_DETERMINISTIC_DEVICE_LINK,,
4302,000019c640020413,İKİZCE,DB12,Daire 9,0,registered,unchanged,NO_DETERMINISTIC_DEVICE_LINK,,
4303,000019c640020808,İKİZCE,DB2,Daire 1,0,registered,unchanged,NO_DETERMINISTIC_DEVICE_LINK,,
4304,000019c640018967,İKİZCE,DB2,Daire 1,0,error,unchanged,NO_DETERMINISTIC_DEVICE_LINK,,
4305,000019c640022083,İKİZCE,DB2,Daire 10,0,registered,unchanged,NO_DETERMINISTIC_DEVICE_LINK,,
4306,000019c640018968,İKİZCE,DB2,Daire 10,0,error,unchanged,NO_DETERMINISTIC_DEVICE_LINK,,
4307,000019c640018901,İKİZCE,DB2,Daire 11,0,registered,unchanged,NO_DETERMINISTIC_DEVICE_LINK,,
4308,000019c640017202,İKİZCE,DB2,Daire 11,0,error,unchanged,NO_DETERMINISTIC_DEVICE_LINK,,
4309,000019c640020557,İKİZCE,DB2,Daire 12,0,registered,unchanged,NO_DETERMINISTIC_DEVICE_LINK,,
4310,000019c640018961,İKİZCE,DB2,Daire 12,0,error,unchanged,NO_DETERMINISTIC_DEVICE_LINK,,
4311,000019c640020802,İKİZCE,DB2,Daire 13,0,registered,unchanged,NO_DETERMINISTIC_DEVICE_LINK,,
4312,000019c640012708,İKİZCE,DB2,Daire 13,0,registered,unchanged,NO_DETERMINISTIC_DEVICE_LINK,,
4313,000019c640013173,İKİZCE,DB2,Daire 14,0,active,unchanged,NO_DETERMINISTIC_DEVICE_LINK,,
4314,000019c640012709,İKİZCE,DB2,Daire 14,0,registered,unchanged,NO_DETERMINISTIC_DEVICE_LINK,,
4315,000019c640013461,İKİZCE,DB2,Daire 15,0,registered,unchanged,NO_DETERMINISTIC_DEVICE_LINK,,
4316,000019c640017204,İKİZCE,DB2,Daire 15,0,error,unchanged,NO_DETERMINISTIC_DEVICE_LINK,,
4317,000019c640022040,İKİZCE,DB2,Daire 16,0,active,unchanged,NO_DETERMINISTIC_DEVICE_LINK,,
4318,000019c640918960,İKİZCE,DB2,Daire 16,0,error,unchanged,NO_DETERMINISTIC_DEVICE_LINK,,
4319,000019c640017830,İKİZCE,DB2,Daire 17,0,registered,unchanged,NO_DETERMINISTIC_DEVICE_LINK,,
4320,000019c640018973,İKİZCE,DB2,Daire 17,0,registered,unchanged,NO_DETERMINISTIC_DEVICE_LINK,,
4321,000019c640013174,İKİZCE,DB2,Daire 18,0,active,unchanged,NO_DETERMINISTIC_DEVICE_LINK,,
4322,000019c640018974,İKİZCE,DB2,Daire 18,0,registered,unchanged,NO_DETERMINISTIC_DEVICE_LINK,,
4323,000019c640013759,İKİZCE,DB2,Daire 19,0,registered,unchanged,NO_DETERMINISTIC_DEVICE_LINK,,
4324,000019c640018966,İKİZCE,DB2,Daire 19,0,active,unchanged,NO_DETERMINISTIC_DEVICE_LINK,,
4325,000019c640022080,İKİZCE,DB2,Daire 2,0,registered,unchanged,NO_DETERMINISTIC_DEVICE_LINK,,
4326,000019c640018963,İKİZCE,DB2,Daire 2,0,error,unchanged,NO_DETERMINISTIC_DEVICE_LINK,,
4327,000019c640018900,İKİZCE,DB2,Daire 20,0,registered,unchanged,NO_DETERMINISTIC_DEVICE_LINK,,
4328,000019c640012756,İKİZCE,DB2,Daire 20,0,registered,unchanged,NO_DETERMINISTIC_DEVICE_LINK,,
4329,000019c640015971,İKİZCE,DB2,Daire 3,0,registered,unchanged,NO_DETERMINISTIC_DEVICE_LINK,,
4330,000019c640012606,İKİZCE,DB2,Daire 3,0,registered,unchanged,NO_DETERMINISTIC_DEVICE_LINK,,
4331,000019c640017687,İKİZCE,DB2,Daire 4,0,registered,unchanged,NO_DETERMINISTIC_DEVICE_LINK,,
4332,000019c640012753,İKİZCE,DB2,Daire 4,0,registered,unchanged,NO_DETERMINISTIC_DEVICE_LINK,,
4333,000019c640020760,İKİZCE,DB2,Daire 5,0,registered,unchanged,NO_DETERMINISTIC_DEVICE_LINK,,
4334,000019c640017208,İKİZCE,DB2,Daire 5,0,registered,unchanged,NO_DETERMINISTIC_DEVICE_LINK,,
4335,000019c640027089,İKİZCE,DB2,Daire 6,0,registered,unchanged,NO_DETERMINISTIC_DEVICE_LINK,,
4336,000019c640018860,İKİZCE,DB2,Daire 6,0,registered,unchanged,NO_DETERMINISTIC_DEVICE_LINK,,
4337,000019c640020221,İKİZCE,DB2,Daire 7,0,registered,unchanged,NO_DETERMINISTIC_DEVICE_LINK,,
4338,000019c640018865,İKİZCE,DB2,Daire 7,0,registered,unchanged,NO_DETERMINISTIC_DEVICE_LINK,,
4339,000019c640019139,İKİZCE,DB2,Daire 8,0,registered,unchanged,NO_DETERMINISTIC_DEVICE_LINK,,
4340,000019c640018987,İKİZCE,DB2,Daire 8,0,registered,unchanged,NO_DETERMINISTIC_DEVICE_LINK,,
4341,000019c640020389,İKİZCE,DB2,Daire 9,0,registered,unchanged,NO_DETERMINISTIC_DEVICE_LINK,,
4342,000019c640018983,İKİZCE,DB2,Daire 9,0,error,unchanged,NO_DETERMINISTIC_DEVICE_LINK,,
4343,000019c640011046,İKİZCE,DB2,Ortak sayac 1,0,registered,unchanged,NO_DETERMINISTIC_DEVICE_LINK,,
4344,000019c640019254,İKİZCE,DB2,Ortak sayac2,0,registered,unchanged,NO_DETERMINISTIC_DEVICE_LINK,,
4345,000019c640020105,İKİZCE,DB3,Daire 1,0,active,unchanged,NO_DETERMINISTIC_DEVICE_LINK,,
4346,000019c640018868,İKİZCE,DB3,Daire 1,0,registered,unchanged,NO_DETERMINISTIC_DEVICE_LINK,,
4347,000019c640017200,İKİZCE,DB3,Daire 10,0,active,unchanged,NO_DETERMINISTIC_DEVICE_LINK,,
4348,000019c640020761,İKİZCE,DB3,Daire 11,0,active,unchanged,NO_DETERMINISTIC_DEVICE_LINK,,
4349,000019c640016922,İKİZCE,DB3,Daire 11,0,registered,unchanged,NO_DETERMINISTIC_DEVICE_LINK,,
4350,000019c640020383,İKİZCE,DB3,Daire 12,0,registered,unchanged,NO_DETERMINISTIC_DEVICE_LINK,,
4351,000019c640016716,İKİZCE,DB3,Daire 12,0,registered,unchanged,NO_DETERMINISTIC_DEVICE_LINK,,
4352,000019c640020225,İKİZCE,DB3,Daire 13,0,registered,unchanged,NO_DETERMINISTIC_DEVICE_LINK,,
4353,000019c640013116,İKİZCE,DB3,Daire 13,0,active,unchanged,NO_DETERMINISTIC_DEVICE_LINK,,
4354,000019c640022081,İKİZCE,DB3,Daire 14,0,registered,unchanged,NO_DETERMINISTIC_DEVICE_LINK,,
4355,000019c640014623,İKİZCE,DB3,Daire 14,0,registered,unchanged,NO_DETERMINISTIC_DEVICE_LINK,,
4356,000019c640013743,İKİZCE,DB3,Daire 15,0,registered,unchanged,NO_DETERMINISTIC_DEVICE_LINK,,
4357,000019c640016714,İKİZCE,DB3,Daire 16,0,registered,unchanged,NO_DETERMINISTIC_DEVICE_LINK,,
4358,000019c640022086,İKİZCE,DB3,Daire 17,0,registered,unchanged,NO_DETERMINISTIC_DEVICE_LINK,,
4359,000019c640014174,İKİZCE,DB3,Daire 17,0,registered,unchanged,NO_DETERMINISTIC_DEVICE_LINK,,
4360,000019c640022084,İKİZCE,DB3,Daire 18,0,registered,unchanged,NO_DETERMINISTIC_DEVICE_LINK,,
4361,000019c640016711,İKİZCE,DB3,Daire 18,0,registered,unchanged,NO_DETERMINISTIC_DEVICE_LINK,,
4362,000019c640020432,İKİZCE,DB3,Daire 19,0,active,unchanged,NO_DETERMINISTIC_DEVICE_LINK,,
4363,000019c640016712,İKİZCE,DB3,Daire 19,0,active,unchanged,NO_DETERMINISTIC_DEVICE_LINK,,
4364,000019c640020388,İKİZCE,DB3,Daire 2,0,active,unchanged,NO_DETERMINISTIC_DEVICE_LINK,,
4365,000019c640016576,İKİZCE,DB3,Daire 2,0,registered,unchanged,NO_DETERMINISTIC_DEVICE_LINK,,
4366,000019c640020434,İKİZCE,DB3,Daire 20,0,registered,unchanged,NO_DETERMINISTIC_DEVICE_LINK,,
4367,000019c640013119,İKİZCE,DB3,Daire 20,0,registered,unchanged,NO_DETERMINISTIC_DEVICE_LINK,,
4368,000019c640020102,İKİZCE,DB3,Daire 3,0,registered,unchanged,NO_DETERMINISTIC_DEVICE_LINK,,
4369,000019c640014626,İKİZCE,DB3,Daire 3,0,registered,unchanged,NO_DETERMINISTIC_DEVICE_LINK,,
4370,000019c640020106,İKİZCE,DB3,Daire 4,0,registered,unchanged,NO_DETERMINISTIC_DEVICE_LINK,,
4371,000019c640018866,İKİZCE,DB3,Daire 4,0,registered,unchanged,NO_DETERMINISTIC_DEVICE_LINK,,
4372,000019c640020101,İKİZCE,DB3,Daire 5,0,registered,unchanged,NO_DETERMINISTIC_DEVICE_LINK,,
4373,000019c640018982,İKİZCE,DB3,Daire 5,0,active,unchanged,NO_DETERMINISTIC_DEVICE_LINK,,
4374,000019c640020387,İKİZCE,DB3,Daire 6,0,active,unchanged,NO_DETERMINISTIC_DEVICE_LINK,,
4375,000019c640015627,İKİZCE,DB3,Daire 6,0,registered,unchanged,NO_DETERMINISTIC_DEVICE_LINK,,
4376,000019c640020384,İKİZCE,DB3,Daire 7,0,active,unchanged,NO_DETERMINISTIC_DEVICE_LINK,,
4377,000019c640016718,İKİZCE,DB3,Daire 7,0,registered,unchanged,NO_DETERMINISTIC_DEVICE_LINK,,
4378,000019c640020433,İKİZCE,DB3,Daire 8,0,registered,unchanged,NO_DETERMINISTIC_DEVICE_LINK,,
4379,000019c640018883,İKİZCE,DB3,Daire 8,0,active,unchanged,NO_DETERMINISTIC_DEVICE_LINK,,
4380,000019c640018984,İKİZCE,DB3,Daire 9,0,active,unchanged,NO_DETERMINISTIC_DEVICE_LINK,,
4381,000019c640011237,İKİZCE,DB3,Ortak Alan 1,0,registered,unchanged,NO_DETERMINISTIC_DEVICE_LINK,,
4382,000019c640015492,İKİZCE,DB3,Ortak Alan 2,0,registered,unchanged,NO_DETERMINISTIC_DEVICE_LINK,,
4383,000019c640017951,İKİZCE,DB4,Daire 1,0,registered,unchanged,NO_DETERMINISTIC_DEVICE_LINK,,
4384,000019c640020917,İKİZCE,DB4,Daire 1,0,active,unchanged,NO_DETERMINISTIC_DEVICE_LINK,,
4385,000019c640017981,İKİZCE,DB4,Daire 10,0,active,unchanged,NO_DETERMINISTIC_DEVICE_LINK,,
4386,000019c640019518,İKİZCE,DB4,Daire 10,0,registered,unchanged,NO_DETERMINISTIC_DEVICE_LINK,,
4387,000019c640020134,İKİZCE,DB4,Daire 11,0,registered,unchanged,NO_DETERMINISTIC_DEVICE_LINK,,
4388,000019c640015765,İKİZCE,DB4,Daire 11,0,registered,unchanged,NO_DETERMINISTIC_DEVICE_LINK,,
4389,000019c640017989,İKİZCE,DB4,Daire 12,0,active,unchanged,NO_DETERMINISTIC_DEVICE_LINK,,
4390,000019c640019785,İKİZCE,DB4,Daire 12,0,registered,unchanged,NO_DETERMINISTIC_DEVICE_LINK,,
4391,000019c640016671,İKİZCE,DB4,Daire 13,0,registered,unchanged,NO_DETERMINISTIC_DEVICE_LINK,,
4392,000019c640015763,İKİZCE,DB4,Daire 13,0,registered,unchanged,NO_DETERMINISTIC_DEVICE_LINK,,
4393,000019c640020132,İKİZCE,DB4,Daire 14,0,active,unchanged,NO_DETERMINISTIC_DEVICE_LINK,,
4394,000019c640019784,İKİZCE,DB4,Daire 14,0,registered,unchanged,NO_DETERMINISTIC_DEVICE_LINK,,
4395,000019c640017956,İKİZCE,DB4,Daire 15,0,active,unchanged,NO_DETERMINISTIC_DEVICE_LINK,,
4396,000019c640019952,İKİZCE,DB4,Daire 15,0,registered,unchanged,NO_DETERMINISTIC_DEVICE_LINK,,
4397,000019c640020137,İKİZCE,DB4,Daire 16,0,active,unchanged,NO_DETERMINISTIC_DEVICE_LINK,,
4398,000019c640012898,İKİZCE,DB4,Daire 16,0,registered,unchanged,NO_DETERMINISTIC_DEVICE_LINK,,
4399,000019c640017957,İKİZCE,DB4,Daire 17,0,registered,unchanged,NO_DETERMINISTIC_DEVICE_LINK,,
4400,000019c640019787,İKİZCE,DB4,Daire 17,0,registered,unchanged,NO_DETERMINISTIC_DEVICE_LINK,,
4401,000019c640020290,İKİZCE,DB4,Daire 18,0,registered,unchanged,NO_DETERMINISTIC_DEVICE_LINK,,
4402,000019c640019788,İKİZCE,DB4,Daire 18,0,active,unchanged,NO_DETERMINISTIC_DEVICE_LINK,,
4403,000019c640013095,İKİZCE,DB4,Daire 19,0,registered,unchanged,NO_DETERMINISTIC_DEVICE_LINK,,
4404,000019c640019619,İKİZCE,DB4,Daire 19,0,registered,unchanged,NO_DETERMINISTIC_DEVICE_LINK,,
4405,000019c640013093,İKİZCE,DB4,Daire 2,0,registered,unchanged,NO_DETERMINISTIC_DEVICE_LINK,,
4406,000019c640019953,İKİZCE,DB4,Daire 2,0,registered,unchanged,NO_DETERMINISTIC_DEVICE_LINK,,
4407,000019c640017980,İKİZCE,DB4,Daire 20,0,active,unchanged,NO_DETERMINISTIC_DEVICE_LINK,,
4408,000019c640019954,İKİZCE,DB4,Daire 20,0,registered,unchanged,NO_DETERMINISTIC_DEVICE_LINK,,
4409,000019c640020461,İKİZCE,DB4,Daire 3,0,registered,unchanged,NO_DETERMINISTIC_DEVICE_LINK,,
4410,000019c640015737,İKİZCE,DB4,Daire 3,0,registered,unchanged,NO_DETERMINISTIC_DEVICE_LINK,,
4411,000019c640017959,İKİZCE,DB4,Daire 4,0,registered,unchanged,NO_DETERMINISTIC_DEVICE_LINK,,
4412,000019c640015732,İKİZCE,DB4,Daire 4,0,registered,unchanged,NO_DETERMINISTIC_DEVICE_LINK,,
4413,000019c640017984,İKİZCE,DB4,Daire 5,0,registered,unchanged,NO_DETERMINISTIC_DEVICE_LINK,,
4414,000019c640019950,İKİZCE,DB4,Daire 5,0,registered,unchanged,NO_DETERMINISTIC_DEVICE_LINK,,
4415,000019c640017985,İKİZCE,DB4,Daire 6,0,registered,unchanged,NO_DETERMINISTIC_DEVICE_LINK,,
4416,000019c640025735,İKİZCE,DB4,Daire 6,0,registered,unchanged,NO_DETERMINISTIC_DEVICE_LINK,,
4417,000019c640017958,İKİZCE,DB4,Daire 7,0,registered,unchanged,NO_DETERMINISTIC_DEVICE_LINK,,
4418,000019c640019782,İKİZCE,DB4,Daire 7,0,registered,unchanged,NO_DETERMINISTIC_DEVICE_LINK,,
4419,000019c640017955,İKİZCE,DB4,Daire 8,0,active,unchanged,NO_DETERMINISTIC_DEVICE_LINK,,
4420,000019c640015739,İKİZCE,DB4,Daire 8,0,registered,unchanged,NO_DETERMINISTIC_DEVICE_LINK,,
4421,000019c640013096,İKİZCE,DB4,Daire 9,0,active,unchanged,NO_DETERMINISTIC_DEVICE_LINK,,
4422,000019c640020918,İKİZCE,DB4,Daire 9,0,registered,unchanged,NO_DETERMINISTIC_DEVICE_LINK,,
4423,000019c640019259,İKİZCE,DB4,Ortak Alan 1,0,registered,unchanged,NO_DETERMINISTIC_DEVICE_LINK,,
4424,000019c640011117,İKİZCE,DB4,Ortak Alan 2,0,registered,unchanged,NO_DETERMINISTIC_DEVICE_LINK,,
4425,000019c640013753,İKİZCE,DB5,Daire 1,0,registered,unchanged,NO_DETERMINISTIC_DEVICE_LINK,,
4426,000019c640014176,İKİZCE,DB5,Daire 1,0,registered,unchanged,NO_DETERMINISTIC_DEVICE_LINK,,
4427,000019c640020553,İKİZCE,DB5,Daire 10,0,registered,unchanged,NO_DETERMINISTIC_DEVICE_LINK,,
4428,000019c640013229,İKİZCE,DB5,Daire 10,0,active,unchanged,NO_DETERMINISTIC_DEVICE_LINK,,
4429,000019c640018908,İKİZCE,DB5,Daire 11,0,registered,unchanged,NO_DETERMINISTIC_DEVICE_LINK,,
4430,000019c640016923,İKİZCE,DB5,Daire 11,0,registered,unchanged,NO_DETERMINISTIC_DEVICE_LINK,,
4431,000019c640017133,İKİZCE,DB5,Daire 12,0,active,unchanged,NO_DETERMINISTIC_DEVICE_LINK,,
4432,000019c640013785,İKİZCE,DB5,Daire 12,0,registered,unchanged,NO_DETERMINISTIC_DEVICE_LINK,,
4433,000019c640017188,İKİZCE,DB5,Daire 13,0,registered,unchanged,NO_DETERMINISTIC_DEVICE_LINK,,
4434,000019c640019059,İKİZCE,DB5,Daire 13,0,registered,unchanged,NO_DETERMINISTIC_DEVICE_LINK,,
4435,000019c640017833,İKİZCE,DB5,Daire 14,0,active,unchanged,NO_DETERMINISTIC_DEVICE_LINK,,
4436,000019c640019052,İKİZCE,DB5,Daire 14,0,registered,unchanged,NO_DETERMINISTIC_DEVICE_LINK,,
4437,000019c640013468,İKİZCE,DB5,Daire 15,0,registered,unchanged,NO_DETERMINISTIC_DEVICE_LINK,,
4438,000019c640013221,İKİZCE,DB5,Daire 15,0,registered,unchanged,NO_DETERMINISTIC_DEVICE_LINK,,
4439,000019c640017137,İKİZCE,DB5,Daire 16,0,active,unchanged,NO_DETERMINISTIC_DEVICE_LINK,,
4440,000019c640013890,İKİZCE,DB5,Daire 16,0,active,unchanged,NO_DETERMINISTIC_DEVICE_LINK,,
4441,000019c640013700,İKİZCE,DB5,Daire 17,0,registered,unchanged,NO_DETERMINISTIC_DEVICE_LINK,,
4442,000019c640016928,İKİZCE,DB5,Daire 17,0,registered,unchanged,NO_DETERMINISTIC_DEVICE_LINK,,
4443,000019c640013702,İKİZCE,DB5,Daire 18,0,registered,unchanged,NO_DETERMINISTIC_DEVICE_LINK,,
4444,000019c640014177,İKİZCE,DB5,Daire 18,0,registered,unchanged,NO_DETERMINISTIC_DEVICE_LINK,,
4445,000019c640017184,İKİZCE,DB5,Daire 19,0,registered,unchanged,NO_DETERMINISTIC_DEVICE_LINK,,
4446,000019c640014179,İKİZCE,DB5,Daire 19,0,registered,unchanged,NO_DETERMINISTIC_DEVICE_LINK,,
4447,000019c640013701,İKİZCE,DB5,Daire 2,0,registered,unchanged,NO_DETERMINISTIC_DEVICE_LINK,,
4448,000019c640018444,İKİZCE,DB5,Daire 2,0,registered,unchanged,NO_DETERMINISTIC_DEVICE_LINK,,
4449,000019c640017189,İKİZCE,DB5,Daire 20,0,registered,unchanged,NO_DETERMINISTIC_DEVICE_LINK,,
4450,000019c640013115,İKİZCE,DB5,Daire 20,0,active,unchanged,NO_DETERMINISTIC_DEVICE_LINK,,
4451,000019c640017038,İKİZCE,DB5,Daire 21,0,registered,unchanged,NO_DETERMINISTIC_DEVICE_LINK,,
4452,000019c640017682,İKİZCE,DB5,Daire 3,0,registered,unchanged,NO_DETERMINISTIC_DEVICE_LINK,,
4453,000019c640013846,İKİZCE,DB5,Daire 3,0,registered,unchanged,NO_DETERMINISTIC_DEVICE_LINK,,
4454,000019c640013463,İKİZCE,DB5,Daire 4,0,registered,unchanged,NO_DETERMINISTIC_DEVICE_LINK,,
4455,000019c640013842,İKİZCE,DB5,Daire 4,0,registered,unchanged,NO_DETERMINISTIC_DEVICE_LINK,,
4456,000019c640017834,İKİZCE,DB5,Daire 5,0,registered,unchanged,NO_DETERMINISTIC_DEVICE_LINK,,
4457,000019c640013488,İKİZCE,DB5,Daire 5,0,registered,unchanged,NO_DETERMINISTIC_DEVICE_LINK,,
4458,000019c640017685,İKİZCE,DB5,Daire 6,0,registered,unchanged,NO_DETERMINISTIC_DEVICE_LINK,,
4459,000019c640013214,İKİZCE,DB5,Daire 6,0,registered,unchanged,NO_DETERMINISTIC_DEVICE_LINK,,
4460,000019c640015977,İKİZCE,DB5,Daire 7,0,active,unchanged,NO_DETERMINISTIC_DEVICE_LINK,,
4461,000019c640013480,İKİZCE,DB5,Daire 7,0,registered,unchanged,NO_DETERMINISTIC_DEVICE_LINK,,
4462,000019c640015975,İKİZCE,DB5,Daire 8,0,registered,unchanged,NO_DETERMINISTIC_DEVICE_LINK,,
4463,000019c640018449,İKİZCE,DB5,Daire 8,0,registered,unchanged,NO_DETERMINISTIC_DEVICE_LINK,,
4464,000019c640013464,İKİZCE,DB5,Daire 9,0,registered,unchanged,NO_DETERMINISTIC_DEVICE_LINK,,
4465,000019c640013897,İKİZCE,DB5,Daire 9,0,registered,unchanged,NO_DETERMINISTIC_DEVICE_LINK,,
4466,000019c640027087,İKİZCE,DB5,Kapıcı dairesi,0,registered,unchanged,NO_DETERMINISTIC_DEVICE_LINK,,
4467,000019c640011434,İKİZCE,DB5,Ortak Alan 1,0,registered,unchanged,NO_DETERMINISTIC_DEVICE_LINK,,
4468,000019c640019707,İKİZCE,DB5,Ortak Alan 2,0,registered,unchanged,NO_DETERMINISTIC_DEVICE_LINK,,
4469,000019c640015972,İKİZCE,DB6,Daire 1,0,registered,unchanged,NO_DETERMINISTIC_DEVICE_LINK,,
4470,000019c640016737,İKİZCE,DB6,Daire 1,0,registered,unchanged,NO_DETERMINISTIC_DEVICE_LINK,,
4471,000019c640013704,İKİZCE,DB6,Daire 10,0,active,unchanged,NO_DETERMINISTIC_DEVICE_LINK,,
4472,000019c640013490,İKİZCE,DB6,Daire 10,0,registered,unchanged,NO_DETERMINISTIC_DEVICE_LINK,,
4473,000019c640017181,İKİZCE,DB6,Daire 11,0,active,unchanged,NO_DETERMINISTIC_DEVICE_LINK,,
4474,000019c640014117,İKİZCE,DB6,Daire 11,0,active,unchanged,NO_DETERMINISTIC_DEVICE_LINK,,
4475,000019c640021678,İKİZCE,DB6,Daire 12,0,registered,unchanged,NO_DETERMINISTIC_DEVICE_LINK,,
4476,000019c640018064,İKİZCE,DB6,Daire 12,0,registered,unchanged,NO_DETERMINISTIC_DEVICE_LINK,,
4477,000019c640017139,İKİZCE,DB6,Daire 13,0,registered,unchanged,NO_DETERMINISTIC_DEVICE_LINK,,
4478,000019c640018674,İKİZCE,DB6,Daire 13,0,registered,unchanged,NO_DETERMINISTIC_DEVICE_LINK,,
4479,000019c640015978,İKİZCE,DB6,Daire 14,0,registered,unchanged,NO_DETERMINISTIC_DEVICE_LINK,,
4480,000019c640014691,İKİZCE,DB6,Daire 14,0,registered,unchanged,NO_DETERMINISTIC_DEVICE_LINK,,
4481,000019c640017818,İKİZCE,DB6,Daire 15,0,registered,unchanged,NO_DETERMINISTIC_DEVICE_LINK,,
4482,000019c640016730,İKİZCE,DB6,Daire 15,0,registered,unchanged,NO_DETERMINISTIC_DEVICE_LINK,,
4483,000019c640013465,İKİZCE,DB6,Daire 16,0,registered,unchanged,NO_DETERMINISTIC_DEVICE_LINK,,
4484,000019c640013499,İKİZCE,DB6,Daire 16,0,registered,unchanged,NO_DETERMINISTIC_DEVICE_LINK,,
4485,000019c640018909,İKİZCE,DB6,Daire 17,0,registered,unchanged,NO_DETERMINISTIC_DEVICE_LINK,,
4486,000019c640018671,İKİZCE,DB6,Daire 17,0,registered,unchanged,NO_DETERMINISTIC_DEVICE_LINK,,
4487,000019c640015379,İKİZCE,DB6,Daire 18,0,registered,unchanged,NO_DETERMINISTIC_DEVICE_LINK,,
4488,000019c640018060,İKİZCE,DB6,Daire 18,0,active,unchanged,NO_DETERMINISTIC_DEVICE_LINK,,
4489,000019c640017810,İKİZCE,DB6,Daire 19,0,registered,unchanged,NO_DETERMINISTIC_DEVICE_LINK,,
4490,000019c640013494,İKİZCE,DB6,Daire 19,0,registered,unchanged,NO_DETERMINISTIC_DEVICE_LINK,,
4491,000019c640021674,İKİZCE,DB6,Daire 2,0,active,unchanged,NO_DETERMINISTIC_DEVICE_LINK,,
4492,000019c640013495,İKİZCE,DB6,Daire 2,0,registered,unchanged,NO_DETERMINISTIC_DEVICE_LINK,,
4493,000019c640015979,İKİZCE,DB6,Daire 20,0,registered,unchanged,NO_DETERMINISTIC_DEVICE_LINK,,
4494,000019c640018067,İKİZCE,DB6,Daire 20,0,registered,unchanged,NO_DETERMINISTIC_DEVICE_LINK,,
4495,000019c640017141,İKİZCE,DB6,Daire 21,0,registered,unchanged,NO_DETERMINISTIC_DEVICE_LINK,,
4496,000019c640021677,İKİZCE,DB6,Daire 3,0,registered,unchanged,NO_DETERMINISTIC_DEVICE_LINK,,
4497,000019c640018061,İKİZCE,DB6,Daire 3,0,registered,unchanged,NO_DETERMINISTIC_DEVICE_LINK,,
4498,000019c640017683,İKİZCE,DB6,Daire 4,0,registered,unchanged,NO_DETERMINISTIC_DEVICE_LINK,,
4499,000019c640016734,İKİZCE,DB6,Daire 4,0,registered,unchanged,NO_DETERMINISTIC_DEVICE_LINK,,
4500,000019c640017688,İKİZCE,DB6,Daire 5,0,registered,unchanged,NO_DETERMINISTIC_DEVICE_LINK,,
4501,000019c640014694,İKİZCE,DB6,Daire 5,0,registered,unchanged,NO_DETERMINISTIC_DEVICE_LINK,,
4502,000019c640017680,İKİZCE,DB6,Daire 6,0,registered,unchanged,NO_DETERMINISTIC_DEVICE_LINK,,
4503,000019c640016738,İKİZCE,DB6,Daire 6,0,active,unchanged,NO_DETERMINISTIC_DEVICE_LINK,,
4504,000019c640020104,İKİZCE,DB6,Daire 7,0,registered,unchanged,NO_DETERMINISTIC_DEVICE_LINK,,
4505,000019c640016735,İKİZCE,DB6,Daire 7,0,active,unchanged,NO_DETERMINISTIC_DEVICE_LINK,,
4506,000019c640015976,İKİZCE,DB6,Daire 8,0,active,unchanged,NO_DETERMINISTIC_DEVICE_LINK,,
4507,000019c640014110,İKİZCE,DB6,Daire 8,0,registered,unchanged,NO_DETERMINISTIC_DEVICE_LINK,,
4508,000019c640015973,İKİZCE,DB6,Daire 9,0,registered,unchanged,NO_DETERMINISTIC_DEVICE_LINK,,
4509,000019c640018069,İKİZCE,DB6,Daire 9,0,registered,unchanged,NO_DETERMINISTIC_DEVICE_LINK,,
4510,000019c640021676,İKİZCE,DB6,Kapıcı dairesi,0,registered,unchanged,NO_DETERMINISTIC_DEVICE_LINK,,
4511,000019c640011257,İKİZCE,DB6,Ortak Alan 1,0,registered,unchanged,NO_DETERMINISTIC_DEVICE_LINK,,
4512,000019c640019709,İKİZCE,DB6,Ortak alan 2,0,registered,unchanged,NO_DETERMINISTIC_DEVICE_LINK,,
4513,000019c640020556,İKİZCE,DB7,Daire 1,0,registered,unchanged,NO_DETERMINISTIC_DEVICE_LINK,,
4514,000019c640013878,İKİZCE,DB7,Daire 1,0,registered,unchanged,NO_DETERMINISTIC_DEVICE_LINK,,
4515,000019c640017180,İKİZCE,DB7,Daire 10,0,registered,unchanged,NO_DETERMINISTIC_DEVICE_LINK,,
4516,000019c640021603,İKİZCE,DB7,Daire 10,0,registered,unchanged,NO_DETERMINISTIC_DEVICE_LINK,,
4517,000019c640017135,İKİZCE,DB7,Daire 11,0,registered,unchanged,NO_DETERMINISTIC_DEVICE_LINK,,
4518,000019c640021448,İKİZCE,DB7,Daire 11,0,registered,unchanged,NO_DETERMINISTIC_DEVICE_LINK,,
4519,000019c640027083,İKİZCE,DB7,Daire 12,0,registered,unchanged,NO_DETERMINISTIC_DEVICE_LINK,,
4520,000019c640021441,İKİZCE,DB7,Daire 12,0,registered,unchanged,NO_DETERMINISTIC_DEVICE_LINK,,
4521,000019c640020217,İKİZCE,DB7,Daire 13,0,registered,unchanged,NO_DETERMINISTIC_DEVICE_LINK,,
4522,000019c640014653,İKİZCE,DB7,Daire 13,0,registered,unchanged,NO_DETERMINISTIC_DEVICE_LINK,,
4523,000019c640020210,İKİZCE,DB7,Daire 14,0,registered,unchanged,NO_DETERMINISTIC_DEVICE_LINK,,
4524,000019c640021444,İKİZCE,DB7,Daire 14,0,registered,unchanged,NO_DETERMINISTIC_DEVICE_LINK,,
4525,000019c640020956,İKİZCE,DB7,Daire 15,0,active,unchanged,NO_DETERMINISTIC_DEVICE_LINK,,
4526,000019c640013770,İKİZCE,DB7,Daire 15,0,registered,unchanged,NO_DETERMINISTIC_DEVICE_LINK,,
4527,000019c640020951,İKİZCE,DB7,Daire 16,0,active,unchanged,NO_DETERMINISTIC_DEVICE_LINK,,
4528,000019c640021619,İKİZCE,DB7,Daire 16,0,registered,unchanged,NO_DETERMINISTIC_DEVICE_LINK,,
4529,000019c640017983,İKİZCE,DB7,Daire 17,0,registered,unchanged,NO_DETERMINISTIC_DEVICE_LINK,,
4530,000019c640021607,İKİZCE,DB7,Daire 17,0,active,unchanged,NO_DETERMINISTIC_DEVICE_LINK,,
4531,000019c640020211,İKİZCE,DB7,Daire 18,0,active,unchanged,NO_DETERMINISTIC_DEVICE_LINK,,
4532,000019c640013971,İKİZCE,DB7,Daire 18,0,active,unchanged,NO_DETERMINISTIC_DEVICE_LINK,,
4533,000019c640020929,İKİZCE,DB7,Daire 19,0,registered,unchanged,NO_DETERMINISTIC_DEVICE_LINK,,
4534,000019c640021618,İKİZCE,DB7,Daire 19,0,registered,unchanged,NO_DETERMINISTIC_DEVICE_LINK,,
4535,000019c640013709,İKİZCE,DB7,Daire 2,0,active,unchanged,NO_DETERMINISTIC_DEVICE_LINK,,
4536,000019c640021637,İKİZCE,DB7,Daire 2,0,registered,unchanged,NO_DETERMINISTIC_DEVICE_LINK,,
4537,000019c640020212,İKİZCE,DB7,Daire 20,0,active,unchanged,NO_DETERMINISTIC_DEVICE_LINK,,
4538,000019c640021661,İKİZCE,DB7,Daire 20,0,active,unchanged,NO_DETERMINISTIC_DEVICE_LINK,,
4539,000019c640013092,İKİZCE,DB7,Daire 21,0,active,unchanged,NO_DETERMINISTIC_DEVICE_LINK,,
4540,000019c640017838,İKİZCE,DB7,Daire 3,0,active,unchanged,NO_DETERMINISTIC_DEVICE_LINK,,
4541,000019c640021854,İKİZCE,DB7,Daire 3,0,registered,unchanged,NO_DETERMINISTIC_DEVICE_LINK,,
4542,000019c640017954,İKİZCE,DB7,Daire 4,0,registered,unchanged,NO_DETERMINISTIC_DEVICE_LINK,,
4543,000019c640021849,İKİZCE,DB7,Daire 4,0,registered,unchanged,NO_DETERMINISTIC_DEVICE_LINK,,
4544,000019c640013713,İKİZCE,DB7,Daire 5,0,registered,unchanged,NO_DETERMINISTIC_DEVICE_LINK,,
4545,000019c640021634,İKİZCE,DB7,Daire 5,0,registered,unchanged,NO_DETERMINISTIC_DEVICE_LINK,,
4546,000019c640017186,İKİZCE,DB7,Daire 6,0,registered,unchanged,NO_DETERMINISTIC_DEVICE_LINK,,
4547,000019c640020091,İKİZCE,DB7,Daire 6,0,registered,unchanged,NO_DETERMINISTIC_DEVICE_LINK,,
4548,000019c640017831,İKİZCE,DB7,Daire 7,0,active,unchanged,NO_DETERMINISTIC_DEVICE_LINK,,
4549,000019c640011848,İKİZCE,DB7,Daire 7,0,registered,unchanged,NO_DETERMINISTIC_DEVICE_LINK,,
4550,000019c640017132,İKİZCE,DB7,Daire 8,0,registered,unchanged,NO_DETERMINISTIC_DEVICE_LINK,,
4551,000019c640013778,İKİZCE,DB7,Daire 8,0,registered,unchanged,NO_DETERMINISTIC_DEVICE_LINK,,
4552,000019c640017182,İKİZCE,DB7,Daire 9,0,registered,unchanged,NO_DETERMINISTIC_DEVICE_LINK,,
4553,000019c640014656,İKİZCE,DB7,Daire 9,0,registered,unchanged,NO_DETERMINISTIC_DEVICE_LINK,,
4554,000019c640017952,İKİZCE,DB7,Kapıcı Dairesi,0,active,unchanged,NO_DETERMINISTIC_DEVICE_LINK,,
4555,000019c640011697,İKİZCE,DB7,Ortak sayac 1,0,registered,unchanged,NO_DETERMINISTIC_DEVICE_LINK,,
4556,000019c640013782,İKİZCE,DB7,Ortak sayac 2,0,registered,unchanged,NO_DETERMINISTIC_DEVICE_LINK,,
4557,000019c640020463,İKİZCE,DB8,Daire 1,0,registered,unchanged,NO_DETERMINISTIC_DEVICE_LINK,,
4558,000019c640012704,İKİZCE,DB8,Daire 1,0,registered,unchanged,NO_DETERMINISTIC_DEVICE_LINK,,
4559,000019c640020294,İKİZCE,DB8,Daire 10,0,active,unchanged,NO_DETERMINISTIC_DEVICE_LINK,,
4560,000019c640012705,İKİZCE,DB8,Daire 10,0,registered,unchanged,NO_DETERMINISTIC_DEVICE_LINK,,
4561,000019c640004076,İKİZCE,DB8,Daire 11,0,active,unchanged,NO_DETERMINISTIC_DEVICE_LINK,,
4562,000019c640017207,İKİZCE,DB8,Daire 11,0,registered,unchanged,NO_DETERMINISTIC_DEVICE_LINK,,
4563,000019c640014817,İKİZCE,DB8,Daire 12,0,registered,unchanged,NO_DETERMINISTIC_DEVICE_LINK,,
4564,000019c640018980,İKİZCE,DB8,Daire 12,0,registered,unchanged,NO_DETERMINISTIC_DEVICE_LINK,,
4565,000019c640020464,İKİZCE,DB8,Daire 13,0,active,unchanged,NO_DETERMINISTIC_DEVICE_LINK,,
4566,000019c640012751,İKİZCE,DB8,Daire 13,0,active,unchanged,NO_DETERMINISTIC_DEVICE_LINK,,
4567,000019c640020465,İKİZCE,DB8,Daire 14,0,active,unchanged,NO_DETERMINISTIC_DEVICE_LINK,,
4568,000019c640015620,İKİZCE,DB8,Daire 14,0,registered,unchanged,NO_DETERMINISTIC_DEVICE_LINK,,
4569,000019c640013708,İKİZCE,DB8,Daire 15,0,active,unchanged,NO_DETERMINISTIC_DEVICE_LINK,,
4570,000019c640018969,İKİZCE,DB8,Daire 15,0,registered,unchanged,NO_DETERMINISTIC_DEVICE_LINK,,
4571,000019c640020460,İKİZCE,DB8,Daire 16,0,active,unchanged,NO_DETERMINISTIC_DEVICE_LINK,,
4572,000019c640018863,İKİZCE,DB8,Daire 16,0,registered,unchanged,NO_DETERMINISTIC_DEVICE_LINK,,
4573,000019c640013179,İKİZCE,DB8,Daire 17,0,registered,unchanged,NO_DETERMINISTIC_DEVICE_LINK,,
4574,000019c640014622,İKİZCE,DB8,Daire 17,0,registered,unchanged,NO_DETERMINISTIC_DEVICE_LINK,,
4575,000019c640013707,İKİZCE,DB8,Daire 18,0,active,unchanged,NO_DETERMINISTIC_DEVICE_LINK,,
4576,000019c640014624,İKİZCE,DB8,Daire 18,0,registered,unchanged,NO_DETERMINISTIC_DEVICE_LINK,,
4577,000019c640013705,İKİZCE,DB8,Daire 19,0,registered,unchanged,NO_DETERMINISTIC_DEVICE_LINK,,
4578,000019c640018889,İKİZCE,DB8,Daire 19,0,registered,unchanged,NO_DETERMINISTIC_DEVICE_LINK,,
4579,000019c640020295,İKİZCE,DB8,Daire 2,0,active,unchanged,NO_DETERMINISTIC_DEVICE_LINK,,
4580,000019c640018989,İKİZCE,DB8,Daire 2,0,registered,unchanged,NO_DETERMINISTIC_DEVICE_LINK,,
4581,000019c640017839,İKİZCE,DB8,Daire 20,0,registered,unchanged,NO_DETERMINISTIC_DEVICE_LINK,,
4582,000019c640012750,İKİZCE,DB8,Daire 20,0,active,unchanged,NO_DETERMINISTIC_DEVICE_LINK,,
4583,000019c640013717,İKİZCE,DB8,Daire 21,0,registered,unchanged,NO_DETERMINISTIC_DEVICE_LINK,,
4584,000019c640017835,İKİZCE,DB8,Daire 22,0,registered,unchanged,NO_DETERMINISTIC_DEVICE_LINK,,
4585,000019c640020469,İKİZCE,DB8,Daire 3,0,registered,unchanged,NO_DETERMINISTIC_DEVICE_LINK,,
4586,000019c640012700,İKİZCE,DB8,Daire 3,0,registered,unchanged,NO_DETERMINISTIC_DEVICE_LINK,,
4587,000019c640020467,İKİZCE,DB8,Daire 4,0,active,unchanged,NO_DETERMINISTIC_DEVICE_LINK,,
4588,000019c640012706,İKİZCE,DB8,Daire 4,0,registered,unchanged,NO_DETERMINISTIC_DEVICE_LINK,,
4589,000019c640020291,İKİZCE,DB8,Daire 5,0,registered,unchanged,NO_DETERMINISTIC_DEVICE_LINK,,
4590,000019c640017203,İKİZCE,DB8,Daire 5,0,registered,unchanged,NO_DETERMINISTIC_DEVICE_LINK,,
4591,000019c640020468,İKİZCE,DB8,Daire 6,0,registered,unchanged,NO_DETERMINISTIC_DEVICE_LINK,,
4592,000019c640018885,İKİZCE,DB8,Daire 6,0,registered,unchanged,NO_DETERMINISTIC_DEVICE_LINK,,
4593,000019c640020298,İKİZCE,DB8,Daire 7,0,registered,unchanged,NO_DETERMINISTIC_DEVICE_LINK,,
4594,000019c640012703,İKİZCE,DB8,Daire 7,0,registered,unchanged,NO_DETERMINISTIC_DEVICE_LINK,,
4595,000019c640020297,İKİZCE,DB8,Daire 8,0,active,unchanged,NO_DETERMINISTIC_DEVICE_LINK,,
4596,000019c640012754,İKİZCE,DB8,Daire 8,0,registered,unchanged,NO_DETERMINISTIC_DEVICE_LINK,,
4597,000019c640020292,İKİZCE,DB8,Daire 9,0,active,unchanged,NO_DETERMINISTIC_DEVICE_LINK,,
4598,000019c640012707,İKİZCE,DB8,Daire 9,0,registered,unchanged,NO_DETERMINISTIC_DEVICE_LINK,,
4599,000019c640020167,İKİZCE,DB8,Ortak Alan 1,0,registered,unchanged,NO_DETERMINISTIC_DEVICE_LINK,,
4600,000019c640011592,İKİZCE,DB8,Ortak Alan 2,0,registered,unchanged,NO_DETERMINISTIC_DEVICE_LINK,,
4601,000019c640020214,İKİZCE,DB9,Daire 1,0,active,unchanged,NO_DETERMINISTIC_DEVICE_LINK,,
4602,000019c640021440,İKİZCE,DB9,Daire 1,0,registered,unchanged,NO_DETERMINISTIC_DEVICE_LINK,,
4603,000019c640016833,İKİZCE,DB9,Daire 10,0,registered,unchanged,NO_DETERMINISTIC_DEVICE_LINK,,
4604,000019c640021608,İKİZCE,DB9,Daire 10,0,registered,unchanged,NO_DETERMINISTIC_DEVICE_LINK,,
4605,000019c640015377,İKİZCE,DB9,Daire 11,0,registered,unchanged,NO_DETERMINISTIC_DEVICE_LINK,,
4606,000019c640012602,İKİZCE,DB9,Daire 11,0,registered,unchanged,NO_DETERMINISTIC_DEVICE_LINK,,
4607,000019c640015370,İKİZCE,DB9,Daire 12,0,registered,unchanged,NO_DETERMINISTIC_DEVICE_LINK,,
4608,000019c640021609,İKİZCE,DB9,Daire 12,0,registered,unchanged,NO_DETERMINISTIC_DEVICE_LINK,,
4609,000019c640015042,İKİZCE,DB9,Daire 13,0,active,unchanged,NO_DETERMINISTIC_DEVICE_LINK,,
4610,000019c640021442,İKİZCE,DB9,Daire 13,0,registered,unchanged,NO_DETERMINISTIC_DEVICE_LINK,,
4611,000019c640018714,İKİZCE,DB9,Daire 14,0,active,unchanged,NO_DETERMINISTIC_DEVICE_LINK,,
4612,000019c640020098,İKİZCE,DB9,Daire 14,0,registered,unchanged,NO_DETERMINISTIC_DEVICE_LINK,,
4613,000019c640014745,İKİZCE,DB9,Daire 15,0,registered,unchanged,NO_DETERMINISTIC_DEVICE_LINK,,
4614,000019c640021604,İKİZCE,DB9,Daire 15,0,active,unchanged,NO_DETERMINISTIC_DEVICE_LINK,,
4615,000019c640014742,İKİZCE,DB9,Daire 16,0,active,unchanged,NO_DETERMINISTIC_DEVICE_LINK,,
4616,000019c640021846,İKİZCE,DB9,Daire 16,0,active,unchanged,NO_DETERMINISTIC_DEVICE_LINK,,
4617,000019c640018710,İKİZCE,DB9,Daire 17,0,registered,unchanged,NO_DETERMINISTIC_DEVICE_LINK,,
4618,000019c640021847,İKİZCE,DB9,Daire 17,0,registered,unchanged,NO_DETERMINISTIC_DEVICE_LINK,,
4619,000019c640018718,İKİZCE,DB9,Daire 18,0,registered,unchanged,NO_DETERMINISTIC_DEVICE_LINK,,
4620,000019c640014658,İKİZCE,DB9,Daire 18,0,registered,unchanged,NO_DETERMINISTIC_DEVICE_LINK,,
4621,000019c640015044,İKİZCE,DB9,Daire 19,0,active,unchanged,NO_DETERMINISTIC_DEVICE_LINK,,
4622,000019c640021630,İKİZCE,DB9,Daire 19,0,registered,unchanged,NO_DETERMINISTIC_DEVICE_LINK,,
4623,000019c640016834,İKİZCE,DB9,Daire 2,0,active,unchanged,NO_DETERMINISTIC_DEVICE_LINK,,
4624,000019c640021447,İKİZCE,DB9,Daire 2,0,registered,unchanged,NO_DETERMINISTIC_DEVICE_LINK,,
4625,000019c640016832,İKİZCE,DB9,Daire 20,0,registered,unchanged,NO_DETERMINISTIC_DEVICE_LINK,,
4626,000019c640014651,İKİZCE,DB9,Daire 20,0,registered,unchanged,NO_DETERMINISTIC_DEVICE_LINK,,
4627,000019c640015383,İKİZCE,DB9,Daire 21,0,active,unchanged,NO_DETERMINISTIC_DEVICE_LINK,,
4628,000019c640021843,İKİZCE,DB9,Daire 21,0,registered,unchanged,NO_DETERMINISTIC_DEVICE_LINK,,
4629,000019c640021844,İKİZCE,DB9,Daire 22,0,registered,unchanged,NO_DETERMINISTIC_DEVICE_LINK,,
4630,000019c640015381,İKİZCE,DB9,Daire 3,0,active,unchanged,NO_DETERMINISTIC_DEVICE_LINK,,
4631,000019c640021611,İKİZCE,DB9,Daire 3,0,registered,unchanged,NO_DETERMINISTIC_DEVICE_LINK,,
4632,000019c640015375,İKİZCE,DB9,Daire 4,0,active,unchanged,NO_DETERMINISTIC_DEVICE_LINK,,
4633,000019c640020095,İKİZCE,DB9,Daire 4,0,registered,unchanged,NO_DETERMINISTIC_DEVICE_LINK,,
4634,000019c640014814,İKİZCE,DB9,Daire 5,0,active,unchanged,NO_DETERMINISTIC_DEVICE_LINK,,
4635,000019c640021614,İKİZCE,DB9,Daire 5,0,registered,unchanged,NO_DETERMINISTIC_DEVICE_LINK,,
4636,000019c640015384,İKİZCE,DB9,Daire 6,0,registered,unchanged,NO_DETERMINISTIC_DEVICE_LINK,,
4637,000019c640021842,İKİZCE,DB9,Daire 6,0,registered,unchanged,NO_DETERMINISTIC_DEVICE_LINK,,
4638,000019c640015373,İKİZCE,DB9,Daire 7,0,registered,unchanged,NO_DETERMINISTIC_DEVICE_LINK,,
4639,000019c640021635,İKİZCE,DB9,Daire 7,0,registered,unchanged,NO_DETERMINISTIC_DEVICE_LINK,,
4640,000019c640014811,İKİZCE,DB9,Daire 8,0,active,unchanged,NO_DETERMINISTIC_DEVICE_LINK,,
4641,000019c640021633,İKİZCE,DB9,Daire 8,0,registered,unchanged,NO_DETERMINISTIC_DEVICE_LINK,,
4642,000019c640014815,İKİZCE,DB9,Daire 9,0,active,unchanged,NO_DETERMINISTIC_DEVICE_LINK,,
4643,000019c640020094,İKİZCE,DB9,Daire 9,0,registered,unchanged,NO_DETERMINISTIC_DEVICE_LINK,,
4644,000019c640021223,İKİZCE,DB9,Kapıcı Dairesi,0,active,unchanged,NO_DETERMINISTIC_DEVICE_LINK,,
4645,000019c640011529,İKİZCE,DB9,Ortak sayac 1,0,registered,unchanged,NO_DETERMINISTIC_DEVICE_LINK,,
4646,000019c640013741,İKİZCE,DB9,Ortak sayac 2,0,registered,unchanged,NO_DETERMINISTIC_DEVICE_LINK,,
4647,000019c640005645,İKİZCE,DC 5 BLOK,Daire 1,0,registered,unchanged,NO_DETERMINISTIC_DEVICE_LINK,,
4648,000019c640009122,İKİZCE,DC 5 BLOK,Daire 10,0,registered,unchanged,NO_DETERMINISTIC_DEVICE_LINK,,
4649,000019c640009129,İKİZCE,DC 5 BLOK,Daire 11,0,registered,unchanged,NO_DETERMINISTIC_DEVICE_LINK,,
4650,000019c640009125,İKİZCE,DC 5 BLOK,Daire 12,0,registered,unchanged,NO_DETERMINISTIC_DEVICE_LINK,,
4651,000019c640009127,İKİZCE,DC 5 BLOK,Daire 13,0,registered,unchanged,NO_DETERMINISTIC_DEVICE_LINK,,
4652,000019c640006721,İKİZCE,DC 5 BLOK,Daire 14,0,active,unchanged,NO_DETERMINISTIC_DEVICE_LINK,,
4653,000019c640009126,İKİZCE,DC 5 BLOK,Daire 15,0,registered,unchanged,NO_DETERMINISTIC_DEVICE_LINK,,
4654,000019c640009121,İKİZCE,DC 5 BLOK,Daire 16,0,registered,unchanged,NO_DETERMINISTIC_DEVICE_LINK,,
4655,000019c640006724,İKİZCE,DC 5 BLOK,Daire 17,0,active,unchanged,NO_DETERMINISTIC_DEVICE_LINK,,
4656,000019c640007323,İKİZCE,DC 5 BLOK,Daire 18,0,active,unchanged,NO_DETERMINISTIC_DEVICE_LINK,,
4657,000019c640007328,İKİZCE,DC 5 BLOK,Daire 19,0,registered,unchanged,NO_DETERMINISTIC_DEVICE_LINK,,
4658,000019c640008144,İKİZCE,DC 5 BLOK,Daire 2,0,active,unchanged,NO_DETERMINISTIC_DEVICE_LINK,,
4659,000019c640007325,İKİZCE,DC 5 BLOK,Daire 20,0,registered,unchanged,NO_DETERMINISTIC_DEVICE_LINK,,
4660,000019c640009152,İKİZCE,DC 5 BLOK,Daire 3,0,registered,unchanged,NO_DETERMINISTIC_DEVICE_LINK,,
4661,000019c640006728,İKİZCE,DC 5 BLOK,Daire 4,0,registered,unchanged,NO_DETERMINISTIC_DEVICE_LINK,,
4662,000019c640009124,İKİZCE,DC 5 BLOK,Daire 5,0,registered,unchanged,NO_DETERMINISTIC_DEVICE_LINK,,
4663,000019c640006727,İKİZCE,DC 5 BLOK,Daire 6,0,registered,unchanged,NO_DETERMINISTIC_DEVICE_LINK,,
4664,000019c640009120,İKİZCE,DC 5 BLOK,Daire 7,0,active,unchanged,NO_DETERMINISTIC_DEVICE_LINK,,
4665,000019c640006723,İKİZCE,DC 5 BLOK,Daire 8,0,registered,unchanged,NO_DETERMINISTIC_DEVICE_LINK,,
4666,000019c640009123,İKİZCE,DC 5 BLOK,Daire 9,0,registered,unchanged,NO_DETERMINISTIC_DEVICE_LINK,,
4667,000019c640022285,İKİZCE,DC 5 BLOK,Ortak Alan,0,registered,unchanged,NO_DETERMINISTIC_DEVICE_LINK,,
4668,000019c640036442,İKİZCE,DC02,Numarasız 1,0,active,unchanged,NO_DETERMINISTIC_DEVICE_LINK,,
4669,000019c640033949,İKİZCE,DC02,Numarasız 10,0,active,unchanged,NO_DETERMINISTIC_DEVICE_LINK,,
4670,000019c640036409,İKİZCE,DC02,Numarasız 11,0,active,unchanged,NO_DETERMINISTIC_DEVICE_LINK,,
4671,000019c640033919,İKİZCE,DC02,Numarasız 12,0,active,unchanged,NO_DETERMINISTIC_DEVICE_LINK,,
4672,000019c640033915,İKİZCE,DC02,Numarasız 13,0,active,unchanged,NO_DETERMINISTIC_DEVICE_LINK,,
4673,000019c640036405,İKİZCE,DC02,Numarasız 14,0,active,unchanged,NO_DETERMINISTIC_DEVICE_LINK,,
4674,000019c640036277,İKİZCE,DC02,Numarasız 15,0,active,unchanged,NO_DETERMINISTIC_DEVICE_LINK,,
4675,000019c640036402,İKİZCE,DC02,Numarasız 16,0,active,unchanged,NO_DETERMINISTIC_DEVICE_LINK,,
4676,000019c640036410,İKİZCE,DC02,Numarasız 17,0,active,unchanged,NO_DETERMINISTIC_DEVICE_LINK,,
4677,000019c640032597,İKİZCE,DC02,Numarasız 18,0,active,unchanged,NO_DETERMINISTIC_DEVICE_LINK,,
4678,000019c640032390,İKİZCE,DC02,Numarasız 2,0,active,unchanged,NO_DETERMINISTIC_DEVICE_LINK,,
4679,000019c640033920,İKİZCE,DC02,Numarasız 3,0,active,unchanged,NO_DETERMINISTIC_DEVICE_LINK,,
4680,000019c640036406,İKİZCE,DC02,Numarasız 4,0,active,unchanged,NO_DETERMINISTIC_DEVICE_LINK,,
4681,000019c640036449,İKİZCE,DC02,Numarasız 5,0,active,unchanged,NO_DETERMINISTIC_DEVICE_LINK,,
4682,000019c640036446,İKİZCE,DC02,Numarasız 6,0,active,unchanged,NO_DETERMINISTIC_DEVICE_LINK,,
4683,000019c640036279,İKİZCE,DC02,Numarasız 7,0,active,unchanged,NO_DETERMINISTIC_DEVICE_LINK,,
4684,000019c640036401,İKİZCE,DC02,Numarasız 8,0,active,unchanged,NO_DETERMINISTIC_DEVICE_LINK,,
4685,000019c640032583,İKİZCE,DC02,Numarasız 9,0,active,unchanged,NO_DETERMINISTIC_DEVICE_LINK,,
4686,000019c640042822,İKİZCE,DC02,Ortak Alan 1,0,registered,unchanged,NO_DETERMINISTIC_DEVICE_LINK,,
4687,000019c640044405,İKİZCE,DC02,Ortak Alan 2,0,registered,unchanged,NO_DETERMINISTIC_DEVICE_LINK,,
4688,000019c640046255,İKİZCE,DC02,Ortak Alan 3,0,registered,unchanged,NO_DETERMINISTIC_DEVICE_LINK,,
4689,000019c640018346,İKİZCE,DC1,Daire 1,0,registered,unchanged,NO_DETERMINISTIC_DEVICE_LINK,,
4690,000019c640017654,İKİZCE,DC1,Daire 10,0,registered,unchanged,NO_DETERMINISTIC_DEVICE_LINK,,
4691,000019c640018342,İKİZCE,DC1,Daire 11,0,active,unchanged,NO_DETERMINISTIC_DEVICE_LINK,,
4692,000019c640018348,İKİZCE,DC1,Daire 12,0,registered,unchanged,NO_DETERMINISTIC_DEVICE_LINK,,
4693,000019c640018357,İKİZCE,DC1,Daire 13,0,registered,unchanged,NO_DETERMINISTIC_DEVICE_LINK,,
4694,000019c640018489,İKİZCE,DC1,Daire 14,0,registered,unchanged,NO_DETERMINISTIC_DEVICE_LINK,,
4695,000019c640014661,İKİZCE,DC1,Daire 15,0,registered,unchanged,NO_DETERMINISTIC_DEVICE_LINK,,
4696,000019c640014663,İKİZCE,DC1,Daire 16,0,registered,unchanged,NO_DETERMINISTIC_DEVICE_LINK,,
4697,000019c640018488,İKİZCE,DC1,Daire 17,0,active,unchanged,NO_DETERMINISTIC_DEVICE_LINK,,
4698,000019c640016410,İKİZCE,DC1,Daire 18,0,registered,unchanged,NO_DETERMINISTIC_DEVICE_LINK,,
4699,000019c640016419,İKİZCE,DC1,Daire 19,0,registered,unchanged,NO_DETERMINISTIC_DEVICE_LINK,,
4700,000019c640018345,İKİZCE,DC1,Daire 2,0,registered,unchanged,NO_DETERMINISTIC_DEVICE_LINK,,
4701,000019c640018945,İKİZCE,DC1,Daire 20,0,active,unchanged,NO_DETERMINISTIC_DEVICE_LINK,,
4702,000019c640018340,İKİZCE,DC1,Daire 3,0,registered,unchanged,NO_DETERMINISTIC_DEVICE_LINK,,
4703,000019c640018486,İKİZCE,DC1,Daire 4,0,registered,unchanged,NO_DETERMINISTIC_DEVICE_LINK,,
4704,000019c640018485,İKİZCE,DC1,Daire 5,0,registered,unchanged,NO_DETERMINISTIC_DEVICE_LINK,,
4705,000019c640018359,İKİZCE,DC1,Daire 6,0,registered,unchanged,NO_DETERMINISTIC_DEVICE_LINK,,
4706,000019c640018487,İKİZCE,DC1,Daire 7,0,registered,unchanged,NO_DETERMINISTIC_DEVICE_LINK,,
4707,000019c640018356,İKİZCE,DC1,Daire 8,0,registered,unchanged,NO_DETERMINISTIC_DEVICE_LINK,,
4708,000019c640017653,İKİZCE,DC1,Daire 9,0,registered,unchanged,NO_DETERMINISTIC_DEVICE_LINK,,
4709,000019c640032359,İKİZCE,DC1,Numarasız 1,0,active,unchanged,NO_DETERMINISTIC_DEVICE_LINK,,
4710,000019c640032395,İKİZCE,DC1,Numarasız 10,0,active,unchanged,NO_DETERMINISTIC_DEVICE_LINK,,
4711,000019c640032400,İKİZCE,DC1,Numarasız 11,0,active,unchanged,NO_DETERMINISTIC_DEVICE_LINK,,
4712,000019c640036055,İKİZCE,DC1,Numarasız 12,0,active,unchanged,NO_DETERMINISTIC_DEVICE_LINK,,
4713,000019c640032391,İKİZCE,DC1,Numarasız 13,0,active,unchanged,NO_DETERMINISTIC_DEVICE_LINK,,
4714,000019c640036026,İKİZCE,DC1,Numarasız 14,0,registered,unchanged,NO_DETERMINISTIC_DEVICE_LINK,,
4715,000019c640036028,İKİZCE,DC1,Numarasız 15,0,active,unchanged,NO_DETERMINISTIC_DEVICE_LINK,,
4716,000019c640032393,İKİZCE,DC1,Numarasız 16,0,active,unchanged,NO_DETERMINISTIC_DEVICE_LINK,,
4717,000019c640036022,İKİZCE,DC1,Numarasız 17,0,active,unchanged,NO_DETERMINISTIC_DEVICE_LINK,,
4718,000019c640032397,İKİZCE,DC1,Numarasız 18,0,active,unchanged,NO_DETERMINISTIC_DEVICE_LINK,,
4719,000019c640037125,İKİZCE,DC1,Numarasız 2,0,registered,unchanged,NO_DETERMINISTIC_DEVICE_LINK,,
4720,000019c640033111,İKİZCE,DC1,Numarasız 3,0,registered,unchanged,NO_DETERMINISTIC_DEVICE_LINK,,
4721,000019c640032807,İKİZCE,DC1,Numarasız 4,0,active,unchanged,NO_DETERMINISTIC_DEVICE_LINK,,
4722,000019c640032802,İKİZCE,DC1,Numarasız 5,0,registered,unchanged,NO_DETERMINISTIC_DEVICE_LINK,,
4723,000019c640037128,İKİZCE,DC1,Numarasız 6,0,registered,unchanged,NO_DETERMINISTIC_DEVICE_LINK,,
4724,000019c640036030,İKİZCE,DC1,Numarasız 7,0,active,unchanged,NO_DETERMINISTIC_DEVICE_LINK,,
4725,000019c640032396,İKİZCE,DC1,Numarasız 8,0,active,unchanged,NO_DETERMINISTIC_DEVICE_LINK,,
4726,000019c640036024,İKİZCE,DC1,Numarasız 9,0,registered,unchanged,NO_DETERMINISTIC_DEVICE_LINK,,
4727,000019c640042841,İKİZCE,DC1,Ortak Alan 1,0,registered,unchanged,NO_DETERMINISTIC_DEVICE_LINK,,
4728,000019c640047381,İKİZCE,DC1,Ortak Alan 2,0,registered,unchanged,NO_DETERMINISTIC_DEVICE_LINK,,
4729,000019c640047373,İKİZCE,DC1,Ortak Alan 3,0,registered,unchanged,NO_DETERMINISTIC_DEVICE_LINK,,
4730,000019c640032356,İKİZCE,DC1-1,Numarasız 1,0,registered,unchanged,NO_DETERMINISTIC_DEVICE_LINK,,
4731,000019c640032374,İKİZCE,DC1-1,Numarasız 10,0,active,unchanged,NO_DETERMINISTIC_DEVICE_LINK,,
4732,000019c640032371,İKİZCE,DC1-1,Numarasız 11,0,active,unchanged,NO_DETERMINISTIC_DEVICE_LINK,,
4733,000019c640032006,İKİZCE,DC1-1,Numarasız 12,0,active,unchanged,NO_DETERMINISTIC_DEVICE_LINK,,
4734,000019c640032001,İKİZCE,DC1-1,Numarasız 13,0,active,unchanged,NO_DETERMINISTIC_DEVICE_LINK,,
4735,000019c640032008,İKİZCE,DC1-1,Numarasız 14,0,active,unchanged,NO_DETERMINISTIC_DEVICE_LINK,,
4736,000019c640032377,İKİZCE,DC1-1,Numarasız 15,0,active,unchanged,NO_DETERMINISTIC_DEVICE_LINK,,
4737,000019c640032892,İKİZCE,DC1-1,Numarasız 16,0,active,unchanged,NO_DETERMINISTIC_DEVICE_LINK,,
4738,000019c640032002,İKİZCE,DC1-1,Numarasız 17,0,active,unchanged,NO_DETERMINISTIC_DEVICE_LINK,,
4739,000019c640032897,İKİZCE,DC1-1,Numarasız 18,0,active,unchanged,NO_DETERMINISTIC_DEVICE_LINK,,
4740,000019c640032810,İKİZCE,DC1-1,Numarasız 2,0,registered,unchanged,NO_DETERMINISTIC_DEVICE_LINK,,
4741,000019c640032363,İKİZCE,DC1-1,Numarasız 3,0,active,unchanged,NO_DETERMINISTIC_DEVICE_LINK,,
4742,000019c640032003,İKİZCE,DC1-1,Numarasız 4,0,active,unchanged,NO_DETERMINISTIC_DEVICE_LINK,,
4743,000019c640037121,İKİZCE,DC1-1,Numarasız 5,0,active,unchanged,NO_DETERMINISTIC_DEVICE_LINK,,
4744,000019c640032898,İKİZCE,DC1-1,Numarasız 6,0,active,unchanged,NO_DETERMINISTIC_DEVICE_LINK,,
4745,000019c640032382,İKİZCE,DC1-1,Numarasız 7,0,active,unchanged,NO_DETERMINISTIC_DEVICE_LINK,,
4746,000019c640037124,İKİZCE,DC1-1,Numarasız 8,0,active,unchanged,NO_DETERMINISTIC_DEVICE_LINK,,
4747,000019c640032009,İKİZCE,DC1-1,Numarasız 9,0,active,unchanged,NO_DETERMINISTIC_DEVICE_LINK,,
4748,000019c640042842,İKİZCE,DC1-1,Ortak Alan 1,0,registered,unchanged,NO_DETERMINISTIC_DEVICE_LINK,,
4749,000019c640047346,İKİZCE,DC1-1,Ortak Alan 2,0,registered,unchanged,NO_DETERMINISTIC_DEVICE_LINK,,
4750,000019c640044393,İKİZCE,DC1-1,Ortak Alan 3,0,registered,unchanged,NO_DETERMINISTIC_DEVICE_LINK,,
4751,000019c640033948,İKİZCE,DC1-2,Numarasız 1,0,registered,unchanged,NO_DETERMINISTIC_DEVICE_LINK,,
4752,000019c640033943,İKİZCE,DC1-2,Numarasız 10,0,active,unchanged,NO_DETERMINISTIC_DEVICE_LINK,,
4753,000019c640033945,İKİZCE,DC1-2,Numarasız 11,0,registered,unchanged,NO_DETERMINISTIC_DEVICE_LINK,,
4754,000019c640033941,İKİZCE,DC1-2,Numarasız 12,0,registered,unchanged,NO_DETERMINISTIC_DEVICE_LINK,,
4755,000019c640036459,İKİZCE,DC1-2,Numarasız 13,0,registered,unchanged,NO_DETERMINISTIC_DEVICE_LINK,,
4756,000019c640032590,İKİZCE,DC1-2,Numarasız 14,0,active,unchanged,NO_DETERMINISTIC_DEVICE_LINK,,
4757,000019c640032586,İKİZCE,DC1-2,Numarasız 15,0,active,unchanged,NO_DETERMINISTIC_DEVICE_LINK,,
4758,000019c640036458,İKİZCE,DC1-2,Numarasız 16,0,active,unchanged,NO_DETERMINISTIC_DEVICE_LINK,,
4759,000019c640032588,İKİZCE,DC1-2,Numarasız 17,0,active,unchanged,NO_DETERMINISTIC_DEVICE_LINK,,
4760,000019c640036451,İKİZCE,DC1-2,Numarasız 18,0,active,unchanged,NO_DETERMINISTIC_DEVICE_LINK,,
4761,000019c640033946,İKİZCE,DC1-2,Numarasız 2,0,registered,unchanged,NO_DETERMINISTIC_DEVICE_LINK,,
4762,000019c640033942,İKİZCE,DC1-2,Numarasız 3,0,registered,unchanged,NO_DETERMINISTIC_DEVICE_LINK,,
4763,000019c640032584,İKİZCE,DC1-2,Numarasız 4,0,active,unchanged,NO_DETERMINISTIC_DEVICE_LINK,,
4764,000019c640032581,İKİZCE,DC1-2,Numarasız 5,0,registered,unchanged,NO_DETERMINISTIC_DEVICE_LINK,,
4765,000019c640036452,İKİZCE,DC1-2,Numarasız 6,0,active,unchanged,NO_DETERMINISTIC_DEVICE_LINK,,
4766,000019c640036455,İKİZCE,DC1-2,Numarasız 7,0,active,unchanged,NO_DETERMINISTIC_DEVICE_LINK,,
4767,000019c640036456,İKİZCE,DC1-2,Numarasız 8,0,active,unchanged,NO_DETERMINISTIC_DEVICE_LINK,,
4768,000019c640033947,İKİZCE,DC1-2,Numarasız 9,0,registered,unchanged,NO_DETERMINISTIC_DEVICE_LINK,,
4769,000019c640038896,İKİZCE,DC1-2,Ortak Alan 1,0,registered,unchanged,NO_DETERMINISTIC_DEVICE_LINK,,
4770,000019c640043042,İKİZCE,DC1-2,Ortak Alan 2,0,registered,unchanged,NO_DETERMINISTIC_DEVICE_LINK,,
4771,000019c640018341,İKİZCE,DC2,Daire 1,0,registered,unchanged,NO_DETERMINISTIC_DEVICE_LINK,,
4772,000019c640018349,İKİZCE,DC2,Daire 10,0,registered,unchanged,NO_DETERMINISTIC_DEVICE_LINK,,
4773,000019c640013793,İKİZCE,DC2,Daire 11,0,registered,unchanged,NO_DETERMINISTIC_DEVICE_LINK,,
4774,000019c640016414,İKİZCE,DC2,Daire 12,0,registered,unchanged,NO_DETERMINISTIC_DEVICE_LINK,,
4775,000019c640013798,İKİZCE,DC2,Daire 13,0,registered,unchanged,NO_DETERMINISTIC_DEVICE_LINK,,
4776,000019c640016418,İKİZCE,DC2,Daire 14,0,registered,unchanged,NO_DETERMINISTIC_DEVICE_LINK,,
4777,000019c640013799,İKİZCE,DC2,Daire 15,0,active,unchanged,NO_DETERMINISTIC_DEVICE_LINK,,
4778,000019c640013796,İKİZCE,DC2,Daire 16,0,registered,unchanged,NO_DETERMINISTIC_DEVICE_LINK,,
4779,000019c640016415,İKİZCE,DC2,Daire 17,0,active,unchanged,NO_DETERMINISTIC_DEVICE_LINK,,
4780,000019c640013797,İKİZCE,DC2,Daire 18,0,registered,unchanged,NO_DETERMINISTIC_DEVICE_LINK,,
4781,000019c640013791,İKİZCE,DC2,Daire 19,0,registered,unchanged,NO_DETERMINISTIC_DEVICE_LINK,,
4782,000019c640018343,İKİZCE,DC2,Daire 2,0,registered,unchanged,NO_DETERMINISTIC_DEVICE_LINK,,
4783,000019c640013790,İKİZCE,DC2,Daire 20,0,registered,unchanged,NO_DETERMINISTIC_DEVICE_LINK,,
4784,000019c640017196,İKİZCE,DC2,Daire 3,0,registered,unchanged,NO_DETERMINISTIC_DEVICE_LINK,,
4785,000019c640016416,İKİZCE,DC2,Daire 4,0,registered,unchanged,NO_DETERMINISTIC_DEVICE_LINK,,
4786,000019c640013794,İKİZCE,DC2,Daire 5,0,registered,unchanged,NO_DETERMINISTIC_DEVICE_LINK,,
4787,000019c640016417,İKİZCE,DC2,Daire 6,0,registered,unchanged,NO_DETERMINISTIC_DEVICE_LINK,,
4788,000019c640013792,İKİZCE,DC2,Daire 7,0,registered,unchanged,NO_DETERMINISTIC_DEVICE_LINK,,
4789,000019c640017191,İKİZCE,DC2,Daire 8,0,registered,unchanged,NO_DETERMINISTIC_DEVICE_LINK,,
4790,000019c640013795,İKİZCE,DC2,Daire 9,0,registered,unchanged,NO_DETERMINISTIC_DEVICE_LINK,,
4791,000019c640011988,İKİZCE,DC2,Ortak Alan,0,registered,unchanged,NO_DETERMINISTIC_DEVICE_LINK,,
4792,000019c640032379,İKİZCE,DC2-1,Numarasız 1,0,registered,unchanged,NO_DETERMINISTIC_DEVICE_LINK,,
4793,000019c640032387,İKİZCE,DC2-1,Numarasız 10,0,registered,unchanged,NO_DETERMINISTIC_DEVICE_LINK,,
4794,000019c640032372,İKİZCE,DC2-1,Numarasız 11,0,active,unchanged,NO_DETERMINISTIC_DEVICE_LINK,,
4795,000019c640032381,İKİZCE,DC2-1,Numarasız 12,0,active,unchanged,NO_DETERMINISTIC_DEVICE_LINK,,
4796,000019c640032900,İKİZCE,DC2-1,Numarasız 13,0,active,unchanged,NO_DETERMINISTIC_DEVICE_LINK,,
4797,000019c640032314,İKİZCE,DC2-1,Numarasız 14,0,active,unchanged,NO_DETERMINISTIC_DEVICE_LINK,,
4798,000019c640032311,İKİZCE,DC2-1,Numarasız 15,0,active,unchanged,NO_DETERMINISTIC_DEVICE_LINK,,
4799,000019c640032385,İKİZCE,DC2-1,Numarasız 16,0,active,unchanged,NO_DETERMINISTIC_DEVICE_LINK,,
4800,000019c640032004,İKİZCE,DC2-1,Numarasız 17,0,active,unchanged,NO_DETERMINISTIC_DEVICE_LINK,,
4801,000019c640032383,İKİZCE,DC2-1,Numarasız 18,0,active,unchanged,NO_DETERMINISTIC_DEVICE_LINK,,
4802,000019c640032007,İKİZCE,DC2-1,Numarasız 2,0,registered,unchanged,NO_DETERMINISTIC_DEVICE_LINK,,
4803,000019c640032891,İKİZCE,DC2-1,Numarasız 3,0,registered,unchanged,NO_DETERMINISTIC_DEVICE_LINK,,
4804,000019c640032896,İKİZCE,DC2-1,Numarasız 4,0,active,unchanged,NO_DETERMINISTIC_DEVICE_LINK,,
4805,000019c640032010,İKİZCE,DC2-1,Numarasız 5,0,active,unchanged,NO_DETERMINISTIC_DEVICE_LINK,,
4806,000019c640032895,İKİZCE,DC2-1,Numarasız 6,0,active,unchanged,NO_DETERMINISTIC_DEVICE_LINK,,
4807,000019c640032386,İKİZCE,DC2-1,Numarasız 7,0,active,unchanged,NO_DETERMINISTIC_DEVICE_LINK,,
4808,000019c640032316,İKİZCE,DC2-1,Numarasız 8,0,registered,unchanged,NO_DETERMINISTIC_DEVICE_LINK,,
4809,000019c640032375,İKİZCE,DC2-1,Numarasız 9,0,active,unchanged,NO_DETERMINISTIC_DEVICE_LINK,,
4810,000019c640043005,İKİZCE,DC2-1,Ortak Alan 1,0,registered,unchanged,NO_DETERMINISTIC_DEVICE_LINK,,
4811,000019c640044394,İKİZCE,DC2-1,Ortak Alan 2,0,registered,unchanged,NO_DETERMINISTIC_DEVICE_LINK,,
4812,000019c640033747,İKİZCE,DC2-2,Numarasız 1,0,registered,unchanged,NO_DETERMINISTIC_DEVICE_LINK,,
4813,000019c640033444,İKİZCE,DC2-2,Numarasız 10,0,active,unchanged,NO_DETERMINISTIC_DEVICE_LINK,,
4814,000019c640033429,İKİZCE,DC2-2,Numarasız 11,0,active,unchanged,NO_DETERMINISTIC_DEVICE_LINK,,
4815,000019c640033433,İKİZCE,DC2-2,Numarasız 12,0,active,unchanged,NO_DETERMINISTIC_DEVICE_LINK,,
4816,000019c640033430,İKİZCE,DC2-2,Numarasız 13,0,registered,unchanged,NO_DETERMINISTIC_DEVICE_LINK,,
4817,000019c640033445,İKİZCE,DC2-2,Numarasız 14,0,registered,unchanged,NO_DETERMINISTIC_DEVICE_LINK,,
4818,000019c640033422,İKİZCE,DC2-2,Numarasız 15,0,active,unchanged,NO_DETERMINISTIC_DEVICE_LINK,,
4819,000019c640033437,İKİZCE,DC2-2,Numarasız 16,0,active,unchanged,NO_DETERMINISTIC_DEVICE_LINK,,
4820,000019c640033442,İKİZCE,DC2-2,Numarasız 17,0,active,unchanged,NO_DETERMINISTIC_DEVICE_LINK,,
4821,000019c640033421,İKİZCE,DC2-2,Numarasız 18,0,active,unchanged,NO_DETERMINISTIC_DEVICE_LINK,,
4822,000019c640033447,İKİZCE,DC2-2,Numarasız 2,0,active,unchanged,NO_DETERMINISTIC_DEVICE_LINK,,
4823,000019c640033448,İKİZCE,DC2-2,Numarasız 3,0,registered,unchanged,NO_DETERMINISTIC_DEVICE_LINK,,
4824,000019c640033731,İKİZCE,DC2-2,Numarasız 4,0,active,unchanged,NO_DETERMINISTIC_DEVICE_LINK,,
4825,000019c640033424,İKİZCE,DC2-2,Numarasız 5,0,registered,unchanged,NO_DETERMINISTIC_DEVICE_LINK,,
4826,000019c640033427,İKİZCE,DC2-2,Numarasız 6,0,registered,unchanged,NO_DETERMINISTIC_DEVICE_LINK,,
4827,000019c640033426,İKİZCE,DC2-2,Numarasız 7,0,registered,unchanged,NO_DETERMINISTIC_DEVICE_LINK,,
4828,000019c640033734,İKİZCE,DC2-2,Numarasız 8,0,registered,unchanged,NO_DETERMINISTIC_DEVICE_LINK,,
4829,000019c640033428,İKİZCE,DC2-2,Numarasız 9,0,registered,unchanged,NO_DETERMINISTIC_DEVICE_LINK,,
4830,000019c640044397,İKİZCE,DC2-2,Ortak Alan 1,0,registered,unchanged,NO_DETERMINISTIC_DEVICE_LINK,,
4831,000019c640038899,İKİZCE,DC2-2,Ortak Alan 2,0,registered,unchanged,NO_DETERMINISTIC_DEVICE_LINK,,
4832,000019c640021438,İKİZCE,DC3,Daire 1,0,registered,unchanged,NO_DETERMINISTIC_DEVICE_LINK,,
4833,000019c640018330,İKİZCE,DC3,Daire 10,0,registered,unchanged,NO_DETERMINISTIC_DEVICE_LINK,,
4834,000019c640014096,İKİZCE,DC3,Daire 11,0,active,unchanged,NO_DETERMINISTIC_DEVICE_LINK,,
4835,000019c640017048,İKİZCE,DC3,Daire 12,0,registered,unchanged,NO_DETERMINISTIC_DEVICE_LINK,,
4836,000019c640017179,İKİZCE,DC3,Daire 13,0,registered,unchanged,NO_DETERMINISTIC_DEVICE_LINK,,
4837,000019c640020595,İKİZCE,DC3,Daire 14,0,active,unchanged,NO_DETERMINISTIC_DEVICE_LINK,,
4838,000019c640017049,İKİZCE,DC3,Daire 15,0,active,unchanged,NO_DETERMINISTIC_DEVICE_LINK,,
4839,000019c640021435,İKİZCE,DC3,Daire 16,0,registered,unchanged,NO_DETERMINISTIC_DEVICE_LINK,,
4840,000019c640020535,İKİZCE,DC3,Daire 17,0,active,unchanged,NO_DETERMINISTIC_DEVICE_LINK,,
4841,000019c640017177,İKİZCE,DC3,Daire 18,0,active,unchanged,NO_DETERMINISTIC_DEVICE_LINK,,
4842,000019c640020592,İKİZCE,DC3,Daire 19,0,registered,unchanged,NO_DETERMINISTIC_DEVICE_LINK,,
4843,000019c640020505,İKİZCE,DC3,Daire 2,0,active,unchanged,NO_DETERMINISTIC_DEVICE_LINK,,
4844,000019c640017023,İKİZCE,DC3,Daire 20,0,registered,unchanged,NO_DETERMINISTIC_DEVICE_LINK,,
4845,000019c640017044,İKİZCE,DC3,Daire 3,0,active,unchanged,NO_DETERMINISTIC_DEVICE_LINK,,
4846,000019c640020514,İKİZCE,DC3,Daire 4,0,registered,unchanged,NO_DETERMINISTIC_DEVICE_LINK,,
4847,000019c640018335,İKİZCE,DC3,Daire 5,0,registered,unchanged,NO_DETERMINISTIC_DEVICE_LINK,,
4848,000019c640021472,İKİZCE,DC3,Daire 6,0,registered,unchanged,NO_DETERMINISTIC_DEVICE_LINK,,
4849,000019c640017028,İKİZCE,DC3,Daire 7,0,registered,unchanged,NO_DETERMINISTIC_DEVICE_LINK,,
4850,000019c640018332,İKİZCE,DC3,Daire 8,0,registered,unchanged,NO_DETERMINISTIC_DEVICE_LINK,,
4851,000019c640020503,İKİZCE,DC3,Daire 9,0,active,unchanged,NO_DETERMINISTIC_DEVICE_LINK,,
4852,000019c640036259,İKİZCE,DC3,Numarasız 1,0,active,unchanged,NO_DETERMINISTIC_DEVICE_LINK,,
4853,000019c640033914,İKİZCE,DC3,Numarasız 10,0,active,unchanged,NO_DETERMINISTIC_DEVICE_LINK,,
4854,000019c640033431,İKİZCE,DC3,Numarasız 11,0,active,unchanged,NO_DETERMINISTIC_DEVICE_LINK,,
4855,000019c640033739,İKİZCE,DC3,Numarasız 12,0,active,unchanged,NO_DETERMINISTIC_DEVICE_LINK,,
4856,000019c640033754,İKİZCE,DC3,Numarasız 13,0,active,unchanged,NO_DETERMINISTIC_DEVICE_LINK,,
4857,000019c640033438,İKİZCE,DC3,Numarasız 14,0,active,unchanged,NO_DETERMINISTIC_DEVICE_LINK,,
4858,000019c640033780,İKİZCE,DC3,Numarasız 15,0,active,unchanged,NO_DETERMINISTIC_DEVICE_LINK,,
4859,000019c640033751,İKİZCE,DC3,Numarasız 16,0,active,unchanged,NO_DETERMINISTIC_DEVICE_LINK,,
4860,000019c640033756,İKİZCE,DC3,Numarasız 17,0,active,unchanged,NO_DETERMINISTIC_DEVICE_LINK,,
4861,000019c640033425,İKİZCE,DC3,Numarasız 18,0,active,unchanged,NO_DETERMINISTIC_DEVICE_LINK,,
4862,000019c640036408,İKİZCE,DC3,Numarasız 2,0,registered,unchanged,NO_DETERMINISTIC_DEVICE_LINK,,
4863,000019c640036407,İKİZCE,DC3,Numarasız 3,0,registered,unchanged,NO_DETERMINISTIC_DEVICE_LINK,,
4864,000019c640033912,İKİZCE,DC3,Numarasız 4,0,active,unchanged,NO_DETERMINISTIC_DEVICE_LINK,,
4865,000019c640036404,İKİZCE,DC3,Numarasız 5,0,active,unchanged,NO_DETERMINISTIC_DEVICE_LINK,,
4866,000019c640036403,İKİZCE,DC3,Numarasız 6,0,active,unchanged,NO_DETERMINISTIC_DEVICE_LINK,,
4867,000019c640033733,İKİZCE,DC3,Numarasız 7,0,active,unchanged,NO_DETERMINISTIC_DEVICE_LINK,,
4868,000019c640033450,İKİZCE,DC3,Numarasız 8,0,active,unchanged,NO_DETERMINISTIC_DEVICE_LINK,,
4869,000019c640033911,İKİZCE,DC3,Numarasız 9,0,active,unchanged,NO_DETERMINISTIC_DEVICE_LINK,,
4870,000019c640022297,İKİZCE,DC3,Ortak Alan,0,registered,unchanged,NO_DETERMINISTIC_DEVICE_LINK,,
4871,000019c640042823,İKİZCE,DC3,Ortak Alan 1,0,registered,unchanged,NO_DETERMINISTIC_DEVICE_LINK,,
4872,000019c640044406,İKİZCE,DC3,Ortak Alan 2,0,registered,unchanged,NO_DETERMINISTIC_DEVICE_LINK,,
4873,000019c640046311,İKİZCE,DC3,Ortak Alan 3,0,registered,unchanged,NO_DETERMINISTIC_DEVICE_LINK,,
4874,000019c640034584,İKİZCE,DC3-1,Numarasız 1,0,registered,unchanged,NO_DETERMINISTIC_DEVICE_LINK,,
4875,000019c640034560,İKİZCE,DC3-1,Numarasız 10,0,active,unchanged,NO_DETERMINISTIC_DEVICE_LINK,,
4876,000019c640032313,İKİZCE,DC3-1,Numarasız 11,0,registered,unchanged,NO_DETERMINISTIC_DEVICE_LINK,,
4877,000019c640032380,İKİZCE,DC3-1,Numarasız 12,0,active,unchanged,NO_DETERMINISTIC_DEVICE_LINK,,
4878,000019c640032005,İKİZCE,DC3-1,Numarasız 13,0,active,unchanged,NO_DETERMINISTIC_DEVICE_LINK,,
4879,000019c640032315,İKİZCE,DC3-1,Numarasız 14,0,active,unchanged,NO_DETERMINISTIC_DEVICE_LINK,,
4880,000019c640032899,İKİZCE,DC3-1,Numarasız 15,0,active,unchanged,NO_DETERMINISTIC_DEVICE_LINK,,
4881,000019c640032894,İKİZCE,DC3-1,Numarasız 16,0,active,unchanged,NO_DETERMINISTIC_DEVICE_LINK,,
4882,000019c640032378,İKİZCE,DC3-1,Numarasız 17,0,active,unchanged,NO_DETERMINISTIC_DEVICE_LINK,,
4883,000019c640032373,İKİZCE,DC3-1,Numarasız 18,0,active,unchanged,NO_DETERMINISTIC_DEVICE_LINK,,
4884,000019c640032881,İKİZCE,DC3-1,Numarasız 2,0,registered,unchanged,NO_DETERMINISTIC_DEVICE_LINK,,
4885,000019c640034556,İKİZCE,DC3-1,Numarasız 3,0,registered,unchanged,NO_DETERMINISTIC_DEVICE_LINK,,
4886,000019c640033742,İKİZCE,DC3-1,Numarasız 4,0,registered,unchanged,NO_DETERMINISTIC_DEVICE_LINK,,
4887,000019c640034590,İKİZCE,DC3-1,Numarasız 5,0,active,unchanged,NO_DETERMINISTIC_DEVICE_LINK,,
4888,000019c640034559,İKİZCE,DC3-1,Numarasız 6,0,active,unchanged,NO_DETERMINISTIC_DEVICE_LINK,,
4889,000019c640032303,İKİZCE,DC3-1,Numarasız 7,0,registered,unchanged,NO_DETERMINISTIC_DEVICE_LINK,,
4890,000019c640033749,İKİZCE,DC3-1,Numarasız 8,0,registered,unchanged,NO_DETERMINISTIC_DEVICE_LINK,,
4891,000019c640033744,İKİZCE,DC3-1,Numarasız 9,0,active,unchanged,NO_DETERMINISTIC_DEVICE_LINK,,
4892,000019c640043003,İKİZCE,DC3-1,Ortak Alan 1,0,registered,unchanged,NO_DETERMINISTIC_DEVICE_LINK,,
4893,000019c640046214,İKİZCE,DC3-1,Ortak Alan 2,0,registered,unchanged,NO_DETERMINISTIC_DEVICE_LINK,,
4894,000019c640018351,İKİZCE,DC4,Daire 1,0,registered,unchanged,NO_DETERMINISTIC_DEVICE_LINK,,
4895,000019c640018339,İKİZCE,DC4,Daire 10,0,registered,unchanged,NO_DETERMINISTIC_DEVICE_LINK,,
4896,000019c640021474,İKİZCE,DC4,Daire 11,0,registered,unchanged,NO_DETERMINISTIC_DEVICE_LINK,,
4897,000019c640020508,İKİZCE,DC4,Daire 12,0,registered,unchanged,NO_DETERMINISTIC_DEVICE_LINK,,
4898,000019c640017046,İKİZCE,DC4,Daire 13,0,registered,unchanged,NO_DETERMINISTIC_DEVICE_LINK,,
4899,000019c640020520,İKİZCE,DC4,Daire 14,0,registered,unchanged,NO_DETERMINISTIC_DEVICE_LINK,,
4900,000019c640017022,İKİZCE,DC4,Daire 15,0,registered,unchanged,NO_DETERMINISTIC_DEVICE_LINK,,
4901,000019c640020534,İKİZCE,DC4,Daire 16,0,registered,unchanged,NO_DETERMINISTIC_DEVICE_LINK,,
4902,000019c640020516,İKİZCE,DC4,Daire 17,0,registered,unchanged,NO_DETERMINISTIC_DEVICE_LINK,,
4903,000019c640017173,İKİZCE,DC4,Daire 18,0,registered,unchanged,NO_DETERMINISTIC_DEVICE_LINK,,
4904,000019c640017040,İKİZCE,DC4,Daire 19,0,registered,unchanged,NO_DETERMINISTIC_DEVICE_LINK,,
4905,000019c640018333,İKİZCE,DC4,Daire 2,0,registered,unchanged,NO_DETERMINISTIC_DEVICE_LINK,,
4906,000019c640017029,İKİZCE,DC4,Daire 20,0,registered,unchanged,NO_DETERMINISTIC_DEVICE_LINK,,
4907,000019c640017043,İKİZCE,DC4,Daire 3,0,registered,unchanged,NO_DETERMINISTIC_DEVICE_LINK,,
4908,000019c640017042,İKİZCE,DC4,Daire 4,0,registered,unchanged,NO_DETERMINISTIC_DEVICE_LINK,,
4909,000019c640020512,İKİZCE,DC4,Daire 5,0,registered,unchanged,NO_DETERMINISTIC_DEVICE_LINK,,
4910,000019c640021434,İKİZCE,DC4,Daire 6,0,registered,unchanged,NO_DETERMINISTIC_DEVICE_LINK,,
4911,000019c640020513,İKİZCE,DC4,Daire 7,0,registered,unchanged,NO_DETERMINISTIC_DEVICE_LINK,,
4912,000019c640020517,İKİZCE,DC4,Daire 8,0,registered,unchanged,NO_DETERMINISTIC_DEVICE_LINK,,
4913,000019c640017175,İKİZCE,DC4,Daire 9,0,registered,unchanged,NO_DETERMINISTIC_DEVICE_LINK,,
4914,000019c640032566,İKİZCE,DC4,Numarasız 1,0,registered,unchanged,NO_DETERMINISTIC_DEVICE_LINK,,
4915,000019c640033732,İKİZCE,DC4,Numarasız 10,0,active,unchanged,NO_DETERMINISTIC_DEVICE_LINK,,
4916,000019c640032562,İKİZCE,DC4,Numarasız 11,0,active,unchanged,NO_DETERMINISTIC_DEVICE_LINK,,
4917,000019c640032569,İKİZCE,DC4,Numarasız 12,0,active,unchanged,NO_DETERMINISTIC_DEVICE_LINK,,
4918,000019c640033408,İKİZCE,DC4,Numarasız 13,0,active,unchanged,NO_DETERMINISTIC_DEVICE_LINK,,
4919,000019c640033409,İKİZCE,DC4,Numarasız 14,0,active,unchanged,NO_DETERMINISTIC_DEVICE_LINK,,
4920,000019c640033403,İKİZCE,DC4,Numarasız 15,0,active,unchanged,NO_DETERMINISTIC_DEVICE_LINK,,
4921,000019c640032561,İKİZCE,DC4,Numarasız 16,0,active,unchanged,NO_DETERMINISTIC_DEVICE_LINK,,
4922,000019c640033406,İKİZCE,DC4,Numarasız 17,0,active,unchanged,NO_DETERMINISTIC_DEVICE_LINK,,
4923,000019c640033402,İKİZCE,DC4,Numarasız 18,0,active,unchanged,NO_DETERMINISTIC_DEVICE_LINK,,
4924,000019c640033759,İKİZCE,DC4,Numarasız 2,0,active,unchanged,NO_DETERMINISTIC_DEVICE_LINK,,
4925,000019c640033435,İKİZCE,DC4,Numarasız 3,0,registered,unchanged,NO_DETERMINISTIC_DEVICE_LINK,,
4926,000019c640032564,İKİZCE,DC4,Numarasız 4,0,registered,unchanged,NO_DETERMINISTIC_DEVICE_LINK,,
4927,000019c640033752,İKİZCE,DC4,Numarasız 5,0,active,unchanged,NO_DETERMINISTIC_DEVICE_LINK,,
4928,000019c640033443,İKİZCE,DC4,Numarasız 6,0,active,unchanged,NO_DETERMINISTIC_DEVICE_LINK,,
4929,000019c640032567,İKİZCE,DC4,Numarasız 7,0,registered,unchanged,NO_DETERMINISTIC_DEVICE_LINK,,
4930,000019c640033436,İKİZCE,DC4,Numarasız 8,0,registered,unchanged,NO_DETERMINISTIC_DEVICE_LINK,,
4931,000019c640033434,İKİZCE,DC4,Numarasız 9,0,registered,unchanged,NO_DETERMINISTIC_DEVICE_LINK,,
4932,000019c640044363,İKİZCE,DC4,Ortak Alan,0,registered,unchanged,NO_DETERMINISTIC_DEVICE_LINK,,
4933,000019c640022296,İKİZCE,DC4,Ortak Alan,0,registered,unchanged,NO_DETERMINISTIC_DEVICE_LINK,,
4934,000019c640042821,İKİZCE,DC4,Ortak alan 2,0,registered,unchanged,NO_DETERMINISTIC_DEVICE_LINK,,
4935,000019c640011990,İKİZCE,DC4,Ortakalan2,0,registered,unchanged,NO_DETERMINISTIC_DEVICE_LINK,,
4936,000019c640032592,İKİZCE,DC5,Numarasız 10,0,registered,unchanged,NO_DETERMINISTIC_DEVICE_LINK,,
4937,000019c640032587,İKİZCE,DC5,Numarasız 11,0,active,unchanged,NO_DETERMINISTIC_DEVICE_LINK,,
4938,000019c640032589,İKİZCE,DC5,Numarasız 12,0,registered,unchanged,NO_DETERMINISTIC_DEVICE_LINK,,
4939,000019c640036260,İKİZCE,DC5,Numarasız 13,0,registered,unchanged,NO_DETERMINISTIC_DEVICE_LINK,,
4940,000019c640032599,İKİZCE,DC5,Numarasız 14,0,registered,unchanged,NO_DETERMINISTIC_DEVICE_LINK,,
4941,000019c640036251,İKİZCE,DC5,Numarasız 15,0,active,unchanged,NO_DETERMINISTIC_DEVICE_LINK,,
4942,000019c640036252,İKİZCE,DC5,Numarasız 16,0,registered,unchanged,NO_DETERMINISTIC_DEVICE_LINK,,
4943,000019c640036253,İKİZCE,DC5,Numarasız 17,0,active,unchanged,NO_DETERMINISTIC_DEVICE_LINK,,
4944,000019c640036257,İKİZCE,DC5,Numarasız 18,0,active,unchanged,NO_DETERMINISTIC_DEVICE_LINK,,
4945,000019c640032594,İKİZCE,DC5,Numarasız 2,0,registered,unchanged,NO_DETERMINISTIC_DEVICE_LINK,,
4946,000019c640032593,İKİZCE,DC5,Numarasız 3,0,registered,unchanged,NO_DETERMINISTIC_DEVICE_LINK,,
4947,000019c640036255,İKİZCE,DC5,Numarasız 4,0,registered,unchanged,NO_DETERMINISTIC_DEVICE_LINK,,
4948,000019c640036258,İKİZCE,DC5,Numarasız 5,0,registered,unchanged,NO_DETERMINISTIC_DEVICE_LINK,,
4949,000019c640032596,İKİZCE,DC5,Numarasız 6,0,active,unchanged,NO_DETERMINISTIC_DEVICE_LINK,,
4950,000019c640032585,İKİZCE,DC5,Numarasız 7,0,active,unchanged,NO_DETERMINISTIC_DEVICE_LINK,,
4951,000019c640032582,İKİZCE,DC5,Numarasız 8,0,active,unchanged,NO_DETERMINISTIC_DEVICE_LINK,,
4952,000019c640036254,İKİZCE,DC5,Numarasız 9,0,registered,unchanged,NO_DETERMINISTIC_DEVICE_LINK,,
4953,000019c640043043,İKİZCE,DC5,Ortak Alan 1,0,registered,unchanged,NO_DETERMINISTIC_DEVICE_LINK,,
4954,000019c640044362,İKİZCE,DC5,Ortak Alan 2,0,registered,unchanged,NO_DETERMINISTIC_DEVICE_LINK,,
4955,000019c640033401,İKİZCE,DC6,Numarasız 1,0,registered,unchanged,NO_DETERMINISTIC_DEVICE_LINK,,
4956,000019c640032598,İKİZCE,DC6,Numarasız 10,0,registered,unchanged,NO_DETERMINISTIC_DEVICE_LINK,,
4957,000019c640033953,İKİZCE,DC6,Numarasız 11,0,active,unchanged,NO_DETERMINISTIC_DEVICE_LINK,,
4958,000019c640032600,İKİZCE,DC6,Numarasız 12,0,active,unchanged,NO_DETERMINISTIC_DEVICE_LINK,,
4959,000019c640033958,İKİZCE,DC6,Numarasız 13,0,active,unchanged,NO_DETERMINISTIC_DEVICE_LINK,,
4960,000019c640033952,İKİZCE,DC6,Numarasız 14,0,active,unchanged,NO_DETERMINISTIC_DEVICE_LINK,,
4961,000019c640033736,İKİZCE,DC6,Numarasız 15,0,active,unchanged,NO_DETERMINISTIC_DEVICE_LINK,,
4962,000019c640033758,İKİZCE,DC6,Numarasız 16,0,active,unchanged,NO_DETERMINISTIC_DEVICE_LINK,,
4963,000019c640032555,İKİZCE,DC6,Numarasız 17,0,active,unchanged,NO_DETERMINISTIC_DEVICE_LINK,,
4964,000019c640032552,İKİZCE,DC6,Numarasız 18,0,active,unchanged,NO_DETERMINISTIC_DEVICE_LINK,,
4965,000019c640033404,İKİZCE,DC6,Numarasız 2,0,active,unchanged,NO_DETERMINISTIC_DEVICE_LINK,,
4966,000019c640032568,İKİZCE,DC6,Numarasız 3,0,active,unchanged,NO_DETERMINISTIC_DEVICE_LINK,,
4967,000019c640033755,İKİZCE,DC6,Numarasız 4,0,active,unchanged,NO_DETERMINISTIC_DEVICE_LINK,,
4968,000019c640032570,İKİZCE,DC6,Numarasız 5,0,active,unchanged,NO_DETERMINISTIC_DEVICE_LINK,,
4969,000019c640033407,İKİZCE,DC6,Numarasız 6,0,active,unchanged,NO_DETERMINISTIC_DEVICE_LINK,,
4970,000019c640033449,İKİZCE,DC6,Numarasız 7,0,active,unchanged,NO_DETERMINISTIC_DEVICE_LINK,,
4971,000019c640033405,İKİZCE,DC6,Numarasız 8,0,active,unchanged,NO_DETERMINISTIC_DEVICE_LINK,,
4972,000019c640036256,İKİZCE,DC6,Numarasız 9,0,active,unchanged,NO_DETERMINISTIC_DEVICE_LINK,,
4973,000019c640042825,İKİZCE,DC6,Ortak Alan 1,0,registered,unchanged,NO_DETERMINISTIC_DEVICE_LINK,,
4974,000019c640044364,İKİZCE,DC6,Ortak Alan 2,0,registered,unchanged,NO_DETERMINISTIC_DEVICE_LINK,,
4975,000019c640033446,İKİZCE,DC7,Numarasız 1,0,active,unchanged,NO_DETERMINISTIC_DEVICE_LINK,,
4976,000019c640033735,İKİZCE,DC7,Numarasız 10,0,active,unchanged,NO_DETERMINISTIC_DEVICE_LINK,,
4977,000019c640033439,İKİZCE,DC7,Numarasız 11,0,active,unchanged,NO_DETERMINISTIC_DEVICE_LINK,,
4978,000019c640033760,İKİZCE,DC7,Numarasız 12,0,active,unchanged,NO_DETERMINISTIC_DEVICE_LINK,,
4979,000019c640033432,İKİZCE,DC7,Numarasız 13,0,active,unchanged,NO_DETERMINISTIC_DEVICE_LINK,,
4980,000019c640033771,İKİZCE,DC7,Numarasız 14,0,active,unchanged,NO_DETERMINISTIC_DEVICE_LINK,,
4981,000019c640033753,İKİZCE,DC7,Numarasız 15,0,active,unchanged,NO_DETERMINISTIC_DEVICE_LINK,,
4982,000019c640033410,İKİZCE,DC7,Numarasız 16,0,active,unchanged,NO_DETERMINISTIC_DEVICE_LINK,,
4983,000019c640033957,İKİZCE,DC7,Numarasız 17,0,active,unchanged,NO_DETERMINISTIC_DEVICE_LINK,,
4984,000019c640033737,İKİZCE,DC7,Numarasız 18,0,active,unchanged,NO_DETERMINISTIC_DEVICE_LINK,,
4985,000019c640033772,İKİZCE,DC7,Numarasız 2,0,active,unchanged,NO_DETERMINISTIC_DEVICE_LINK,,
4986,000019c640033757,İKİZCE,DC7,Numarasız 3,0,active,unchanged,NO_DETERMINISTIC_DEVICE_LINK,,
4987,000019c640032565,İKİZCE,DC7,Numarasız 4,0,active,unchanged,NO_DETERMINISTIC_DEVICE_LINK,,
4988,000019c640032563,İKİZCE,DC7,Numarasız 5,0,registered,unchanged,NO_DETERMINISTIC_DEVICE_LINK,,
4989,000019c640033440,İKİZCE,DC7,Numarasız 6,0,registered,unchanged,NO_DETERMINISTIC_DEVICE_LINK,,
4990,000019c640033740,İKİZCE,DC7,Numarasız 7,0,active,unchanged,NO_DETERMINISTIC_DEVICE_LINK,,
4991,000019c640033441,İKİZCE,DC7,Numarasız 8,0,active,unchanged,NO_DETERMINISTIC_DEVICE_LINK,,
4992,000019c640033738,İKİZCE,DC7,Numarasız 9,0,active,unchanged,NO_DETERMINISTIC_DEVICE_LINK,,
4993,000019c640046239,İKİZCE,DC7,Ortak sayac,0,registered,unchanged,NO_DETERMINISTIC_DEVICE_LINK,,
4994,000019c640044381,İKİZCE,DC7,Ortak sayac,0,registered,unchanged,NO_DETERMINISTIC_DEVICE_LINK,,
4995,000019c640036447,İKİZCE,DC8,Numarasız 1,0,active,unchanged,NO_DETERMINISTIC_DEVICE_LINK,,
4996,000019c640036454,İKİZCE,DC8,Numarasız 10,0,active,unchanged,NO_DETERMINISTIC_DEVICE_LINK,,
4997,000019c640033951,İKİZCE,DC8,Numarasız 11,0,active,unchanged,NO_DETERMINISTIC_DEVICE_LINK,,
4998,000019c640036441,İKİZCE,DC8,Numarasız 12,0,active,unchanged,NO_DETERMINISTIC_DEVICE_LINK,,
4999,000019c640033960,İKİZCE,DC8,Numarasız 13,0,active,unchanged,NO_DETERMINISTIC_DEVICE_LINK,,
5000,000019c640033956,İKİZCE,DC8,Numarasız 14,0,active,unchanged,NO_DETERMINISTIC_DEVICE_LINK,,
5001,000019c640033955,İKİZCE,DC8,Numarasız 15,0,active,unchanged,NO_DETERMINISTIC_DEVICE_LINK,,
5002,000019c640033423,İKİZCE,DC8,Numarasız 16,0,active,unchanged,NO_DETERMINISTIC_DEVICE_LINK,,
5003,000019c640036443,İKİZCE,DC8,Numarasız 17,0,active,unchanged,NO_DETERMINISTIC_DEVICE_LINK,,
5004,000019c640036460,İKİZCE,DC8,Numarasız 18,0,active,unchanged,NO_DETERMINISTIC_DEVICE_LINK,,
5005,000019c640033954,İKİZCE,DC8,Numarasız 2,0,registered,unchanged,NO_DETERMINISTIC_DEVICE_LINK,,
5006,000019c640036457,İKİZCE,DC8,Numarasız 3,0,active,unchanged,NO_DETERMINISTIC_DEVICE_LINK,,
5007,000019c640036444,İKİZCE,DC8,Numarasız 4,0,registered,unchanged,NO_DETERMINISTIC_DEVICE_LINK,,
5008,000019c640036445,İKİZCE,DC8,Numarasız 5,0,active,unchanged,NO_DETERMINISTIC_DEVICE_LINK,,
5009,000019c640036448,İKİZCE,DC8,Numarasız 6,0,active,unchanged,NO_DETERMINISTIC_DEVICE_LINK,,
5010,000019c640033959,İKİZCE,DC8,Numarasız 7,0,active,unchanged,NO_DETERMINISTIC_DEVICE_LINK,,
5011,000019c640036453,İKİZCE,DC8,Numarasız 8,0,registered,unchanged,NO_DETERMINISTIC_DEVICE_LINK,,
5012,000019c640036450,İKİZCE,DC8,Numarasız 9,0,active,unchanged,NO_DETERMINISTIC_DEVICE_LINK,,
5013,000019c640038900,İKİZCE,DC8,Ortak Alan 1,0,active,unchanged,NO_DETERMINISTIC_DEVICE_LINK,,
5014,000019c612345678,İKİZCE,Deneme bloğu,Messi,0,active,skip,TEST_OR_SUSPICIOUS_RECORD,,
5015,000019c640003953,İKİZCE,E1,Daire 1,0,registered,unchanged,NO_DETERMINISTIC_DEVICE_LINK,,
5016,000019c640018623,İKİZCE,E1,Daire 1,0,registered,unchanged,NO_DETERMINISTIC_DEVICE_LINK,,
5017,000019c640002774,İKİZCE,E1,Daire 10,0,registered,unchanged,NO_DETERMINISTIC_DEVICE_LINK,,
5018,000019c640015206,İKİZCE,E1,Daire 10,0,registered,unchanged,NO_DETERMINISTIC_DEVICE_LINK,,
5019,000019c640002773,İKİZCE,E1,Daire 11,0,active,unchanged,NO_DETERMINISTIC_DEVICE_LINK,,
5020,000019c640018781,İKİZCE,E1,Daire 11,0,registered,unchanged,NO_DETERMINISTIC_DEVICE_LINK,,
5021,000019c640001672,İKİZCE,E1,Daire 12,0,registered,unchanged,NO_DETERMINISTIC_DEVICE_LINK,,
5022,000019c640018628,İKİZCE,E1,Daire 12,0,registered,unchanged,NO_DETERMINISTIC_DEVICE_LINK,,
5023,000019c640001255,İKİZCE,E1,Daire 13,0,registered,unchanged,NO_DETERMINISTIC_DEVICE_LINK,,
5024,000019c640021912,İKİZCE,E1,Daire 13,0,registered,unchanged,NO_DETERMINISTIC_DEVICE_LINK,,
5025,000019c640000831,İKİZCE,E1,Daire 14,0,active,unchanged,NO_DETERMINISTIC_DEVICE_LINK,,
5026,000019c640018537,İKİZCE,E1,Daire 14,0,registered,unchanged,NO_DETERMINISTIC_DEVICE_LINK,,
5027,000019c640002780,İKİZCE,E1,Daire 15,0,registered,unchanged,NO_DETERMINISTIC_DEVICE_LINK,,
5028,000019c640021914,İKİZCE,E1,Daire 15,0,registered,unchanged,NO_DETERMINISTIC_DEVICE_LINK,,
5029,000019c640000833,İKİZCE,E1,Daire 16,0,registered,unchanged,NO_DETERMINISTIC_DEVICE_LINK,,
5030,000019c640018532,İKİZCE,E1,Daire 16,0,registered,unchanged,NO_DETERMINISTIC_DEVICE_LINK,,
5031,000019c640001878,İKİZCE,E1,Daire 17,0,active,unchanged,NO_DETERMINISTIC_DEVICE_LINK,,
5032,000019c640018625,İKİZCE,E1,Daire 17,0,active,unchanged,NO_DETERMINISTIC_DEVICE_LINK,,
5033,000019c640001905,İKİZCE,E1,Daire 18,0,active,unchanged,NO_DETERMINISTIC_DEVICE_LINK,,
5034,000019c640018783,İKİZCE,E1,Daire 18,0,registered,unchanged,NO_DETERMINISTIC_DEVICE_LINK,,
5035,000019c640001910,İKİZCE,E1,Daire 19,0,active,unchanged,NO_DETERMINISTIC_DEVICE_LINK,,
5036,000019c640012607,İKİZCE,E1,Daire 19,0,registered,unchanged,NO_DETERMINISTIC_DEVICE_LINK,,
5037,000019c640001871,İKİZCE,E1,Daire 2,0,registered,unchanged,NO_DETERMINISTIC_DEVICE_LINK,,
5038,000019c640018786,İKİZCE,E1,Daire 2,0,registered,unchanged,NO_DETERMINISTIC_DEVICE_LINK,,
5039,000019c600002776,İKİZCE,E1,Daire 20,0,registered,unchanged,NO_DETERMINISTIC_DEVICE_LINK,,
5040,000019c640018787,İKİZCE,E1,Daire 20,0,registered,unchanged,NO_DETERMINISTIC_DEVICE_LINK,,
5041,000019c640002777,İKİZCE,E1,Daire 3,0,registered,unchanged,NO_DETERMINISTIC_DEVICE_LINK,,
5042,000019c640018782,İKİZCE,E1,Daire 3,0,registered,unchanged,NO_DETERMINISTIC_DEVICE_LINK,,
5043,000019c640001875,İKİZCE,E1,Daire 4,0,active,unchanged,NO_DETERMINISTIC_DEVICE_LINK,,
5044,000019c640018784,İKİZCE,E1,Daire 4,0,registered,unchanged,NO_DETERMINISTIC_DEVICE_LINK,,
5045,000019c640002778,İKİZCE,E1,Daire 5,0,active,unchanged,NO_DETERMINISTIC_DEVICE_LINK,,
5046,000019c640018622,İKİZCE,E1,Daire 5,0,registered,unchanged,NO_DETERMINISTIC_DEVICE_LINK,,
5047,000019c640001937,İKİZCE,E1,Daire 6,0,active,unchanged,NO_DETERMINISTIC_DEVICE_LINK,,
5048,000019c640018780,İKİZCE,E1,Daire 6,0,registered,unchanged,NO_DETERMINISTIC_DEVICE_LINK,,
5049,000019c640003955,İKİZCE,E1,Daire 7,0,registered,unchanged,NO_DETERMINISTIC_DEVICE_LINK,,
5050,000019c640021911,İKİZCE,E1,Daire 7,0,registered,unchanged,NO_DETERMINISTIC_DEVICE_LINK,,
5051,000019c640002775,İKİZCE,E1,Daire 8,0,active,unchanged,NO_DETERMINISTIC_DEVICE_LINK,,
5052,000019c640018789,İKİZCE,E1,Daire 8,0,registered,unchanged,NO_DETERMINISTIC_DEVICE_LINK,,
5053,000019c640002779,İKİZCE,E1,Daire 9,0,registered,unchanged,NO_DETERMINISTIC_DEVICE_LINK,,
5054,000019c600001878,İKİZCE,E1,Daire 9,0,registered,unchanged,NO_DETERMINISTIC_DEVICE_LINK,,
5055,000019c640011412,İKİZCE,E1,Ortak alan,0,registered,unchanged,NO_DETERMINISTIC_DEVICE_LINK,,
5056,000019c640011897,İKİZCE,E1,Sicak su sayaci,0,registered,unchanged,NO_DETERMINISTIC_DEVICE_LINK,,
5057,000019c640004330,İKİZCE,E10,Daire 1,0,registered,unchanged,NO_DETERMINISTIC_DEVICE_LINK,,
5058,000019c640013748,İKİZCE,E10,Daire 1,0,registered,unchanged,NO_DETERMINISTIC_DEVICE_LINK,,
5059,000019c640004321,İKİZCE,E10,Daire 10,0,registered,unchanged,NO_DETERMINISTIC_DEVICE_LINK,,
5060,000019c640013105,İKİZCE,E10,Daire 10,0,registered,unchanged,NO_DETERMINISTIC_DEVICE_LINK,,
5061,000019c640004325,İKİZCE,E10,Daire 11,0,registered,unchanged,NO_DETERMINISTIC_DEVICE_LINK,,
5062,000019c640014175,İKİZCE,E10,Daire 11,0,registered,unchanged,NO_DETERMINISTIC_DEVICE_LINK,,
5063,000019c640001909,İKİZCE,E10,Daire 12,0,active,unchanged,NO_DETERMINISTIC_DEVICE_LINK,,
5064,000019c640013830,İKİZCE,E10,Daire 12,0,registered,unchanged,NO_DETERMINISTIC_DEVICE_LINK,,
5065,000019c640003333,İKİZCE,E10,Daire 13,0,registered,unchanged,NO_DETERMINISTIC_DEVICE_LINK,,
5066,000019c640013836,İKİZCE,E10,Daire 13,0,registered,unchanged,NO_DETERMINISTIC_DEVICE_LINK,,
5067,000019c640003952,İKİZCE,E10,Daire 14,0,active,unchanged,NO_DETERMINISTIC_DEVICE_LINK,,
5068,000019c640013833,İKİZCE,E10,Daire 14,0,registered,unchanged,NO_DETERMINISTIC_DEVICE_LINK,,
5069,000019c640001901,İKİZCE,E10,Daire 15,0,registered,unchanged,NO_DETERMINISTIC_DEVICE_LINK,,
5070,000019c640013843,İKİZCE,E10,Daire 15,0,registered,unchanged,NO_DETERMINISTIC_DEVICE_LINK,,
5071,000019c640000719,İKİZCE,E10,Daire 16,0,registered,unchanged,NO_DETERMINISTIC_DEVICE_LINK,,
5072,000019c640019014,İKİZCE,E10,Daire 16,0,active,unchanged,NO_DETERMINISTIC_DEVICE_LINK,,
5073,000019c640002748,İKİZCE,E10,Daire 17,0,registered,unchanged,NO_DETERMINISTIC_DEVICE_LINK,,
5074,000019c640019077,İKİZCE,E10,Daire 17,0,active,unchanged,NO_DETERMINISTIC_DEVICE_LINK,,
5075,000019c640002510,İKİZCE,E10,Daire 18,0,registered,unchanged,NO_DETERMINISTIC_DEVICE_LINK,,
5076,000019c640013117,İKİZCE,E10,Daire 18,0,registered,unchanged,NO_DETERMINISTIC_DEVICE_LINK,,
5077,000019c640003053,İKİZCE,E10,Daire 19,0,active,unchanged,NO_DETERMINISTIC_DEVICE_LINK,,
5078,000019c640016927,İKİZCE,E10,Daire 19,0,active,unchanged,NO_DETERMINISTIC_DEVICE_LINK,,
5079,000019c640000715,İKİZCE,E10,Daire 2,0,registered,unchanged,NO_DETERMINISTIC_DEVICE_LINK,,
5080,000019c640019015,İKİZCE,E10,Daire 2,0,registered,unchanged,NO_DETERMINISTIC_DEVICE_LINK,,
5081,000019c640002166,İKİZCE,E10,Daire 20,0,active,unchanged,NO_DETERMINISTIC_DEVICE_LINK,,
5082,000019c640013834,İKİZCE,E10,Daire 20,0,active,unchanged,NO_DETERMINISTIC_DEVICE_LINK,,
5083,000019c640003661,İKİZCE,E10,Daire 3,0,registered,unchanged,NO_DETERMINISTIC_DEVICE_LINK,,
5084,000019c640013845,İKİZCE,E10,Daire 3,0,registered,unchanged,NO_DETERMINISTIC_DEVICE_LINK,,
5085,000019c640003662,İKİZCE,E10,Daire 4,0,registered,unchanged,NO_DETERMINISTIC_DEVICE_LINK,,
5086,000019c640016567,İKİZCE,E10,Daire 4,0,registered,unchanged,NO_DETERMINISTIC_DEVICE_LINK,,
5087,000019c640004326,İKİZCE,E10,Daire 5,0,active,unchanged,NO_DETERMINISTIC_DEVICE_LINK,,
5088,000019c640013744,İKİZCE,E10,Daire 5,0,registered,unchanged,NO_DETERMINISTIC_DEVICE_LINK,,
5089,000019c640003663,İKİZCE,E10,Daire 6,0,active,unchanged,NO_DETERMINISTIC_DEVICE_LINK,,
5090,000019c640013745,İKİZCE,E10,Daire 6,0,registered,unchanged,NO_DETERMINISTIC_DEVICE_LINK,,
5091,000019c640003670,İKİZCE,E10,Daire 7,0,registered,unchanged,NO_DETERMINISTIC_DEVICE_LINK,,
5092,000019c640016571,İKİZCE,E10,Daire 7,0,registered,unchanged,NO_DETERMINISTIC_DEVICE_LINK,,
5093,000019c640003665,İKİZCE,E10,Daire 8,0,registered,unchanged,NO_DETERMINISTIC_DEVICE_LINK,,
5094,000019c640016570,İKİZCE,E10,Daire 8,0,registered,unchanged,NO_DETERMINISTIC_DEVICE_LINK,,
5095,000019c640001253,İKİZCE,E10,Daire 9,0,registered,unchanged,NO_DETERMINISTIC_DEVICE_LINK,,
5096,000019c640014639,İKİZCE,E10,Daire 9,0,registered,unchanged,NO_DETERMINISTIC_DEVICE_LINK,,
5097,000019c640011393,İKİZCE,E10,Ortak Alan,0,registered,unchanged,NO_DETERMINISTIC_DEVICE_LINK,,
5098,000019c640015412,İKİZCE,E10,Ortak Alan 1,0,registered,unchanged,NO_DETERMINISTIC_DEVICE_LINK,,
5099,000019c640011064,İKİZCE,E10,Ortak Alan 2,0,registered,unchanged,NO_DETERMINISTIC_DEVICE_LINK,,
5100,000019c640000933,İKİZCE,E11,Daire 1,0,registered,unchanged,NO_DETERMINISTIC_DEVICE_LINK,,
5101,000019c640019256,İKİZCE,E11,Daire 1,0,registered,unchanged,NO_DETERMINISTIC_DEVICE_LINK,,
5102,000019c640002504,İKİZCE,E11,Daire 10,0,registered,unchanged,NO_DETERMINISTIC_DEVICE_LINK,,
5103,000019c640019252,İKİZCE,E11,Daire 10,0,registered,unchanged,NO_DETERMINISTIC_DEVICE_LINK,,
5104,000019c640002327,İKİZCE,E11,Daire 11,0,registered,unchanged,NO_DETERMINISTIC_DEVICE_LINK,,
5105,000019c640019272,İKİZCE,E11,Daire 11,0,registered,unchanged,NO_DETERMINISTIC_DEVICE_LINK,,
5106,000019c640004345,İKİZCE,E11,Daire 12,0,registered,unchanged,NO_DETERMINISTIC_DEVICE_LINK,,
5107,000019c640021285,İKİZCE,E11,Daire 12,0,registered,unchanged,NO_DETERMINISTIC_DEVICE_LINK,,
5108,000019c640000931,İKİZCE,E11,Daire 13,0,registered,unchanged,NO_DETERMINISTIC_DEVICE_LINK,,
5109,000019c640021281,İKİZCE,E11,Daire 13,0,registered,unchanged,NO_DETERMINISTIC_DEVICE_LINK,,
5110,000019c640000935,İKİZCE,E11,Daire 14,0,registered,unchanged,NO_DETERMINISTIC_DEVICE_LINK,,
5111,000019c640021068,İKİZCE,E11,Daire 14,0,registered,unchanged,NO_DETERMINISTIC_DEVICE_LINK,,
5112,000019c640000940,İKİZCE,E11,Daire 15,0,registered,unchanged,NO_DETERMINISTIC_DEVICE_LINK,,
5113,000019c640021061,İKİZCE,E11,Daire 15,0,registered,unchanged,NO_DETERMINISTIC_DEVICE_LINK,,
5114,000019c640004910,İKİZCE,E11,Daire 16,0,registered,unchanged,NO_DETERMINISTIC_DEVICE_LINK,,
5115,000019c640015057,İKİZCE,E11,Daire 16,0,active,unchanged,NO_DETERMINISTIC_DEVICE_LINK,,
5116,000019c640002164,İKİZCE,E11,Daire 17,0,registered,unchanged,NO_DETERMINISTIC_DEVICE_LINK,,
5117,000019c640014959,İKİZCE,E11,Daire 17,0,active,unchanged,NO_DETERMINISTIC_DEVICE_LINK,,
5118,000019c640002330,İKİZCE,E11,Daire 18,0,registered,unchanged,NO_DETERMINISTIC_DEVICE_LINK,,
5119,000019c640019251,İKİZCE,E11,Daire 18,0,registered,unchanged,NO_DETERMINISTIC_DEVICE_LINK,,
5120,000019c640003437,İKİZCE,E11,Daire 19,0,registered,unchanged,NO_DETERMINISTIC_DEVICE_LINK,,
5121,000019c640015052,İKİZCE,E11,Daire 19,0,active,unchanged,NO_DETERMINISTIC_DEVICE_LINK,,
5122,000019c640000239,İKİZCE,E11,Daire 2,0,registered,unchanged,NO_DETERMINISTIC_DEVICE_LINK,,
5123,000019c640019253,İKİZCE,E11,Daire 2,0,registered,unchanged,NO_DETERMINISTIC_DEVICE_LINK,,
5124,000019c640004903,İKİZCE,E11,Daire 20,0,registered,unchanged,NO_DETERMINISTIC_DEVICE_LINK,,
5125,000019c640021060,İKİZCE,E11,Daire 20,0,registered,unchanged,NO_DETERMINISTIC_DEVICE_LINK,,
5126,000019c640002167,İKİZCE,E11,Daire 3,0,registered,unchanged,NO_DETERMINISTIC_DEVICE_LINK,,
5127,000019c640019250,İKİZCE,E11,Daire 3,0,registered,unchanged,NO_DETERMINISTIC_DEVICE_LINK,,
5128,000019c640004902,İKİZCE,E11,Daire 4,0,registered,unchanged,NO_DETERMINISTIC_DEVICE_LINK,,
5129,000019c640019255,İKİZCE,E11,Daire 4,0,registered,unchanged,NO_DETERMINISTIC_DEVICE_LINK,,
5130,000019c640003440,İKİZCE,E11,Daire 5,0,registered,unchanged,NO_DETERMINISTIC_DEVICE_LINK,,
5131,000019c640015076,İKİZCE,E11,Daire 5,0,registered,unchanged,NO_DETERMINISTIC_DEVICE_LINK,,
5132,000019c640003054,İKİZCE,E11,Daire 6,0,active,unchanged,NO_DETERMINISTIC_DEVICE_LINK,,
5133,000019c640015072,İKİZCE,E11,Daire 6,0,registered,unchanged,NO_DETERMINISTIC_DEVICE_LINK,,
5134,000019c640004773,İKİZCE,E11,Daire 7,0,registered,unchanged,NO_DETERMINISTIC_DEVICE_LINK,,
5135,000019c640019257,İKİZCE,E11,Daire 7,0,registered,unchanged,NO_DETERMINISTIC_DEVICE_LINK,,
5136,000019c640004904,İKİZCE,E11,Daire 8,0,registered,unchanged,NO_DETERMINISTIC_DEVICE_LINK,,
5137,000019c640021065,İKİZCE,E11,Daire 8,0,registered,unchanged,NO_DETERMINISTIC_DEVICE_LINK,,
5138,000019c640000233,İKİZCE,E11,Daire 9,0,active,unchanged,NO_DETERMINISTIC_DEVICE_LINK,,
5139,000019c640022057,İKİZCE,E11,Daire 9,0,registered,unchanged,NO_DETERMINISTIC_DEVICE_LINK,,
5140,000019c640011757,İKİZCE,E11,Ortak Alan,0,registered,unchanged,NO_DETERMINISTIC_DEVICE_LINK,,
5141,000019c640011749,İKİZCE,E11,Ortak Alan 1,0,registered,unchanged,NO_DETERMINISTIC_DEVICE_LINK,,
5142,000019c640019728,İKİZCE,E11,Ortak Alan 2,0,registered,unchanged,NO_DETERMINISTIC_DEVICE_LINK,,
5143,000019c640003723,İKİZCE,E2,Daire 1,0,active,unchanged,NO_DETERMINISTIC_DEVICE_LINK,,
5144,000019c640013511,İKİZCE,E2,Daire 1,0,registered,unchanged,NO_DETERMINISTIC_DEVICE_LINK,,
5145,000019c640003947,İKİZCE,E2,Daire 10,0,registered,unchanged,NO_DETERMINISTIC_DEVICE_LINK,,
5146,000019c640019615,İKİZCE,E2,Daire 10,0,registered,unchanged,NO_DETERMINISTIC_DEVICE_LINK,,
5147,000019c640000889,İKİZCE,E2,Daire 11,0,active,unchanged,NO_DETERMINISTIC_DEVICE_LINK,,
5148,000019c640013801,İKİZCE,E2,Daire 11,0,registered,unchanged,NO_DETERMINISTIC_DEVICE_LINK,,
5149,000019c640001906,İKİZCE,E2,Daire 12,0,active,unchanged,NO_DETERMINISTIC_DEVICE_LINK,,
5150,000019c640020912,İKİZCE,E2,Daire 12,0,registered,unchanged,NO_DETERMINISTIC_DEVICE_LINK,,
5151,000019c640000194,İKİZCE,E2,Daire 13,0,registered,unchanged,NO_DETERMINISTIC_DEVICE_LINK,,
5152,000019c640019685,İKİZCE,E2,Daire 13,0,registered,unchanged,NO_DETERMINISTIC_DEVICE_LINK,,
5153,000019c640004313,İKİZCE,E2,Daire 14,0,active,unchanged,NO_DETERMINISTIC_DEVICE_LINK,,
5154,000019c640019617,İKİZCE,E2,Daire 14,0,registered,unchanged,NO_DETERMINISTIC_DEVICE_LINK,,
5155,000019c640004311,İKİZCE,E2,Daire 15,0,active,unchanged,NO_DETERMINISTIC_DEVICE_LINK,,
5156,000019c640019613,İKİZCE,E2,Daire 15,0,registered,unchanged,NO_DETERMINISTIC_DEVICE_LINK,,
5157,000019c640004317,İKİZCE,E2,Daire 16,0,registered,unchanged,NO_DETERMINISTIC_DEVICE_LINK,,
5158,000019c640013561,İKİZCE,E2,Daire 16,0,registered,unchanged,NO_DETERMINISTIC_DEVICE_LINK,,
5159,000019c640003944,İKİZCE,E2,Daire 17,0,registered,unchanged,NO_DETERMINISTIC_DEVICE_LINK,,
5160,000019c640019616,İKİZCE,E2,Daire 17,0,active,unchanged,NO_DETERMINISTIC_DEVICE_LINK,,
5161,000019c640000597,İKİZCE,E2,Daire 18,0,registered,unchanged,NO_DETERMINISTIC_DEVICE_LINK,,
5162,000019c640019614,İKİZCE,E2,Daire 18,0,registered,unchanged,NO_DETERMINISTIC_DEVICE_LINK,,
5163,000019c640000599,İKİZCE,E2,Daire 19,0,registered,unchanged,NO_DETERMINISTIC_DEVICE_LINK,,
5164,000019c640021803,İKİZCE,E2,Daire 19,0,registered,unchanged,NO_DETERMINISTIC_DEVICE_LINK,,
5165,000019c640001880,İKİZCE,E2,Daire 2,0,registered,unchanged,NO_DETERMINISTIC_DEVICE_LINK,,
5166,000019c640019956,İKİZCE,E2,Daire 2,0,registered,unchanged,NO_DETERMINISTIC_DEVICE_LINK,,
5167,000019c640001832,İKİZCE,E2,Daire 20,0,active,unchanged,NO_DETERMINISTIC_DEVICE_LINK,,
5168,000019c640019945,İKİZCE,E2,Daire 20,0,active,unchanged,NO_DETERMINISTIC_DEVICE_LINK,,
5169,000019c640001874,İKİZCE,E2,Daire 3,0,registered,unchanged,NO_DETERMINISTIC_DEVICE_LINK,,
5170,000019c640019958,İKİZCE,E2,Daire 3,0,registered,unchanged,NO_DETERMINISTIC_DEVICE_LINK,,
5171,000019c640002635,İKİZCE,E2,Daire 4,0,registered,unchanged,NO_DETERMINISTIC_DEVICE_LINK,,
5172,000019c640019957,İKİZCE,E2,Daire 4,0,registered,unchanged,NO_DETERMINISTIC_DEVICE_LINK,,
5173,000019c640003950,İKİZCE,E2,Daire 5,0,registered,unchanged,NO_DETERMINISTIC_DEVICE_LINK,,
5174,000019c640019941,İKİZCE,E2,Daire 5,0,registered,unchanged,NO_DETERMINISTIC_DEVICE_LINK,,
5175,000019c640000885,İKİZCE,E2,Daire 6,0,registered,unchanged,NO_DETERMINISTIC_DEVICE_LINK,,
5176,000019c640019513,İKİZCE,E2,Daire 6,0,registered,unchanged,NO_DETERMINISTIC_DEVICE_LINK,,
5177,000019c640002721,İKİZCE,E2,Daire 7,0,active,unchanged,NO_DETERMINISTIC_DEVICE_LINK,,
5178,000019c640019780,İKİZCE,E2,Daire 7,0,registered,unchanged,NO_DETERMINISTIC_DEVICE_LINK,,
5179,000019c640003721,İKİZCE,E2,Daire 8,0,active,unchanged,NO_DETERMINISTIC_DEVICE_LINK,,
5180,000019c640019618,İKİZCE,E2,Daire 8,0,registered,unchanged,NO_DETERMINISTIC_DEVICE_LINK,,
5181,000019c640004319,İKİZCE,E2,Daire 9,0,registered,unchanged,NO_DETERMINISTIC_DEVICE_LINK,,
5182,000019c640019943,İKİZCE,E2,Daire 9,0,registered,unchanged,NO_DETERMINISTIC_DEVICE_LINK,,
5183,000019c640011263,İKİZCE,E2,Ortak alan,0,registered,unchanged,NO_DETERMINISTIC_DEVICE_LINK,,
5184,000019c640011200,İKİZCE,E2,Ortak Alan 2,0,registered,unchanged,NO_DETERMINISTIC_DEVICE_LINK,,
5185,000019c640001259,İKİZCE,E3,Daire 1,0,registered,unchanged,NO_DETERMINISTIC_DEVICE_LINK,,
5186,000019c640022056,İKİZCE,E3,Daire 1,0,registered,unchanged,NO_DETERMINISTIC_DEVICE_LINK,,
5187,000019c600003956,İKİZCE,E3,Daire 10,0,registered,unchanged,NO_DETERMINISTIC_DEVICE_LINK,,
5188,000019c640015200,İKİZCE,E3,Daire 10,0,registered,unchanged,NO_DETERMINISTIC_DEVICE_LINK,,
5189,000019c600001902,İKİZCE,E3,Daire 11,0,registered,unchanged,NO_DETERMINISTIC_DEVICE_LINK,,
5190,000019c640015201,İKİZCE,E3,Daire 11,0,registered,unchanged,NO_DETERMINISTIC_DEVICE_LINK,,
5191,000019c600002879,İKİZCE,E3,Daire 12,0,registered,unchanged,NO_DETERMINISTIC_DEVICE_LINK,,
5192,000019c640016640,İKİZCE,E3,Daire 12,0,registered,unchanged,NO_DETERMINISTIC_DEVICE_LINK,,
5193,000019c600003338,İKİZCE,E3,Daire 13,0,registered,unchanged,NO_DETERMINISTIC_DEVICE_LINK,,
5194,000019c640015205,İKİZCE,E3,Daire 13,0,active,unchanged,NO_DETERMINISTIC_DEVICE_LINK,,
5195,000019c600004312,İKİZCE,E3,Daire 14,0,registered,unchanged,NO_DETERMINISTIC_DEVICE_LINK,,
5196,000019c640016618,İKİZCE,E3,Daire 14,0,active,unchanged,NO_DETERMINISTIC_DEVICE_LINK,,
5197,000019c640001257,İKİZCE,E3,Daire 15,0,registered,unchanged,NO_DETERMINISTIC_DEVICE_LINK,,
5198,000019c640016641,İKİZCE,E3,Daire 15,0,registered,unchanged,NO_DETERMINISTIC_DEVICE_LINK,,
5199,000019c600003951,İKİZCE,E3,Daire 16,0,registered,unchanged,NO_DETERMINISTIC_DEVICE_LINK,,
5200,000019c640015209,İKİZCE,E3,Daire 16,0,registered,unchanged,NO_DETERMINISTIC_DEVICE_LINK,,
5201,000019c600003373,İKİZCE,E3,Daire 17,0,registered,unchanged,NO_DETERMINISTIC_DEVICE_LINK,,
5202,000019c640018531,İKİZCE,E3,Daire 17,0,active,unchanged,NO_DETERMINISTIC_DEVICE_LINK,,
5203,000019c600003958,İKİZCE,E3,Daire 18,0,registered,unchanged,NO_DETERMINISTIC_DEVICE_LINK,,
5204,000019c640021913,İKİZCE,E3,Daire 18,0,registered,unchanged,NO_DETERMINISTIC_DEVICE_LINK,,
5205,000019c600001908,İKİZCE,E3,Daire 19,0,registered,unchanged,NO_DETERMINISTIC_DEVICE_LINK,,
5206,000019c640021915,İKİZCE,E3,Daire 19,0,active,unchanged,NO_DETERMINISTIC_DEVICE_LINK,,
5207,000019c600004786,İKİZCE,E3,Daire 2,0,registered,unchanged,NO_DETERMINISTIC_DEVICE_LINK,,
5208,000019c640019279,İKİZCE,E3,Daire 2,0,registered,unchanged,NO_DETERMINISTIC_DEVICE_LINK,,
5209,000019c600000481,İKİZCE,E3,Daire 20,0,registered,unchanged,NO_DETERMINISTIC_DEVICE_LINK,,
5210,000019c640012603,İKİZCE,E3,Daire 20,0,active,unchanged,NO_DETERMINISTIC_DEVICE_LINK,,
5211,000019c600001938,İKİZCE,E3,Daire 3,0,registered,unchanged,NO_DETERMINISTIC_DEVICE_LINK,,
5212,000019c640014955,İKİZCE,E3,Daire 3,0,registered,unchanged,NO_DETERMINISTIC_DEVICE_LINK,,
5213,000019c600003959,İKİZCE,E3,Daire 4,0,registered,unchanged,NO_DETERMINISTIC_DEVICE_LINK,,
5214,000019c640019274,İKİZCE,E3,Daire 4,0,registered,unchanged,NO_DETERMINISTIC_DEVICE_LINK,,
5215,000019c600001873,İKİZCE,E3,Daire 5,0,registered,unchanged,NO_DETERMINISTIC_DEVICE_LINK,,
5216,000019c640012605,İKİZCE,E3,Daire 5,0,registered,unchanged,NO_DETERMINISTIC_DEVICE_LINK,,
5217,000019c600001876,İKİZCE,E3,Daire 6,0,registered,unchanged,NO_DETERMINISTIC_DEVICE_LINK,,
5218,000019c640018624,İKİZCE,E3,Daire 6,0,registered,unchanged,NO_DETERMINISTIC_DEVICE_LINK,,
5219,000019c600003960,İKİZCE,E3,Daire 7,0,registered,unchanged,NO_DETERMINISTIC_DEVICE_LINK,,
5220,000019c640018788,İKİZCE,E3,Daire 7,0,registered,unchanged,NO_DETERMINISTIC_DEVICE_LINK,,
5221,000019c600001877,İKİZCE,E3,Daire 8,0,registered,unchanged,NO_DETERMINISTIC_DEVICE_LINK,,
5222,000019c640014757,İKİZCE,E3,Daire 8,0,registered,unchanged,NO_DETERMINISTIC_DEVICE_LINK,,
5223,000019c600003954,İKİZCE,E3,Daire 9,0,registered,unchanged,NO_DETERMINISTIC_DEVICE_LINK,,
5224,000019c640016610,İKİZCE,E3,Daire 9,0,registered,unchanged,NO_DETERMINISTIC_DEVICE_LINK,,
5225,000019c640011329,İKİZCE,E3,Ortak Alan,0,active,unchanged,NO_DETERMINISTIC_DEVICE_LINK,,
5226,000019c600003380,İKİZCE,E4,Daire 1,0,registered,unchanged,NO_DETERMINISTIC_DEVICE_LINK,,
5227,000019c640021610,İKİZCE,E4,Daire 1,0,registered,unchanged,NO_DETERMINISTIC_DEVICE_LINK,,
5228,000019c600000484,İKİZCE,E4,Daire 10,0,registered,unchanged,NO_DETERMINISTIC_DEVICE_LINK,,
5229,000019c640021616,İKİZCE,E4,Daire 10,0,registered,unchanged,NO_DETERMINISTIC_DEVICE_LINK,,
5230,000019c600003346,İKİZCE,E4,Daire 11,0,registered,unchanged,NO_DETERMINISTIC_DEVICE_LINK,,
5231,000019c640013774,İKİZCE,E4,Daire 11,0,registered,unchanged,NO_DETERMINISTIC_DEVICE_LINK,,
5232,000019c640000937,İKİZCE,E4,Daire 12,0,registered,unchanged,NO_DETERMINISTIC_DEVICE_LINK,,
5233,000019c640020096,İKİZCE,E4,Daire 12,0,registered,unchanged,NO_DETERMINISTIC_DEVICE_LINK,,
5234,000019c600000584,İKİZCE,E4,Daire 13,0,registered,unchanged,NO_DETERMINISTIC_DEVICE_LINK,,
5235,000019c640021858,İKİZCE,E4,Daire 13,0,registered,unchanged,NO_DETERMINISTIC_DEVICE_LINK,,
5236,000019c600004570,İKİZCE,E4,Daire 14,0,registered,unchanged,NO_DETERMINISTIC_DEVICE_LINK,,
5237,000019c640021623,İKİZCE,E4,Daire 14,0,registered,unchanged,NO_DETERMINISTIC_DEVICE_LINK,,
5238,000019c600002014,İKİZCE,E4,Daire 15,0,registered,unchanged,NO_DETERMINISTIC_DEVICE_LINK,,
5239,000019c640021855,İKİZCE,E4,Daire 15,0,registered,unchanged,NO_DETERMINISTIC_DEVICE_LINK,,
5240,000019c600000446,İKİZCE,E4,Daire 16,0,registered,unchanged,NO_DETERMINISTIC_DEVICE_LINK,,
5241,000019c640020092,İKİZCE,E4,Daire 16,0,registered,unchanged,NO_DETERMINISTIC_DEVICE_LINK,,
5242,000019c600001035,İKİZCE,E4,Daire 17,0,registered,unchanged,NO_DETERMINISTIC_DEVICE_LINK,,
5243,000019c640021665,İKİZCE,E4,Daire 17,0,registered,unchanged,NO_DETERMINISTIC_DEVICE_LINK,,
5244,000019c600001904,İKİZCE,E4,Daire 18,0,registered,unchanged,NO_DETERMINISTIC_DEVICE_LINK,,
5245,000019c640021446,İKİZCE,E4,Daire 18,0,registered,unchanged,NO_DETERMINISTIC_DEVICE_LINK,,
5246,000019c600000769,İKİZCE,E4,Daire 19,0,registered,unchanged,NO_DETERMINISTIC_DEVICE_LINK,,
5247,000019c640021622,İKİZCE,E4,Daire 19,0,registered,unchanged,NO_DETERMINISTIC_DEVICE_LINK,,
5248,000019c600004905,İKİZCE,E4,Daire 2,0,registered,unchanged,NO_DETERMINISTIC_DEVICE_LINK,,
5249,000019c640013872,İKİZCE,E4,Daire 2,0,registered,unchanged,NO_DETERMINISTIC_DEVICE_LINK,,
5250,000019c600000441,İKİZCE,E4,Daire 20,0,registered,unchanged,NO_DETERMINISTIC_DEVICE_LINK,,
5251,000019c640021628,İKİZCE,E4,Daire 20,0,registered,unchanged,NO_DETERMINISTIC_DEVICE_LINK,,
5252,000019c600003957,İKİZCE,E4,Daire 3,0,registered,unchanged,NO_DETERMINISTIC_DEVICE_LINK,,
5253,000019c640013877,İKİZCE,E4,Daire 3,0,registered,unchanged,NO_DETERMINISTIC_DEVICE_LINK,,
5254,000019c600003439,İKİZCE,E4,Daire 4,0,registered,unchanged,NO_DETERMINISTIC_DEVICE_LINK,,
5255,000019c640014655,İKİZCE,E4,Daire 4,0,registered,unchanged,NO_DETERMINISTIC_DEVICE_LINK,,
5256,000019c600004517,İKİZCE,E4,Daire 5,0,registered,unchanged,NO_DETERMINISTIC_DEVICE_LINK,,
5257,000019c640013779,İKİZCE,E4,Daire 5,0,registered,unchanged,NO_DETERMINISTIC_DEVICE_LINK,,
5258,000019c640004003,İKİZCE,E4,Daire 6,0,registered,unchanged,NO_DETERMINISTIC_DEVICE_LINK,,
5259,000019c640013879,İKİZCE,E4,Daire 6,0,registered,unchanged,NO_DETERMINISTIC_DEVICE_LINK,,
5260,000019c600000486,İKİZCE,E4,Daire 7,0,registered,unchanged,NO_DETERMINISTIC_DEVICE_LINK,,
5261,000019c640013772,İKİZCE,E4,Daire 7,0,registered,unchanged,NO_DETERMINISTIC_DEVICE_LINK,,
5262,000019c600000485,İKİZCE,E4,Daire 8,0,registered,unchanged,NO_DETERMINISTIC_DEVICE_LINK,,
5263,000019c640021615,İKİZCE,E4,Daire 8,0,registered,unchanged,NO_DETERMINISTIC_DEVICE_LINK,,
5264,000019c640002772,İKİZCE,E4,Daire 9,0,active,unchanged,NO_DETERMINISTIC_DEVICE_LINK,,
5265,000019c640021853,İKİZCE,E4,Daire 9,0,registered,unchanged,NO_DETERMINISTIC_DEVICE_LINK,,
5266,000019c640011869,İKİZCE,E4,Ortak Alan 1,0,registered,unchanged,NO_DETERMINISTIC_DEVICE_LINK,,
5267,000019c640018886,İKİZCE,E5,Daire 1,0,registered,unchanged,NO_DETERMINISTIC_DEVICE_LINK,,
5268,000019c600004413,İKİZCE,E5,Daire 10,0,registered,unchanged,NO_DETERMINISTIC_DEVICE_LINK,,
5269,000019c640015621,İKİZCE,E5,Daire 10,0,registered,unchanged,NO_DETERMINISTIC_DEVICE_LINK,,
5270,000019c600003343,İKİZCE,E5,Daire 11,0,registered,unchanged,NO_DETERMINISTIC_DEVICE_LINK,,
5271,000019c640015625,İKİZCE,E5,Daire 11,0,registered,unchanged,NO_DETERMINISTIC_DEVICE_LINK,,
5272,000019c600003344,İKİZCE,E5,Daire 12,0,registered,unchanged,NO_DETERMINISTIC_DEVICE_LINK,,
5273,000019c640012759,İKİZCE,E5,Daire 12,0,registered,unchanged,NO_DETERMINISTIC_DEVICE_LINK,,
5274,000019c640004008,İKİZCE,E5,Daire 13,0,registered,unchanged,NO_DETERMINISTIC_DEVICE_LINK,,
5275,000019c640015634,İKİZCE,E5,Daire 13,0,registered,unchanged,NO_DETERMINISTIC_DEVICE_LINK,,
5276,000019c640004005,İKİZCE,E5,Daire 14,0,registered,unchanged,NO_DETERMINISTIC_DEVICE_LINK,,
5277,000019c640012757,İKİZCE,E5,Daire 14,0,registered,unchanged,NO_DETERMINISTIC_DEVICE_LINK,,
5278,000019c640004001,İKİZCE,E5,Daire 15,0,active,unchanged,NO_DETERMINISTIC_DEVICE_LINK,,
5279,000019c640018962,İKİZCE,E5,Daire 15,0,registered,unchanged,NO_DETERMINISTIC_DEVICE_LINK,,
5280,000019c600004411,İKİZCE,E5,Daire 16,0,registered,unchanged,NO_DETERMINISTIC_DEVICE_LINK,,
5281,000019c640018964,İKİZCE,E5,Daire 16,0,registered,unchanged,NO_DETERMINISTIC_DEVICE_LINK,,
5282,000019c600000488,İKİZCE,E5,Daire 17,0,registered,unchanged,NO_DETERMINISTIC_DEVICE_LINK,,
5283,000019c640014628,İKİZCE,E5,Daire 17,0,active,unchanged,NO_DETERMINISTIC_DEVICE_LINK,,
5284,000019c600004414,İKİZCE,E5,Daire 18,0,registered,unchanged,NO_DETERMINISTIC_DEVICE_LINK,,
5285,000019c640018986,İKİZCE,E5,Daire 18,0,active,unchanged,NO_DETERMINISTIC_DEVICE_LINK,,
5286,000019c640004010,İKİZCE,E5,Daire 19,0,registered,unchanged,NO_DETERMINISTIC_DEVICE_LINK,,
5287,000019c640017209,İKİZCE,E5,Daire 19,0,registered,unchanged,NO_DETERMINISTIC_DEVICE_LINK,,
5288,000019c640018882,İKİZCE,E5,Daire 2,0,registered,unchanged,NO_DETERMINISTIC_DEVICE_LINK,,
5289,000019c600004418,İKİZCE,E5,Daire 20,0,registered,unchanged,NO_DETERMINISTIC_DEVICE_LINK,,
5290,000019c640014627,İKİZCE,E5,Daire 20,0,active,unchanged,NO_DETERMINISTIC_DEVICE_LINK,,
5291,000019c640018869,İKİZCE,E5,Daire 3,0,registered,unchanged,NO_DETERMINISTIC_DEVICE_LINK,,
5292,000019c640012702,İKİZCE,E5,Daire 4,0,registered,unchanged,NO_DETERMINISTIC_DEVICE_LINK,,
5293,000019c600001660,İKİZCE,E5,Daire 5,0,registered,unchanged,NO_DETERMINISTIC_DEVICE_LINK,,
5294,000019c640012701,İKİZCE,E5,Daire 5,0,registered,unchanged,NO_DETERMINISTIC_DEVICE_LINK,,
5295,000019c600004561,İKİZCE,E5,Daire 6,0,registered,unchanged,NO_DETERMINISTIC_DEVICE_LINK,,
5296,000019c640018862,İKİZCE,E5,Daire 6,0,registered,unchanged,NO_DETERMINISTIC_DEVICE_LINK,,
5297,000019c600001036,İKİZCE,E5,Daire 7,0,registered,unchanged,NO_DETERMINISTIC_DEVICE_LINK,,
5298,000019c640018785,İKİZCE,E5,Daire 7,0,registered,unchanged,NO_DETERMINISTIC_DEVICE_LINK,,
5299,000019c600000192,İKİZCE,E5,Daire 8,0,registered,unchanged,NO_DETERMINISTIC_DEVICE_LINK,,
5300,000019c640014620,İKİZCE,E5,Daire 8,0,registered,unchanged,NO_DETERMINISTIC_DEVICE_LINK,,
5301,000019c640004007,İKİZCE,E5,Daire 9,0,active,unchanged,NO_DETERMINISTIC_DEVICE_LINK,,
5302,000019c640018884,İKİZCE,E5,Daire 9,0,registered,unchanged,NO_DETERMINISTIC_DEVICE_LINK,,
5303,000019c640011714,İKİZCE,E5,Ortak Alan,0,registered,unchanged,NO_DETERMINISTIC_DEVICE_LINK,,
5304,000019c640011585,İKİZCE,E5,Ortak sayac,0,registered,unchanged,NO_DETERMINISTIC_DEVICE_LINK,,
5305,000019c600002502,İKİZCE,E6,Daire 1,0,registered,unchanged,NO_DETERMINISTIC_DEVICE_LINK,,
5306,000019c640019520,İKİZCE,E6,Daire 1,0,registered,unchanged,NO_DETERMINISTIC_DEVICE_LINK,,
5307,000019c600002170,İKİZCE,E6,Daire 10,0,registered,unchanged,NO_DETERMINISTIC_DEVICE_LINK,,
5308,000019c640019726,İKİZCE,E6,Daire 10,0,registered,unchanged,NO_DETERMINISTIC_DEVICE_LINK,,
5309,000019c600000716,İKİZCE,E6,Daire 11,0,registered,unchanged,NO_DETERMINISTIC_DEVICE_LINK,,
5310,000019c640013926,İKİZCE,E6,Daire 11,0,registered,unchanged,NO_DETERMINISTIC_DEVICE_LINK,,
5311,000019c600002509,İKİZCE,E6,Daire 12,0,active,unchanged,NO_DETERMINISTIC_DEVICE_LINK,,
5312,000019c640018659,İKİZCE,E6,Daire 12,0,registered,unchanged,NO_DETERMINISTIC_DEVICE_LINK,,
5313,000019c600004258,İKİZCE,E6,Daire 13,0,registered,unchanged,NO_DETERMINISTIC_DEVICE_LINK,,
5314,000019c640019722,İKİZCE,E6,Daire 13,0,active,unchanged,NO_DETERMINISTIC_DEVICE_LINK,,
5315,000019c600002646,İKİZCE,E6,Daire 14,0,registered,unchanged,NO_DETERMINISTIC_DEVICE_LINK,,
5316,000019c640018657,İKİZCE,E6,Daire 14,0,registered,unchanged,NO_DETERMINISTIC_DEVICE_LINK,,
5317,000019c600004778,İKİZCE,E6,Daire 15,0,registered,unchanged,NO_DETERMINISTIC_DEVICE_LINK,,
5318,000019c640019704,İKİZCE,E6,Daire 15,0,active,unchanged,NO_DETERMINISTIC_DEVICE_LINK,,
5319,000019c600000713,İKİZCE,E6,Daire 16,0,registered,unchanged,NO_DETERMINISTIC_DEVICE_LINK,,
5320,000019c640019529,İKİZCE,E6,Daire 16,0,registered,unchanged,NO_DETERMINISTIC_DEVICE_LINK,,
5321,000019c600002011,İKİZCE,E6,Daire 17,0,registered,unchanged,NO_DETERMINISTIC_DEVICE_LINK,,
5322,000019c640016183,İKİZCE,E6,Daire 17,0,active,unchanged,NO_DETERMINISTIC_DEVICE_LINK,,
5323,000019c640001541,İKİZCE,E6,Daire 18,0,active,unchanged,NO_DETERMINISTIC_DEVICE_LINK,,
5324,000019c640012216,İKİZCE,E6,Daire 18,0,registered,unchanged,NO_DETERMINISTIC_DEVICE_LINK,,
5325,000019c600000768,İKİZCE,E6,Daire 19,0,registered,unchanged,NO_DETERMINISTIC_DEVICE_LINK,,
5326,000019c640018655,İKİZCE,E6,Daire 19,0,registered,unchanged,NO_DETERMINISTIC_DEVICE_LINK,,
5327,000019c600002508,İKİZCE,E6,Daire 2,0,registered,unchanged,NO_DETERMINISTIC_DEVICE_LINK,,
5328,000019c640013923,İKİZCE,E6,Daire 2,0,registered,unchanged,NO_DETERMINISTIC_DEVICE_LINK,,
5329,000019c600000761,İKİZCE,E6,Daire 20,0,registered,unchanged,NO_DETERMINISTIC_DEVICE_LINK,,
5330,000019c640018840,İKİZCE,E6,Daire 20,0,active,unchanged,NO_DETERMINISTIC_DEVICE_LINK,,
5331,000019c600000720,İKİZCE,E6,Daire 3,0,registered,unchanged,NO_DETERMINISTIC_DEVICE_LINK,,
5332,000019c640013928,İKİZCE,E6,Daire 3,0,registered,unchanged,NO_DETERMINISTIC_DEVICE_LINK,,
5333,000019c600003058,İKİZCE,E6,Daire 4,0,registered,unchanged,NO_DETERMINISTIC_DEVICE_LINK,,
5334,000019c640018651,İKİZCE,E6,Daire 4,0,registered,unchanged,NO_DETERMINISTIC_DEVICE_LINK,,
5335,000019c600004344,İKİZCE,E6,Daire 5,0,registered,unchanged,NO_DETERMINISTIC_DEVICE_LINK,,
5336,000019c640019913,İKİZCE,E6,Daire 5,0,registered,unchanged,NO_DETERMINISTIC_DEVICE_LINK,,
5337,000019c600000232,İKİZCE,E6,Daire 6,0,registered,unchanged,NO_DETERMINISTIC_DEVICE_LINK,,
5338,000019c640013924,İKİZCE,E6,Daire 6,0,registered,unchanged,NO_DETERMINISTIC_DEVICE_LINK,,
5339,000019c600004774,İKİZCE,E6,Daire 7,0,registered,unchanged,NO_DETERMINISTIC_DEVICE_LINK,,
5340,000019c640019472,İKİZCE,E6,Daire 7,0,registered,unchanged,NO_DETERMINISTIC_DEVICE_LINK,,
5341,000019c600004775,İKİZCE,E6,Daire 8,0,registered,unchanged,NO_DETERMINISTIC_DEVICE_LINK,,
5342,000019c640013929,İKİZCE,E6,Daire 8,0,registered,unchanged,NO_DETERMINISTIC_DEVICE_LINK,,
5343,000019c600000235,İKİZCE,E6,Daire 9,0,registered,unchanged,NO_DETERMINISTIC_DEVICE_LINK,,
5344,000019c640018653,İKİZCE,E6,Daire 9,0,registered,unchanged,NO_DETERMINISTIC_DEVICE_LINK,,
5345,000019c640011159,İKİZCE,E6,Ortak Alan,0,registered,unchanged,NO_DETERMINISTIC_DEVICE_LINK,,
5346,000019c640011949,İKİZCE,E6,Ortak Alan 1,0,registered,unchanged,NO_DETERMINISTIC_DEVICE_LINK,,
5347,000019c600004562,İKİZCE,E7,Daire 1,0,registered,unchanged,NO_DETERMINISTIC_DEVICE_LINK,,
5348,000019c640020588,İKİZCE,E7,Daire 1,0,registered,unchanged,NO_DETERMINISTIC_DEVICE_LINK,,
5349,000019c600000586,İKİZCE,E7,Daire 10,0,registered,unchanged,NO_DETERMINISTIC_DEVICE_LINK,,
5350,000019c640016733,İKİZCE,E7,Daire 10,0,active,unchanged,NO_DETERMINISTIC_DEVICE_LINK,,
5351,000019c600004628,İKİZCE,E7,Daire 11,0,registered,unchanged,NO_DETERMINISTIC_DEVICE_LINK,,
5352,000019c640021827,İKİZCE,E7,Daire 11,0,active,unchanged,NO_DETERMINISTIC_DEVICE_LINK,,
5353,000019c600001833,İKİZCE,E7,Daire 12,0,registered,unchanged,NO_DETERMINISTIC_DEVICE_LINK,,
5354,000019c640013804,İKİZCE,E7,Daire 12,0,registered,unchanged,NO_DETERMINISTIC_DEVICE_LINK,,
5355,000019c600003354,İKİZCE,E7,Daire 13,0,registered,unchanged,NO_DETERMINISTIC_DEVICE_LINK,,
5356,000019c640018679,İKİZCE,E7,Daire 13,0,active,unchanged,NO_DETERMINISTIC_DEVICE_LINK,,
5357,000019c600000031,İKİZCE,E7,Daire 14,0,registered,unchanged,NO_DETERMINISTIC_DEVICE_LINK,,
5358,000019c640020586,İKİZCE,E7,Daire 14,0,registered,unchanged,NO_DETERMINISTIC_DEVICE_LINK,,
5359,000019c600000581,İKİZCE,E7,Daire 15,0,registered,unchanged,NO_DETERMINISTIC_DEVICE_LINK,,
5360,000019c640020581,İKİZCE,E7,Daire 15,0,active,unchanged,NO_DETERMINISTIC_DEVICE_LINK,,
5361,000019c600000880,İKİZCE,E7,Daire 16,0,registered,unchanged,NO_DETERMINISTIC_DEVICE_LINK,,
5362,000019c640021820,İKİZCE,E7,Daire 16,0,registered,unchanged,NO_DETERMINISTIC_DEVICE_LINK,,
5363,000019c600004630,İKİZCE,E7,Daire 17,0,registered,unchanged,NO_DETERMINISTIC_DEVICE_LINK,,
5364,000019c640013491,İKİZCE,E7,Daire 17,0,active,unchanged,NO_DETERMINISTIC_DEVICE_LINK,,
5365,000019c600004536,İKİZCE,E7,Daire 18,0,registered,unchanged,NO_DETERMINISTIC_DEVICE_LINK,,
5366,000019c640013496,İKİZCE,E7,Daire 18,0,registered,unchanged,NO_DETERMINISTIC_DEVICE_LINK,,
5367,000019c600004534,İKİZCE,E7,Daire 19,0,registered,unchanged,NO_DETERMINISTIC_DEVICE_LINK,,
5368,000019c640018678,İKİZCE,E7,Daire 19,0,registered,unchanged,NO_DETERMINISTIC_DEVICE_LINK,,
5369,000019c640002465,İKİZCE,E7,Daire 2,0,registered,unchanged,NO_DETERMINISTIC_DEVICE_LINK,,
5370,000019c640020585,İKİZCE,E7,Daire 2,0,registered,unchanged,NO_DETERMINISTIC_DEVICE_LINK,,
5371,000019c600001834,İKİZCE,E7,Daire 20,0,registered,unchanged,NO_DETERMINISTIC_DEVICE_LINK,,
5372,000019c640021822,İKİZCE,E7,Daire 20,0,active,unchanged,NO_DETERMINISTIC_DEVICE_LINK,,
5373,000019c600000198,İKİZCE,E7,Daire 3,0,registered,unchanged,NO_DETERMINISTIC_DEVICE_LINK,,
5374,000019c640018675,İKİZCE,E7,Daire 3,0,registered,unchanged,NO_DETERMINISTIC_DEVICE_LINK,,
5375,000019c600004658,İKİZCE,E7,Daire 4,0,registered,unchanged,NO_DETERMINISTIC_DEVICE_LINK,,
5376,000019c640014698,İKİZCE,E7,Daire 4,0,registered,unchanged,NO_DETERMINISTIC_DEVICE_LINK,,
5377,000019c600001836,İKİZCE,E7,Daire 5,0,registered,unchanged,NO_DETERMINISTIC_DEVICE_LINK,,
5378,000019c640020052,İKİZCE,E7,Daire 5,0,registered,unchanged,NO_DETERMINISTIC_DEVICE_LINK,,
5379,000019c600000873,İKİZCE,E7,Daire 6,0,registered,unchanged,NO_DETERMINISTIC_DEVICE_LINK,,
5380,000019c640014114,İKİZCE,E7,Daire 6,0,registered,unchanged,NO_DETERMINISTIC_DEVICE_LINK,,
5381,000019c600004851,İKİZCE,E7,Daire 7,0,registered,unchanged,NO_DETERMINISTIC_DEVICE_LINK,,
5382,000019c640014116,İKİZCE,E7,Daire 7,0,registered,unchanged,NO_DETERMINISTIC_DEVICE_LINK,,
5383,000019c600004659,İKİZCE,E7,Daire 8,0,registered,unchanged,NO_DETERMINISTIC_DEVICE_LINK,,
5384,000019c640020053,İKİZCE,E7,Daire 8,0,registered,unchanged,NO_DETERMINISTIC_DEVICE_LINK,,
5385,000019c600001822,İKİZCE,E7,Daire 9,0,registered,unchanged,NO_DETERMINISTIC_DEVICE_LINK,,
5386,000019c640013805,İKİZCE,E7,Daire 9,0,registered,unchanged,NO_DETERMINISTIC_DEVICE_LINK,,
5387,000019c640011583,İKİZCE,E7,Ortak Alan,0,registered,unchanged,NO_DETERMINISTIC_DEVICE_LINK,,
5388,000019c640011663,İKİZCE,E7,Ortak Alan 1,0,active,unchanged,NO_DETERMINISTIC_DEVICE_LINK,,
5389,000019c600001552,İKİZCE,E8,Daire 1,0,registered,unchanged,NO_DETERMINISTIC_DEVICE_LINK,,
5390,000019c640021873,İKİZCE,E8,Daire 1,0,registered,unchanged,NO_DETERMINISTIC_DEVICE_LINK,,
5391,000019c600004784,İKİZCE,E8,Daire 10,0,registered,unchanged,NO_DETERMINISTIC_DEVICE_LINK,,
5392,000019c640021826,İKİZCE,E8,Daire 10,0,registered,unchanged,NO_DETERMINISTIC_DEVICE_LINK,,
5393,000019c640004346,İKİZCE,E8,Daire 11,0,registered,unchanged,NO_DETERMINISTIC_DEVICE_LINK,,
5394,000019c640020056,İKİZCE,E8,Daire 11,0,registered,unchanged,NO_DETERMINISTIC_DEVICE_LINK,,
5395,000019c600004514,İKİZCE,E8,Daire 12,0,registered,unchanged,NO_DETERMINISTIC_DEVICE_LINK,,
5396,000019c640020589,İKİZCE,E8,Daire 12,0,registered,unchanged,NO_DETERMINISTIC_DEVICE_LINK,,
5397,000019c600004519,İKİZCE,E8,Daire 13,0,registered,unchanged,NO_DETERMINISTIC_DEVICE_LINK,,
5398,000019c640020055,İKİZCE,E8,Daire 13,0,active,unchanged,NO_DETERMINISTIC_DEVICE_LINK,,
5399,000019c600003335,İKİZCE,E8,Daire 14,0,registered,unchanged,NO_DETERMINISTIC_DEVICE_LINK,,
5400,000019c640018670,İKİZCE,E8,Daire 14,0,active,unchanged,NO_DETERMINISTIC_DEVICE_LINK,,
5401,000019c600000772,İKİZCE,E8,Daire 15,0,registered,unchanged,NO_DETERMINISTIC_DEVICE_LINK,,
5402,000019c640020583,İKİZCE,E8,Daire 15,0,registered,unchanged,NO_DETERMINISTIC_DEVICE_LINK,,
5403,000019c600000832,İKİZCE,E8,Daire 16,0,registered,unchanged,NO_DETERMINISTIC_DEVICE_LINK,,
5404,000019c640021876,İKİZCE,E8,Daire 16,0,registered,unchanged,NO_DETERMINISTIC_DEVICE_LINK,,
5405,000019c600004516,İKİZCE,E8,Daire 17,0,registered,unchanged,NO_DETERMINISTIC_DEVICE_LINK,,
5406,000019c640020050,İKİZCE,E8,Daire 17,0,active,unchanged,NO_DETERMINISTIC_DEVICE_LINK,,
5407,000019c600001931,İKİZCE,E8,Daire 18,0,registered,unchanged,NO_DETERMINISTIC_DEVICE_LINK,,
5408,000019c640021872,İKİZCE,E8,Daire 18,0,registered,unchanged,NO_DETERMINISTIC_DEVICE_LINK,,
5409,000019c600002648,İKİZCE,E8,Daire 19,0,registered,unchanged,NO_DETERMINISTIC_DEVICE_LINK,,
5410,000019c640020584,İKİZCE,E8,Daire 19,0,registered,unchanged,NO_DETERMINISTIC_DEVICE_LINK,,
5411,000019c600000449,İKİZCE,E8,Daire 2,0,registered,unchanged,NO_DETERMINISTIC_DEVICE_LINK,,
5412,000019c640014113,İKİZCE,E8,Daire 2,0,registered,unchanged,NO_DETERMINISTIC_DEVICE_LINK,,
5413,000019c600003336,İKİZCE,E8,Daire 20,0,registered,unchanged,NO_DETERMINISTIC_DEVICE_LINK,,
5414,000019c640020587,İKİZCE,E8,Daire 20,0,active,unchanged,NO_DETERMINISTIC_DEVICE_LINK,,
5415,000019c600000813,İKİZCE,E8,Daire 3,0,registered,unchanged,NO_DETERMINISTIC_DEVICE_LINK,,
5416,000019c640020054,İKİZCE,E8,Daire 3,0,registered,unchanged,NO_DETERMINISTIC_DEVICE_LINK,,
5417,000019c600000817,İKİZCE,E8,Daire 4,0,registered,unchanged,NO_DETERMINISTIC_DEVICE_LINK,,
5418,000019c640014695,İKİZCE,E8,Daire 4,0,registered,unchanged,NO_DETERMINISTIC_DEVICE_LINK,,
5419,000019c600000240,İKİZCE,E8,Daire 5,0,registered,unchanged,NO_DETERMINISTIC_DEVICE_LINK,,
5420,000019c640013492,İKİZCE,E8,Daire 5,0,registered,unchanged,NO_DETERMINISTIC_DEVICE_LINK,,
5421,000019c600001932,İKİZCE,E8,Daire 6,0,registered,unchanged,NO_DETERMINISTIC_DEVICE_LINK,,
5422,000019c640013808,İKİZCE,E8,Daire 6,0,registered,unchanged,NO_DETERMINISTIC_DEVICE_LINK,,
5423,000019c640002746,İKİZCE,E8,Daire 7,0,active,unchanged,NO_DETERMINISTIC_DEVICE_LINK,,
5424,000019c640020058,İKİZCE,E8,Daire 7,0,registered,unchanged,NO_DETERMINISTIC_DEVICE_LINK,,
5425,000019c600002644,İKİZCE,E8,Daire 8,0,registered,unchanged,NO_DETERMINISTIC_DEVICE_LINK,,
5426,000019c640021875,İKİZCE,E8,Daire 8,0,registered,unchanged,NO_DETERMINISTIC_DEVICE_LINK,,
5427,000019c600004090,İKİZCE,E8,Daire 9,0,registered,unchanged,NO_DETERMINISTIC_DEVICE_LINK,,
5428,000019c640020051,İKİZCE,E8,Daire 9,0,registered,unchanged,NO_DETERMINISTIC_DEVICE_LINK,,
5429,000019c640011599,İKİZCE,E8,Ortak Alan,0,registered,unchanged,NO_DETERMINISTIC_DEVICE_LINK,,
5430,000019c640011992,İKİZCE,E8,Ortak Alan 1,0,registered,unchanged,NO_DETERMINISTIC_DEVICE_LINK,,
5431,000019c640004322,İKİZCE,E9,Daire 1,0,active,unchanged,NO_DETERMINISTIC_DEVICE_LINK,,
5432,000019c640013595,İKİZCE,E9,Daire 1,0,registered,unchanged,NO_DETERMINISTIC_DEVICE_LINK,,
5433,000019c640004909,İKİZCE,E9,Daire 10,0,active,unchanged,NO_DETERMINISTIC_DEVICE_LINK,,
5434,000019c640021284,İKİZCE,E9,Daire 10,0,active,unchanged,NO_DETERMINISTIC_DEVICE_LINK,,
5435,000019c640003342,İKİZCE,E9,Daire 11,0,registered,unchanged,NO_DETERMINISTIC_DEVICE_LINK,,
5436,000019c640021638,İKİZCE,E9,Daire 11,0,registered,unchanged,NO_DETERMINISTIC_DEVICE_LINK,,
5437,000019c640000939,İKİZCE,E9,Daire 12,0,registered,unchanged,NO_DETERMINISTIC_DEVICE_LINK,,
5438,000019c640019701,İKİZCE,E9,Daire 12,0,registered,unchanged,NO_DETERMINISTIC_DEVICE_LINK,,
5439,000019c640000934,İKİZCE,E9,Daire 13,0,active,unchanged,NO_DETERMINISTIC_DEVICE_LINK,,
5440,000019c640021066,İKİZCE,E9,Daire 13,0,registered,unchanged,NO_DETERMINISTIC_DEVICE_LINK,,
5441,000019c640004908,İKİZCE,E9,Daire 14,0,registered,unchanged,NO_DETERMINISTIC_DEVICE_LINK,,
5442,000019c640019632,İKİZCE,E9,Daire 14,0,registered,unchanged,NO_DETERMINISTIC_DEVICE_LINK,,
5443,000019c640000936,İKİZCE,E9,Daire 15,0,active,unchanged,NO_DETERMINISTIC_DEVICE_LINK,,
5444,000019c640012214,İKİZCE,E9,Daire 15,0,registered,unchanged,NO_DETERMINISTIC_DEVICE_LINK,,
5445,000019c640003348,İKİZCE,E9,Daire 16,0,registered,unchanged,NO_DETERMINISTIC_DEVICE_LINK,,
5446,000019c640018652,İKİZCE,E9,Daire 16,0,registered,unchanged,NO_DETERMINISTIC_DEVICE_LINK,,
5447,000019c640004901,İKİZCE,E9,Daire 17,0,active,unchanged,NO_DETERMINISTIC_DEVICE_LINK,,
5448,000019c640018847,İKİZCE,E9,Daire 17,0,active,unchanged,NO_DETERMINISTIC_DEVICE_LINK,,
5449,000019c640000938,İKİZCE,E9,Daire 18,0,registered,unchanged,NO_DETERMINISTIC_DEVICE_LINK,,
5450,000019c640013958,İKİZCE,E9,Daire 18,0,registered,unchanged,NO_DETERMINISTIC_DEVICE_LINK,,
5451,000019c640004907,İKİZCE,E9,Daire 19,0,registered,unchanged,NO_DETERMINISTIC_DEVICE_LINK,,
5452,000019c640014142,İKİZCE,E9,Daire 19,0,active,unchanged,NO_DETERMINISTIC_DEVICE_LINK,,
5453,000019c640004343,İKİZCE,E9,Daire 2,0,registered,unchanged,NO_DETERMINISTIC_DEVICE_LINK,,
5454,000019c640019277,İKİZCE,E9,Daire 2,0,registered,unchanged,NO_DETERMINISTIC_DEVICE_LINK,,
5455,000019c640000932,İKİZCE,E9,Daire 20,0,active,unchanged,NO_DETERMINISTIC_DEVICE_LINK,,
5456,000019c640016593,İKİZCE,E9,Daire 20,0,registered,unchanged,NO_DETERMINISTIC_DEVICE_LINK,,
5457,000019c640002649,İKİZCE,E9,Daire 3,0,registered,unchanged,NO_DETERMINISTIC_DEVICE_LINK,,
5458,000019c640021288,İKİZCE,E9,Daire 3,0,registered,unchanged,NO_DETERMINISTIC_DEVICE_LINK,,
5459,000019c640004790,İKİZCE,E9,Daire 4,0,registered,unchanged,NO_DETERMINISTIC_DEVICE_LINK,,
5460,000019c640015079,İKİZCE,E9,Daire 4,0,registered,unchanged,NO_DETERMINISTIC_DEVICE_LINK,,
5461,000019c640000204,İKİZCE,E9,Daire 5,0,registered,unchanged,NO_DETERMINISTIC_DEVICE_LINK,,
5462,000019c640015055,İKİZCE,E9,Daire 5,0,registered,unchanged,NO_DETERMINISTIC_DEVICE_LINK,,
5463,000019c640004416,İKİZCE,E9,Daire 6,0,active,unchanged,NO_DETERMINISTIC_DEVICE_LINK,,
5464,000019c640018650,İKİZCE,E9,Daire 6,0,registered,unchanged,NO_DETERMINISTIC_DEVICE_LINK,,
5465,000019c640003374,İKİZCE,E9,Daire 7,0,registered,unchanged,NO_DETERMINISTIC_DEVICE_LINK,,
5466,000019c640014950,İKİZCE,E9,Daire 7,0,registered,unchanged,NO_DETERMINISTIC_DEVICE_LINK,,
5467,000019c640004420,İKİZCE,E9,Daire 8,0,registered,unchanged,NO_DETERMINISTIC_DEVICE_LINK,,
5468,000019c640019276,İKİZCE,E9,Daire 8,0,registered,unchanged,NO_DETERMINISTIC_DEVICE_LINK,,
5469,000019c640003372,İKİZCE,E9,Daire 9,0,active,unchanged,NO_DETERMINISTIC_DEVICE_LINK,,
5470,000019c640019647,İKİZCE,E9,Daire 9,0,registered,unchanged,NO_DETERMINISTIC_DEVICE_LINK,,
5471,000019c640011940,İKİZCE,E9,Ortak alan,0,registered,unchanged,NO_DETERMINISTIC_DEVICE_LINK,,
5472,000019c614001843,İKİZCE,E9,Ortak Alan 1,0,registered,unchanged,NO_DETERMINISTIC_DEVICE_LINK,,
5473,000019c640014149,İKİZCE,E9,Ortak Alan 2,0,registered,unchanged,NO_DETERMINISTIC_DEVICE_LINK,,
5474,000019c600000988,İKİZCE,GB 1,Daire 1,0,registered,unchanged,NO_DETERMINISTIC_DEVICE_LINK,,
5475,000019c600003622,İKİZCE,GB 1,Daire 10,0,registered,unchanged,NO_DETERMINISTIC_DEVICE_LINK,,
5476,000019c600003625,İKİZCE,GB 1,Daire 11,0,registered,unchanged,NO_DETERMINISTIC_DEVICE_LINK,,
5477,000019c600004484,İKİZCE,GB 1,Daire 12,0,registered,unchanged,NO_DETERMINISTIC_DEVICE_LINK,,
5478,000019c600001590,İKİZCE,GB 1,Daire 13,0,registered,unchanged,NO_DETERMINISTIC_DEVICE_LINK,,
5479,000019c600002006,İKİZCE,GB 1,Daire 14,0,registered,unchanged,NO_DETERMINISTIC_DEVICE_LINK,,
5480,000019c600003623,İKİZCE,GB 1,Daire 16,0,registered,unchanged,NO_DETERMINISTIC_DEVICE_LINK,,
5481,000019c600001589,İKİZCE,GB 1,Daire 17,0,registered,unchanged,NO_DETERMINISTIC_DEVICE_LINK,,
5482,000019c640003626,İKİZCE,GB 1,Daire 18,0,registered,unchanged,NO_DETERMINISTIC_DEVICE_LINK,,
5483,000019c600004488,İKİZCE,GB 1,Daire 2,0,registered,unchanged,NO_DETERMINISTIC_DEVICE_LINK,,
5484,000019c600003627,İKİZCE,GB 1,Daire 20,0,registered,unchanged,NO_DETERMINISTIC_DEVICE_LINK,,
5485,000019c600001578,İKİZCE,GB 1,Daire 3,0,registered,unchanged,NO_DETERMINISTIC_DEVICE_LINK,,
5486,000019c600001577,İKİZCE,GB 1,Daire 4,0,registered,unchanged,NO_DETERMINISTIC_DEVICE_LINK,,
5487,000019c600000710,İKİZCE,GB 1,Daire 5,0,registered,unchanged,NO_DETERMINISTIC_DEVICE_LINK,,
5488,000019c600004485,İKİZCE,GB 1,Daire 6,0,registered,unchanged,NO_DETERMINISTIC_DEVICE_LINK,,
5489,000019c600000701,İKİZCE,GB 1,Daire 8,0,registered,unchanged,NO_DETERMINISTIC_DEVICE_LINK,,
5490,000019c600000989,İKİZCE,GB 1,Daire 9,0,registered,unchanged,NO_DETERMINISTIC_DEVICE_LINK,,
5491,000019c600002585,İKİZCE,GB 2,Daire 1,0,registered,unchanged,NO_DETERMINISTIC_DEVICE_LINK,,
5492,000019c600000109,İKİZCE,GB 2,Daire 10,0,registered,unchanged,NO_DETERMINISTIC_DEVICE_LINK,,
5493,000019c600000105,İKİZCE,GB 2,Daire 11,0,registered,unchanged,NO_DETERMINISTIC_DEVICE_LINK,,
5494,000019c600001801,İKİZCE,GB 2,Daire 12,0,registered,unchanged,NO_DETERMINISTIC_DEVICE_LINK,,
5495,000019c600002516,İKİZCE,GB 2,Daire 13,0,registered,unchanged,NO_DETERMINISTIC_DEVICE_LINK,,
5496,000019c600001576,İKİZCE,GB 2,Daire 14,0,registered,unchanged,NO_DETERMINISTIC_DEVICE_LINK,,
5497,000019c600004481,İKİZCE,GB 2,Daire 15,0,registered,unchanged,NO_DETERMINISTIC_DEVICE_LINK,,
5498,000019c600002518,İKİZCE,GB 2,Daire 16,0,registered,unchanged,NO_DETERMINISTIC_DEVICE_LINK,,
5499,000019c600002145,İKİZCE,GB 2,Daire 17,0,registered,unchanged,NO_DETERMINISTIC_DEVICE_LINK,,
5500,000019c600000102,İKİZCE,GB 2,Daire 18,0,registered,unchanged,NO_DETERMINISTIC_DEVICE_LINK,,
5501,000019c600002511,İKİZCE,GB 2,Daire 19,0,registered,unchanged,NO_DETERMINISTIC_DEVICE_LINK,,
5502,000019c600002586,İKİZCE,GB 2,Daire 2,0,registered,unchanged,NO_DETERMINISTIC_DEVICE_LINK,,
5503,000019c640002442,İKİZCE,GB 2,Daire 20,0,registered,unchanged,NO_DETERMINISTIC_DEVICE_LINK,,
5504,000019c600004388,İKİZCE,GB 2,Daire 3,0,registered,unchanged,NO_DETERMINISTIC_DEVICE_LINK,,
5505,000019c600001769,İKİZCE,GB 2,Daire 4,0,registered,unchanged,NO_DETERMINISTIC_DEVICE_LINK,,
5506,000019c600002588,İKİZCE,GB 2,Daire 5,0,registered,unchanged,NO_DETERMINISTIC_DEVICE_LINK,,
5507,000019c600002589,İKİZCE,GB 2,Daire 6,0,registered,unchanged,NO_DETERMINISTIC_DEVICE_LINK,,
5508,000019c640037184,İKİZCE,GB 2,Daire 7,0,registered,unchanged,NO_DETERMINISTIC_DEVICE_LINK,,
5509,000019c600001761,İKİZCE,GB 2,Daire 8,0,registered,unchanged,NO_DETERMINISTIC_DEVICE_LINK,,
5510,000019c600000103,İKİZCE,GB 2,Daire 9,0,registered,unchanged,NO_DETERMINISTIC_DEVICE_LINK,,
5511,000019c640018543,İKİZCE,GB1,Daire 1,0,registered,unchanged,NO_DETERMINISTIC_DEVICE_LINK,,
5512,000019c640001251,İKİZCE,GB1,Daire 1,0,active,unchanged,NO_DETERMINISTIC_DEVICE_LINK,,
5513,000019c640013516,İKİZCE,GB1,Daire 1,0,registered,unchanged,NO_DETERMINISTIC_DEVICE_LINK,,
5514,000019c640015075,İKİZCE,GB1,Daire 1,0,registered,unchanged,NO_DETERMINISTIC_DEVICE_LINK,,
5515,000019c640019771,İKİZCE,GB1,Daire 10,0,active,unchanged,NO_DETERMINISTIC_DEVICE_LINK,,
5516,000019c640000777,İKİZCE,GB1,Daire 10,0,registered,unchanged,NO_DETERMINISTIC_DEVICE_LINK,,
5517,000019c640019612,İKİZCE,GB1,Daire 10,0,registered,unchanged,NO_DETERMINISTIC_DEVICE_LINK,,
5518,000019c640015827,İKİZCE,GB1,Daire 10,0,registered,unchanged,NO_DETERMINISTIC_DEVICE_LINK,,
5519,000019c640012622,İKİZCE,GB1,Daire 11,0,registered,unchanged,NO_DETERMINISTIC_DEVICE_LINK,,
5520,000019c640001256,İKİZCE,GB1,Daire 11,0,registered,unchanged,NO_DETERMINISTIC_DEVICE_LINK,,
5521,000019c640019515,İKİZCE,GB1,Daire 11,0,registered,unchanged,NO_DETERMINISTIC_DEVICE_LINK,,
5522,000019c640022050,İKİZCE,GB1,Daire 11,0,registered,unchanged,NO_DETERMINISTIC_DEVICE_LINK,,
5523,000019c640019770,İKİZCE,GB1,Daire 12,0,registered,unchanged,NO_DETERMINISTIC_DEVICE_LINK,,
5524,000019c640001934,İKİZCE,GB1,Daire 12,0,active,unchanged,NO_DETERMINISTIC_DEVICE_LINK,,
5525,000019c640013560,İKİZCE,GB1,Daire 12,0,registered,unchanged,NO_DETERMINISTIC_DEVICE_LINK,,
5526,000019c640021287,İKİZCE,GB1,Daire 12,0,registered,unchanged,NO_DETERMINISTIC_DEVICE_LINK,,
5527,000019c640018540,İKİZCE,GB1,Daire 13,0,active,unchanged,NO_DETERMINISTIC_DEVICE_LINK,,
5528,000019c640000776,İKİZCE,GB1,Daire 13,0,registered,unchanged,NO_DETERMINISTIC_DEVICE_LINK,,
5529,000019c640013802,İKİZCE,GB1,Daire 13,0,registered,unchanged,NO_DETERMINISTIC_DEVICE_LINK,,
5530,000019c640014954,İKİZCE,GB1,Daire 13,0,registered,unchanged,NO_DETERMINISTIC_DEVICE_LINK,,
5531,000019c640018549,İKİZCE,GB1,Daire 14,0,active,unchanged,NO_DETERMINISTIC_DEVICE_LINK,,
5532,000019c640001260,İKİZCE,GB1,Daire 14,0,registered,unchanged,NO_DETERMINISTIC_DEVICE_LINK,,
5533,000019c640013515,İKİZCE,GB1,Daire 14,0,registered,unchanged,NO_DETERMINISTIC_DEVICE_LINK,,
5534,000019c640019275,İKİZCE,GB1,Daire 14,0,registered,unchanged,NO_DETERMINISTIC_DEVICE_LINK,,
5535,000019c640018547,İKİZCE,GB1,Daire 15,0,active,unchanged,NO_DETERMINISTIC_DEVICE_LINK,,
5536,000019c640001258,İKİZCE,GB1,Daire 15,0,registered,unchanged,NO_DETERMINISTIC_DEVICE_LINK,,
5537,000019c640020911,İKİZCE,GB1,Daire 15,0,registered,unchanged,NO_DETERMINISTIC_DEVICE_LINK,,
5538,000019c640021289,İKİZCE,GB1,Daire 15,0,registered,unchanged,NO_DETERMINISTIC_DEVICE_LINK,,
5539,000019c640019898,İKİZCE,GB1,Daire 16,0,registered,unchanged,NO_DETERMINISTIC_DEVICE_LINK,,
5540,000019c640001936,İKİZCE,GB1,Daire 16,0,registered,unchanged,NO_DETERMINISTIC_DEVICE_LINK,,
5541,000019c640019942,İKİZCE,GB1,Daire 16,0,registered,unchanged,NO_DETERMINISTIC_DEVICE_LINK,,
5542,000019c640015074,İKİZCE,GB1,Daire 16,0,registered,unchanged,NO_DETERMINISTIC_DEVICE_LINK,,
5543,000019c640018545,İKİZCE,GB1,Daire 17,0,registered,unchanged,NO_DETERMINISTIC_DEVICE_LINK,,
5544,000019c640000772,İKİZCE,GB1,Daire 17,0,active,unchanged,NO_DETERMINISTIC_DEVICE_LINK,,
5545,000019c640013563,İKİZCE,GB1,Daire 17,0,registered,unchanged,NO_DETERMINISTIC_DEVICE_LINK,,
5546,000019c640014951,İKİZCE,GB1,Daire 17,0,registered,unchanged,NO_DETERMINISTIC_DEVICE_LINK,,
5547,000019c640019774,İKİZCE,GB1,Daire 18,0,active,unchanged,NO_DETERMINISTIC_DEVICE_LINK,,
5548,000019c640000839,İKİZCE,GB1,Daire 18,0,active,unchanged,NO_DETERMINISTIC_DEVICE_LINK,,
5549,000019c640013565,İKİZCE,GB1,Daire 18,0,registered,unchanged,NO_DETERMINISTIC_DEVICE_LINK,,
5550,000019c640021286,İKİZCE,GB1,Daire 18,0,registered,unchanged,NO_DETERMINISTIC_DEVICE_LINK,,
5551,000019c640012321,İKİZCE,GB1,Daire 19,0,active,unchanged,NO_DETERMINISTIC_DEVICE_LINK,,
5552,000019c640000774,İKİZCE,GB1,Daire 19,0,registered,unchanged,NO_DETERMINISTIC_DEVICE_LINK,,
5553,000019c640013564,İKİZCE,GB1,Daire 19,0,active,unchanged,NO_DETERMINISTIC_DEVICE_LINK,,
5554,000019c640014952,İKİZCE,GB1,Daire 19,0,registered,unchanged,NO_DETERMINISTIC_DEVICE_LINK,,
5555,000019c640019773,İKİZCE,GB1,Daire 2,0,registered,unchanged,NO_DETERMINISTIC_DEVICE_LINK,,
5556,000019c640000838,İKİZCE,GB1,Daire 2,0,registered,unchanged,NO_DETERMINISTIC_DEVICE_LINK,,
5557,000019c640012897,İKİZCE,GB1,Daire 2,0,registered,unchanged,NO_DETERMINISTIC_DEVICE_LINK,,
5558,000019c640020175,İKİZCE,GB1,Daire 2,0,registered,unchanged,NO_DETERMINISTIC_DEVICE_LINK,,
5559,000019c640018548,İKİZCE,GB1,Daire 20,0,active,unchanged,NO_DETERMINISTIC_DEVICE_LINK,,
5560,000019c640001907,İKİZCE,GB1,Daire 20,0,registered,unchanged,NO_DETERMINISTIC_DEVICE_LINK,,
5561,000019c640015823,İKİZCE,GB1,Daire 20,0,active,unchanged,NO_DETERMINISTIC_DEVICE_LINK,,
5562,000019c640018542,İKİZCE,GB1,Daire 3,0,registered,unchanged,NO_DETERMINISTIC_DEVICE_LINK,,
5563,000019c640002072,İKİZCE,GB1,Daire 3,0,registered,unchanged,NO_DETERMINISTIC_DEVICE_LINK,,
5564,000019c640019688,İKİZCE,GB1,Daire 3,0,registered,unchanged,NO_DETERMINISTIC_DEVICE_LINK,,
5565,000019c640015820,İKİZCE,GB1,Daire 3,0,registered,unchanged,NO_DETERMINISTIC_DEVICE_LINK,,
5566,000019c640012328,İKİZCE,GB1,Daire 4,0,registered,unchanged,NO_DETERMINISTIC_DEVICE_LINK,,
5567,000019c640000837,İKİZCE,GB1,Daire 4,0,registered,unchanged,NO_DETERMINISTIC_DEVICE_LINK,,
5568,000019c640012894,İKİZCE,GB1,Daire 4,0,registered,unchanged,NO_DETERMINISTIC_DEVICE_LINK,,
5569,000019c640015070,İKİZCE,GB1,Daire 4,0,registered,unchanged,NO_DETERMINISTIC_DEVICE_LINK,,
5570,000019c640019500,İKİZCE,GB1,Daire 5,0,active,unchanged,NO_DETERMINISTIC_DEVICE_LINK,,
5571,000019c640003666,İKİZCE,GB1,Daire 5,0,registered,unchanged,NO_DETERMINISTIC_DEVICE_LINK,,
5572,000019c640019940,İKİZCE,GB1,Daire 5,0,registered,unchanged,NO_DETERMINISTIC_DEVICE_LINK,,
5573,000019c640021069,İKİZCE,GB1,Daire 5,0,registered,unchanged,NO_DETERMINISTIC_DEVICE_LINK,,
5574,000019c640012620,İKİZCE,GB1,Daire 6,0,active,unchanged,NO_DETERMINISTIC_DEVICE_LINK,,
5575,000019c640004419,İKİZCE,GB1,Daire 6,0,registered,unchanged,NO_DETERMINISTIC_DEVICE_LINK,,
5576,000019c640019610,İKİZCE,GB1,Daire 6,0,registered,unchanged,NO_DETERMINISTIC_DEVICE_LINK,,
5577,000019c640022052,İKİZCE,GB1,Daire 6,0,registered,unchanged,NO_DETERMINISTIC_DEVICE_LINK,,
5578,000019c640019506,İKİZCE,GB1,Daire 7,0,registered,unchanged,NO_DETERMINISTIC_DEVICE_LINK,,
5579,000019c640004006,İKİZCE,GB1,Daire 7,0,registered,unchanged,NO_DETERMINISTIC_DEVICE_LINK,,
5580,000019c640013809,İKİZCE,GB1,Daire 7,0,registered,unchanged,NO_DETERMINISTIC_DEVICE_LINK,,
5581,000019c640019881,İKİZCE,GB1,Daire 7,0,registered,unchanged,NO_DETERMINISTIC_DEVICE_LINK,,
5582,000019c640012324,İKİZCE,GB1,Daire 8,0,registered,unchanged,NO_DETERMINISTIC_DEVICE_LINK,,
5583,000019c640003379,İKİZCE,GB1,Daire 8,0,registered,unchanged,NO_DETERMINISTIC_DEVICE_LINK,,
5584,000019c640012896,İKİZCE,GB1,Daire 8,0,registered,unchanged,NO_DETERMINISTIC_DEVICE_LINK,,
5585,000019c640020170,İKİZCE,GB1,Daire 8,0,registered,unchanged,NO_DETERMINISTIC_DEVICE_LINK,,
5586,000019c640018544,İKİZCE,GB1,Daire 9,0,active,unchanged,NO_DETERMINISTIC_DEVICE_LINK,,
5587,000019c640001935,İKİZCE,GB1,Daire 9,0,registered,unchanged,NO_DETERMINISTIC_DEVICE_LINK,,
5588,000019c640019514,İKİZCE,GB1,Daire 9,0,registered,unchanged,NO_DETERMINISTIC_DEVICE_LINK,,
5589,000019c640015071,İKİZCE,GB1,Daire 9,0,registered,unchanged,NO_DETERMINISTIC_DEVICE_LINK,,
5590,000019c640012997,İKİZCE,GB1,Kapıcı Dairesi,0,registered,unchanged,NO_DETERMINISTIC_DEVICE_LINK,,
5591,000019c640011954,İKİZCE,GB1,Ortak Alan,0,registered,unchanged,NO_DETERMINISTIC_DEVICE_LINK,,
5592,000019c640011293,İKİZCE,GB1,Ortak Alan 1,0,registered,unchanged,NO_DETERMINISTIC_DEVICE_LINK,,
5593,000019c640021062,İKİZCE,GB1,Ortak Alan 1,0,registered,unchanged,NO_DETERMINISTIC_DEVICE_LINK,,
5594,000019c640019271,İKİZCE,GB1,Ortak Alan 2,0,registered,unchanged,NO_DETERMINISTIC_DEVICE_LINK,,
5595,000019c640011546,İKİZCE,GB1,Ortak Alan 2,0,registered,unchanged,NO_DETERMINISTIC_DEVICE_LINK,,
5596,000019c640016839,İKİZCE,GB10,Daire 1,0,registered,unchanged,NO_DETERMINISTIC_DEVICE_LINK,,
5597,000019c600003314,İKİZCE,GB10,Daire 1,0,registered,unchanged,NO_DETERMINISTIC_DEVICE_LINK,,
5598,000019c640008845,İKİZCE,GB10,Daire 1,0,registered,unchanged,NO_DETERMINISTIC_DEVICE_LINK,,
5599,000019c640019137,İKİZCE,GB10,Daire 10,0,registered,unchanged,NO_DETERMINISTIC_DEVICE_LINK,,
5600,000019c600002624,İKİZCE,GB10,Daire 10,0,registered,unchanged,NO_DETERMINISTIC_DEVICE_LINK,,
5601,000019c640014756,İKİZCE,GB10,Daire 10,0,registered,unchanged,NO_DETERMINISTIC_DEVICE_LINK,,
5602,000019c640018713,İKİZCE,GB10,Daire 11,0,registered,unchanged,NO_DETERMINISTIC_DEVICE_LINK,,
5603,000019c600002552,İKİZCE,GB10,Daire 11,0,registered,unchanged,NO_DETERMINISTIC_DEVICE_LINK,,
5604,000019c640015888,İKİZCE,GB10,Daire 11,0,registered,unchanged,NO_DETERMINISTIC_DEVICE_LINK,,
5605,000019c640020216,İKİZCE,GB10,Daire 12,0,registered,unchanged,NO_DETERMINISTIC_DEVICE_LINK,,
5606,000019c640014753,İKİZCE,GB10,Daire 12,0,registered,unchanged,NO_DETERMINISTIC_DEVICE_LINK,,
5607,000019c640020959,İKİZCE,GB10,Daire 13,0,active,unchanged,NO_DETERMINISTIC_DEVICE_LINK,,
5608,000019c600003760,İKİZCE,GB10,Daire 13,0,registered,unchanged,NO_DETERMINISTIC_DEVICE_LINK,,
5609,000019c640014758,İKİZCE,GB10,Daire 13,0,registered,unchanged,NO_DETERMINISTIC_DEVICE_LINK,,
5610,000019c640015278,İKİZCE,GB10,Daire 14,0,active,unchanged,NO_DETERMINISTIC_DEVICE_LINK,,
5611,000019c600003228,İKİZCE,GB10,Daire 14,0,registered,unchanged,NO_DETERMINISTIC_DEVICE_LINK,,
5612,000019c640015757,İKİZCE,GB10,Daire 14,0,registered,unchanged,NO_DETERMINISTIC_DEVICE_LINK,,
5613,000019c640015047,İKİZCE,GB10,Daire 15,0,active,unchanged,NO_DETERMINISTIC_DEVICE_LINK,,
5614,000019c600000633,İKİZCE,GB10,Daire 15,0,registered,unchanged,NO_DETERMINISTIC_DEVICE_LINK,,
5615,000019c640014754,İKİZCE,GB10,Daire 15,0,registered,unchanged,NO_DETERMINISTIC_DEVICE_LINK,,
5616,000019c640015388,İKİZCE,GB10,Daire 16,0,active,unchanged,NO_DETERMINISTIC_DEVICE_LINK,,
5617,000019c600004937,İKİZCE,GB10,Daire 16,0,registered,unchanged,NO_DETERMINISTIC_DEVICE_LINK,,
5618,000019c640015882,İKİZCE,GB10,Daire 16,0,active,unchanged,NO_DETERMINISTIC_DEVICE_LINK,,
5619,000019c640015065,İKİZCE,GB10,Daire 17,0,registered,unchanged,NO_DETERMINISTIC_DEVICE_LINK,,
5620,000019c600001818,İKİZCE,GB10,Daire 17,0,registered,unchanged,NO_DETERMINISTIC_DEVICE_LINK,,
5621,000019c640014399,İKİZCE,GB10,Daire 17,0,active,unchanged,NO_DETERMINISTIC_DEVICE_LINK,,
5622,000019c640015041,İKİZCE,GB10,Daire 18,0,registered,unchanged,NO_DETERMINISTIC_DEVICE_LINK,,
5623,000019c600002623,İKİZCE,GB10,Daire 18,0,registered,unchanged,NO_DETERMINISTIC_DEVICE_LINK,,
5624,000019c640014759,İKİZCE,GB10,Daire 18,0,active,unchanged,NO_DETERMINISTIC_DEVICE_LINK,,
5625,000019c640018711,İKİZCE,GB10,Daire 19,0,registered,unchanged,NO_DETERMINISTIC_DEVICE_LINK,,
5626,000019c600003317,İKİZCE,GB10,Daire 19,0,registered,unchanged,NO_DETERMINISTIC_DEVICE_LINK,,
5627,000019c640014751,İKİZCE,GB10,Daire 19,0,registered,unchanged,NO_DETERMINISTIC_DEVICE_LINK,,
5628,000019c640015387,İKİZCE,GB10,Daire 2,0,registered,unchanged,NO_DETERMINISTIC_DEVICE_LINK,,
5629,000019c600001856,İKİZCE,GB10,Daire 2,0,registered,unchanged,NO_DETERMINISTIC_DEVICE_LINK,,
5630,000019c640008840,İKİZCE,GB10,Daire 2,0,registered,unchanged,NO_DETERMINISTIC_DEVICE_LINK,,
5631,000019c640020926,İKİZCE,GB10,Daire 20,0,active,unchanged,NO_DETERMINISTIC_DEVICE_LINK,,
5632,000019c600001819,İKİZCE,GB10,Daire 20,0,registered,unchanged,NO_DETERMINISTIC_DEVICE_LINK,,
5633,000019c640015068,İKİZCE,GB10,Daire 21,0,registered,unchanged,NO_DETERMINISTIC_DEVICE_LINK,,
5634,000019c600002558,İKİZCE,GB10,Daire 21,0,registered,unchanged,NO_DETERMINISTIC_DEVICE_LINK,,
5635,000019c640013057,İKİZCE,GB10,Daire 22,0,registered,unchanged,NO_DETERMINISTIC_DEVICE_LINK,,
5636,000019c600002621,İKİZCE,GB10,Daire 22,0,registered,unchanged,NO_DETERMINISTIC_DEVICE_LINK,,
5637,000019c640015049,İKİZCE,GB10,Daire 3,0,registered,unchanged,NO_DETERMINISTIC_DEVICE_LINK,,
5638,000019c600003751,İKİZCE,GB10,Daire 3,0,registered,unchanged,NO_DETERMINISTIC_DEVICE_LINK,,
5639,000019c640015881,İKİZCE,GB10,Daire 3,0,registered,unchanged,NO_DETERMINISTIC_DEVICE_LINK,,
5640,000019c640016838,İKİZCE,GB10,Daire 4,0,registered,unchanged,NO_DETERMINISTIC_DEVICE_LINK,,
5641,000019c600007185,İKİZCE,GB10,Daire 4,0,registered,unchanged,NO_DETERMINISTIC_DEVICE_LINK,,
5642,000019c640015887,İKİZCE,GB10,Daire 4,0,registered,unchanged,NO_DETERMINISTIC_DEVICE_LINK,,
5643,000019c640018717,İKİZCE,GB10,Daire 5,0,registered,unchanged,NO_DETERMINISTIC_DEVICE_LINK,,
5644,000019c640015880,İKİZCE,GB10,Daire 5,0,registered,unchanged,NO_DETERMINISTIC_DEVICE_LINK,,
5645,000019c640015045,İKİZCE,GB10,Daire 6,0,registered,unchanged,NO_DETERMINISTIC_DEVICE_LINK,,
5646,000019c600003756,İKİZCE,GB10,Daire 6,0,registered,unchanged,NO_DETERMINISTIC_DEVICE_LINK,,
5647,000019c640014390,İKİZCE,GB10,Daire 6,0,active,unchanged,NO_DETERMINISTIC_DEVICE_LINK,,
5648,000019c640013054,İKİZCE,GB10,Daire 7,0,registered,unchanged,NO_DETERMINISTIC_DEVICE_LINK,,
5649,000019c600002626,İKİZCE,GB10,Daire 7,0,registered,unchanged,NO_DETERMINISTIC_DEVICE_LINK,,
5650,000019c640015807,İKİZCE,GB10,Daire 7,0,registered,unchanged,NO_DETERMINISTIC_DEVICE_LINK,,
5651,000019c640016448,İKİZCE,GB10,Daire 8,0,registered,unchanged,NO_DETERMINISTIC_DEVICE_LINK,,
5652,000019c600002553,İKİZCE,GB10,Daire 8,0,registered,unchanged,NO_DETERMINISTIC_DEVICE_LINK,,
5653,000019c640015886,İKİZCE,GB10,Daire 8,0,registered,unchanged,NO_DETERMINISTIC_DEVICE_LINK,,
5654,000019c640016441,İKİZCE,GB10,Daire 9,0,registered,unchanged,NO_DETERMINISTIC_DEVICE_LINK,,
5655,000019c600004934,İKİZCE,GB10,Daire 9,0,registered,unchanged,NO_DETERMINISTIC_DEVICE_LINK,,
5656,000019c640012920,İKİZCE,GB10,Daire 9,0,registered,unchanged,NO_DETERMINISTIC_DEVICE_LINK,,
5657,000019c640008843,İKİZCE,GB10,Kapıcı Dairesi,0,registered,unchanged,NO_DETERMINISTIC_DEVICE_LINK,,
5658,000019c640021585,İKİZCE,GB11,Daire 1,0,registered,unchanged,NO_DETERMINISTIC_DEVICE_LINK,,
5659,000019c640001476,İKİZCE,GB11,Daire 1,0,registered,unchanged,NO_DETERMINISTIC_DEVICE_LINK,,
5660,000019c640016474,İKİZCE,GB11,Daire 10,0,active,unchanged,NO_DETERMINISTIC_DEVICE_LINK,,
5661,000019c600001584,İKİZCE,GB11,Daire 10,0,registered,unchanged,NO_DETERMINISTIC_DEVICE_LINK,,
5662,000019c640017986,İKİZCE,GB11,Daire 11,0,registered,unchanged,NO_DETERMINISTIC_DEVICE_LINK,,
5663,000019c600003628,İKİZCE,GB11,Daire 11,0,registered,unchanged,NO_DETERMINISTIC_DEVICE_LINK,,
5664,000019c640013091,İKİZCE,GB11,Daire 12,0,active,unchanged,NO_DETERMINISTIC_DEVICE_LINK,,
5665,000019c600004560,İKİZCE,GB11,Daire 12,0,registered,unchanged,NO_DETERMINISTIC_DEVICE_LINK,,
5666,000019c640013094,İKİZCE,GB11,Daire 13,0,registered,unchanged,NO_DETERMINISTIC_DEVICE_LINK,,
5667,000019c600002062,İKİZCE,GB11,Daire 13,0,registered,unchanged,NO_DETERMINISTIC_DEVICE_LINK,,
5668,000019c640013097,İKİZCE,GB11,Daire 14,0,registered,unchanged,NO_DETERMINISTIC_DEVICE_LINK,,
5669,000019c600002262,İKİZCE,GB11,Daire 14,0,registered,unchanged,NO_DETERMINISTIC_DEVICE_LINK,,
5670,000019c640017988,İKİZCE,GB11,Daire 15,0,active,unchanged,NO_DETERMINISTIC_DEVICE_LINK,,
5671,000019c600002008,İKİZCE,GB11,Daire 15,0,registered,unchanged,NO_DETERMINISTIC_DEVICE_LINK,,
5672,000019c640016479,İKİZCE,GB11,Daire 16,0,active,unchanged,NO_DETERMINISTIC_DEVICE_LINK,,
5673,000019c600004557,İKİZCE,GB11,Daire 16,0,active,unchanged,NO_DETERMINISTIC_DEVICE_LINK,,
5674,000019c640020215,İKİZCE,GB11,Daire 17,0,registered,unchanged,NO_DETERMINISTIC_DEVICE_LINK,,
5675,000019c600003629,İKİZCE,GB11,Daire 17,0,registered,unchanged,NO_DETERMINISTIC_DEVICE_LINK,,
5676,000019c640015048,İKİZCE,GB11,Daire 18,0,registered,unchanged,NO_DETERMINISTIC_DEVICE_LINK,,
5677,000019c600004551,İKİZCE,GB11,Daire 18,0,active,unchanged,NO_DETERMINISTIC_DEVICE_LINK,,
5678,000019c600002003,İKİZCE,GB11,Daire 19,0,registered,unchanged,NO_DETERMINISTIC_DEVICE_LINK,,
5679,000019c640020421,İKİZCE,GB11,Daire 2,0,registered,unchanged,NO_DETERMINISTIC_DEVICE_LINK,,
5680,000019c640013090,İKİZCE,GB11,Daire 20,0,registered,unchanged,NO_DETERMINISTIC_DEVICE_LINK,,
5681,000019c640001588,İKİZCE,GB11,Daire 20,0,registered,unchanged,NO_DETERMINISTIC_DEVICE_LINK,,
5682,000019c640020213,İKİZCE,GB11,Daire 21,0,active,unchanged,NO_DETERMINISTIC_DEVICE_LINK,,
5683,000019c600001582,İKİZCE,GB11,Daire 21,0,registered,unchanged,NO_DETERMINISTIC_DEVICE_LINK,,
5684,000019c640013098,İKİZCE,GB11,Daire 22,0,registered,unchanged,NO_DETERMINISTIC_DEVICE_LINK,,
5685,000019c640003630,İKİZCE,GB11,Daire 22,0,registered,unchanged,NO_DETERMINISTIC_DEVICE_LINK,,
5686,000019c600004552,İKİZCE,GB11,Daire 3,0,registered,unchanged,NO_DETERMINISTIC_DEVICE_LINK,,
5687,000019c640016478,İKİZCE,GB11,Daire 4,0,registered,unchanged,NO_DETERMINISTIC_DEVICE_LINK,,
5688,000019c640002447,İKİZCE,GB11,Daire 4,0,registered,unchanged,NO_DETERMINISTIC_DEVICE_LINK,,
5689,000019c640014740,İKİZCE,GB11,Daire 5,0,active,unchanged,NO_DETERMINISTIC_DEVICE_LINK,,
5690,000019c600002055,İKİZCE,GB11,Daire 5,0,registered,unchanged,NO_DETERMINISTIC_DEVICE_LINK,,
5691,000019c640014819,İKİZCE,GB11,Daire 6,0,registered,unchanged,NO_DETERMINISTIC_DEVICE_LINK,,
5692,000019c600001587,İKİZCE,GB11,Daire 6,0,registered,unchanged,NO_DETERMINISTIC_DEVICE_LINK,,
5693,000019c640014744,İKİZCE,GB11,Daire 7,0,active,unchanged,NO_DETERMINISTIC_DEVICE_LINK,,
5694,000019c600004558,İKİZCE,GB11,Daire 7,0,active,unchanged,NO_DETERMINISTIC_DEVICE_LINK,,
5695,000019c640020954,İKİZCE,GB11,Daire 8,0,registered,unchanged,NO_DETERMINISTIC_DEVICE_LINK,,
5696,000019c600004555,İKİZCE,GB11,Daire 8,0,registered,unchanged,NO_DETERMINISTIC_DEVICE_LINK,,
5697,000019c640020420,İKİZCE,GB11,Daire 9,0,registered,unchanged,NO_DETERMINISTIC_DEVICE_LINK,,
5698,000019c600002058,İKİZCE,GB11,Daire 9,0,registered,unchanged,NO_DETERMINISTIC_DEVICE_LINK,,
5699,000019c640032054,İKİZCE,GB11,Dairesi 2,0,registered,unchanged,NO_DETERMINISTIC_DEVICE_LINK,,
5700,000019c640021180,İKİZCE,GB12,Daire 1,0,active,unchanged,NO_DETERMINISTIC_DEVICE_LINK,,
5701,000019c640008755,İKİZCE,GB12,Daire 1,0,registered,unchanged,NO_DETERMINISTIC_DEVICE_LINK,,
5702,000019c640013860,İKİZCE,GB12,Daire 10,0,registered,unchanged,NO_DETERMINISTIC_DEVICE_LINK,,
5703,000019c600004309,İKİZCE,GB12,Daire 10,0,registered,unchanged,NO_DETERMINISTIC_DEVICE_LINK,,
5704,000019c640020787,İKİZCE,GB12,Daire 11,0,registered,unchanged,NO_DETERMINISTIC_DEVICE_LINK,,
5705,000019c600002321,İKİZCE,GB12,Daire 11,0,registered,unchanged,NO_DETERMINISTIC_DEVICE_LINK,,
5706,000019c640021588,İKİZCE,GB12,Daire 12,0,registered,unchanged,NO_DETERMINISTIC_DEVICE_LINK,,
5707,000019c640006334,İKİZCE,GB12,Daire 12,0,registered,unchanged,NO_DETERMINISTIC_DEVICE_LINK,,
5708,000019c640022048,İKİZCE,GB12,Daire 13,0,active,unchanged,NO_DETERMINISTIC_DEVICE_LINK,,
5709,000019c600004300,İKİZCE,GB12,Daire 13,0,registered,unchanged,NO_DETERMINISTIC_DEVICE_LINK,,
5710,000019c640017812,İKİZCE,GB12,Daire 14,0,registered,unchanged,NO_DETERMINISTIC_DEVICE_LINK,,
5711,000019c600002329,İKİZCE,GB12,Daire 14,0,registered,unchanged,NO_DETERMINISTIC_DEVICE_LINK,,
5712,000019c640020809,İKİZCE,GB12,Daire 15,0,active,unchanged,NO_DETERMINISTIC_DEVICE_LINK,,
5713,000019c600002320,İKİZCE,GB12,Daire 15,0,registered,unchanged,NO_DETERMINISTIC_DEVICE_LINK,,
5714,000019c640020784,İKİZCE,GB12,Daire 16,0,registered,unchanged,NO_DETERMINISTIC_DEVICE_LINK,,
5715,000019c600004301,İKİZCE,GB12,Daire 16,0,registered,unchanged,NO_DETERMINISTIC_DEVICE_LINK,,
5716,000019c640020223,İKİZCE,GB12,Daire 17,0,registered,unchanged,NO_DETERMINISTIC_DEVICE_LINK,,
5717,000019c600004308,İKİZCE,GB12,Daire 17,0,registered,unchanged,NO_DETERMINISTIC_DEVICE_LINK,,
5718,000019c640020786,İKİZCE,GB12,Daire 18,0,active,unchanged,NO_DETERMINISTIC_DEVICE_LINK,,
5719,000019c640006303,İKİZCE,GB12,Daire 18,0,registered,unchanged,NO_DETERMINISTIC_DEVICE_LINK,,
5720,000019c640007568,İKİZCE,GB12,Daire 19,0,registered,unchanged,NO_DETERMINISTIC_DEVICE_LINK,,
5721,000019c640020422,İKİZCE,GB12,Daire 19,0,active,unchanged,NO_DETERMINISTIC_DEVICE_LINK,,
5722,000019c640020769,İKİZCE,GB12,Daire 2,0,active,unchanged,NO_DETERMINISTIC_DEVICE_LINK,,
5723,000019c640007085,İKİZCE,GB12,Daire 2,0,registered,unchanged,NO_DETERMINISTIC_DEVICE_LINK,,
5724,000019c600004307,İKİZCE,GB12,Daire 20,0,registered,unchanged,NO_DETERMINISTIC_DEVICE_LINK,,
5725,000019c640022044,İKİZCE,GB12,Daire 20,0,registered,unchanged,NO_DETERMINISTIC_DEVICE_LINK,,
5726,000019c640020429,İKİZCE,GB12,Daire 3,0,registered,unchanged,NO_DETERMINISTIC_DEVICE_LINK,,
5727,000019c640007086,İKİZCE,GB12,Daire 3,0,registered,unchanged,NO_DETERMINISTIC_DEVICE_LINK,,
5728,000019c640020220,İKİZCE,GB12,Daire 4,0,registered,unchanged,NO_DETERMINISTIC_DEVICE_LINK,,
5729,000019c640007573,İKİZCE,GB12,Daire 4,0,registered,unchanged,NO_DETERMINISTIC_DEVICE_LINK,,
5730,000019c640020805,İKİZCE,GB12,Daire 5,0,registered,unchanged,NO_DETERMINISTIC_DEVICE_LINK,,
5731,000019c640007083,İKİZCE,GB12,Daire 5,0,registered,unchanged,NO_DETERMINISTIC_DEVICE_LINK,,
5732,000019c640020228,İKİZCE,GB12,Daire 6,0,active,unchanged,NO_DETERMINISTIC_DEVICE_LINK,,
5733,000019c640006207,İKİZCE,GB12,Daire 6,0,registered,unchanged,NO_DETERMINISTIC_DEVICE_LINK,,
5734,000019c640020801,İKİZCE,GB12,Daire 7,0,registered,unchanged,NO_DETERMINISTIC_DEVICE_LINK,,
5735,000019c640007569,İKİZCE,GB12,Daire 7,0,registered,unchanged,NO_DETERMINISTIC_DEVICE_LINK,,
5736,000019c640020807,İKİZCE,GB12,Daire 8,0,active,unchanged,NO_DETERMINISTIC_DEVICE_LINK,,
5737,000019c640006237,İKİZCE,GB12,Daire 8,0,registered,unchanged,NO_DETERMINISTIC_DEVICE_LINK,,
5738,000019c640022042,İKİZCE,GB12,Daire 9,0,registered,unchanged,NO_DETERMINISTIC_DEVICE_LINK,,
5739,000019c640006233,İKİZCE,GB12,Daire 9,0,active,unchanged,NO_DETERMINISTIC_DEVICE_LINK,,
5740,000019c640013445,İKİZCE,GB13,Daire 1,0,active,unchanged,NO_DETERMINISTIC_DEVICE_LINK,,
5741,000019c600001456,İKİZCE,GB13,Daire 1,0,registered,unchanged,NO_DETERMINISTIC_DEVICE_LINK,,
5742,000019c640017039,İKİZCE,GB13,Daire 10,0,registered,unchanged,NO_DETERMINISTIC_DEVICE_LINK,,
5743,000019c600002141,İKİZCE,GB13,Daire 10,0,registered,unchanged,NO_DETERMINISTIC_DEVICE_LINK,,
5744,000019c640017183,İKİZCE,GB13,Daire 11,0,registered,unchanged,NO_DETERMINISTIC_DEVICE_LINK,,
5745,000019c600004218,İKİZCE,GB13,Daire 11,0,registered,unchanged,NO_DETERMINISTIC_DEVICE_LINK,,
5746,000019c640017138,İKİZCE,GB13,Daire 12,0,active,unchanged,NO_DETERMINISTIC_DEVICE_LINK,,
5747,000019c640007272,İKİZCE,GB13,Daire 12,0,registered,unchanged,NO_DETERMINISTIC_DEVICE_LINK,,
5748,000019c640017036,İKİZCE,GB13,Daire 13,0,active,unchanged,NO_DETERMINISTIC_DEVICE_LINK,,
5749,000019c640006926,İKİZCE,GB13,Daire 13,0,active,unchanged,NO_DETERMINISTIC_DEVICE_LINK,,
5750,000019c640013440,İKİZCE,GB13,Daire 14,0,registered,unchanged,NO_DETERMINISTIC_DEVICE_LINK,,
5751,000019c640006907,İKİZCE,GB13,Daire 14,0,registered,unchanged,NO_DETERMINISTIC_DEVICE_LINK,,
5752,000019c640017185,İKİZCE,GB13,Daire 15,0,registered,unchanged,NO_DETERMINISTIC_DEVICE_LINK,,
5753,000019c600004211,İKİZCE,GB13,Daire 15,0,registered,unchanged,NO_DETERMINISTIC_DEVICE_LINK,,
5754,000019c640013449,İKİZCE,GB13,Daire 16,0,active,unchanged,NO_DETERMINISTIC_DEVICE_LINK,,
5755,000019c640009976,İKİZCE,GB13,Daire 16,0,active,unchanged,NO_DETERMINISTIC_DEVICE_LINK,,
5756,000019c640017037,İKİZCE,GB13,Daire 17,0,registered,unchanged,NO_DETERMINISTIC_DEVICE_LINK,,
5757,000019c640007534,İKİZCE,GB13,Daire 17,0,active,unchanged,NO_DETERMINISTIC_DEVICE_LINK,,
5758,000019c640017130,İKİZCE,GB13,Daire 18,0,registered,unchanged,NO_DETERMINISTIC_DEVICE_LINK,,
5759,000019c640006929,İKİZCE,GB13,Daire 18,0,registered,unchanged,NO_DETERMINISTIC_DEVICE_LINK,,
5760,000019c640013442,İKİZCE,GB13,Daire 19,0,registered,unchanged,NO_DETERMINISTIC_DEVICE_LINK,,
5761,000019c600003105,İKİZCE,GB13,Daire 19,0,registered,unchanged,NO_DETERMINISTIC_DEVICE_LINK,,
5762,000019c640017136,İKİZCE,GB13,Daire 2,0,registered,unchanged,NO_DETERMINISTIC_DEVICE_LINK,,
5763,000019c640006514,İKİZCE,GB13,Daire 2,0,registered,unchanged,NO_DETERMINISTIC_DEVICE_LINK,,
5764,000019c640013447,İKİZCE,GB13,Daire 20,0,registered,unchanged,NO_DETERMINISTIC_DEVICE_LINK,,
5765,000019c640007449,İKİZCE,GB13,Daire 20,0,active,unchanged,NO_DETERMINISTIC_DEVICE_LINK,,
5766,000019c640017030,İKİZCE,GB13,Daire 3,0,active,unchanged,NO_DETERMINISTIC_DEVICE_LINK,,
5767,000019c600004073,İKİZCE,GB13,Daire 3,0,registered,unchanged,NO_DETERMINISTIC_DEVICE_LINK,,
5768,000019c640013441,İKİZCE,GB13,Daire 4,0,registered,unchanged,NO_DETERMINISTIC_DEVICE_LINK,,
5769,000019c640006260,İKİZCE,GB13,Daire 4,0,active,unchanged,NO_DETERMINISTIC_DEVICE_LINK,,
5770,000019c640013448,İKİZCE,GB13,Daire 5,0,active,unchanged,NO_DETERMINISTIC_DEVICE_LINK,,
5771,000019c600004328,İKİZCE,GB13,Daire 5,0,registered,unchanged,NO_DETERMINISTIC_DEVICE_LINK,,
5772,000019c640017134,İKİZCE,GB13,Daire 6,0,registered,unchanged,NO_DETERMINISTIC_DEVICE_LINK,,
5773,000019c640008606,İKİZCE,GB13,Daire 6,0,registered,unchanged,NO_DETERMINISTIC_DEVICE_LINK,,
5774,000019c640013443,İKİZCE,GB13,Daire 7,0,registered,unchanged,NO_DETERMINISTIC_DEVICE_LINK,,
5775,000019c600002147,İKİZCE,GB13,Daire 7,0,registered,unchanged,NO_DETERMINISTIC_DEVICE_LINK,,
5776,000019c640013444,İKİZCE,GB13,Daire 8,0,active,unchanged,NO_DETERMINISTIC_DEVICE_LINK,,
5777,000019c600003615,İKİZCE,GB13,Daire 8,0,registered,unchanged,NO_DETERMINISTIC_DEVICE_LINK,,
5778,000019c640017832,İKİZCE,GB13,Daire 9,0,registered,unchanged,NO_DETERMINISTIC_DEVICE_LINK,,
5779,000019c600003651,İKİZCE,GB13,Daire 9,0,registered,unchanged,NO_DETERMINISTIC_DEVICE_LINK,,
5780,000019c640007520,İKİZCE,GB14,Daire 1,0,registered,unchanged,NO_DETERMINISTIC_DEVICE_LINK,,
5781,000019c640019896,İKİZCE,GB14,Daire 1,0,registered,unchanged,NO_DETERMINISTIC_DEVICE_LINK,,
5782,000019c640019177,İKİZCE,GB14,Daire 10,0,registered,unchanged,NO_DETERMINISTIC_DEVICE_LINK,,
5783,000019c640010058,İKİZCE,GB14,Daire 10,0,active,unchanged,NO_DETERMINISTIC_DEVICE_LINK,,
5784,000019c640019170,İKİZCE,GB14,Daire 11,0,active,unchanged,NO_DETERMINISTIC_DEVICE_LINK,,
5785,000019c600004149,İKİZCE,GB14,Daire 11,0,registered,unchanged,NO_DETERMINISTIC_DEVICE_LINK,,
5786,000019c640019891,İKİZCE,GB14,Daire 12,0,active,unchanged,NO_DETERMINISTIC_DEVICE_LINK,,
5787,000019c600004141,İKİZCE,GB14,Daire 12,0,registered,unchanged,NO_DETERMINISTIC_DEVICE_LINK,,
5788,000019c640014880,İKİZCE,GB14,Daire 13,0,registered,unchanged,NO_DETERMINISTIC_DEVICE_LINK,,
5789,000019c600004346,İKİZCE,GB14,Daire 13,0,registered,unchanged,NO_DETERMINISTIC_DEVICE_LINK,,
5790,000019c640019172,İKİZCE,GB14,Daire 14,0,registered,unchanged,NO_DETERMINISTIC_DEVICE_LINK,,
5791,000019c640005378,İKİZCE,GB14,Daire 14,0,registered,unchanged,NO_DETERMINISTIC_DEVICE_LINK,,
5792,000019c640019174,İKİZCE,GB14,Daire 15,0,active,unchanged,NO_DETERMINISTIC_DEVICE_LINK,,
5793,000019c640006405,İKİZCE,GB14,Daire 15,0,registered,unchanged,NO_DETERMINISTIC_DEVICE_LINK,,
5794,000019c640014882,İKİZCE,GB14,Daire 16,0,active,unchanged,NO_DETERMINISTIC_DEVICE_LINK,,
5795,000019c640005196,İKİZCE,GB14,Daire 16,0,active,unchanged,NO_DETERMINISTIC_DEVICE_LINK,,
5796,000019c640014412,İKİZCE,GB14,Daire 17,0,registered,unchanged,NO_DETERMINISTIC_DEVICE_LINK,,
5797,000019c600001736,İKİZCE,GB14,Daire 17,0,registered,unchanged,NO_DETERMINISTIC_DEVICE_LINK,,
5798,000019c640019897,İKİZCE,GB14,Daire 18,0,registered,unchanged,NO_DETERMINISTIC_DEVICE_LINK,,
5799,000019c600004217,İKİZCE,GB14,Daire 18,0,registered,unchanged,NO_DETERMINISTIC_DEVICE_LINK,,
5800,000019c640019892,İKİZCE,GB14,Daire 19,0,registered,unchanged,NO_DETERMINISTIC_DEVICE_LINK,,
5801,000019c640007277,İKİZCE,GB14,Daire 19,0,registered,unchanged,NO_DETERMINISTIC_DEVICE_LINK,,
5802,000019c600004848,İKİZCE,GB14,Daire 2,0,registered,unchanged,NO_DETERMINISTIC_DEVICE_LINK,,
5803,000019c640019899,İKİZCE,GB14,Daire 2,0,registered,unchanged,NO_DETERMINISTIC_DEVICE_LINK,,
5804,000019c640014419,İKİZCE,GB14,Daire 20,0,active,unchanged,NO_DETERMINISTIC_DEVICE_LINK,,
5805,000019c640007133,İKİZCE,GB14,Daire 20,0,active,unchanged,NO_DETERMINISTIC_DEVICE_LINK,,
5806,000019c640009691,İKİZCE,GB14,Daire 21,0,registered,unchanged,NO_DETERMINISTIC_DEVICE_LINK,,
5807,000019c600002782,İKİZCE,GB14,Daire 22,0,registered,unchanged,NO_DETERMINISTIC_DEVICE_LINK,,
5808,000019c640014888,İKİZCE,GB14,Daire 3,0,registered,unchanged,NO_DETERMINISTIC_DEVICE_LINK,,
5809,000019c600004632,İKİZCE,GB14,Daire 3,0,active,unchanged,NO_DETERMINISTIC_DEVICE_LINK,,
5810,000019c640016679,İKİZCE,GB14,Daire 4,0,active,unchanged,NO_DETERMINISTIC_DEVICE_LINK,,
5811,000019c640007510,İKİZCE,GB14,Daire 4,0,registered,unchanged,NO_DETERMINISTIC_DEVICE_LINK,,
5812,000019c640019176,İKİZCE,GB14,Daire 5,0,registered,unchanged,NO_DETERMINISTIC_DEVICE_LINK,,
5813,000019c600004081,İKİZCE,GB14,Daire 5,0,registered,unchanged,NO_DETERMINISTIC_DEVICE_LINK,,
5814,000019c640019179,İKİZCE,GB14,Daire 6,0,registered,unchanged,NO_DETERMINISTIC_DEVICE_LINK,,
5815,000019c640005193,İKİZCE,GB14,Daire 6,0,registered,unchanged,NO_DETERMINISTIC_DEVICE_LINK,,
5816,000019c640014887,İKİZCE,GB14,Daire 7,0,active,unchanged,NO_DETERMINISTIC_DEVICE_LINK,,
5817,000019c640009662,İKİZCE,GB14,Daire 7,0,registered,unchanged,NO_DETERMINISTIC_DEVICE_LINK,,
5818,000019c640019895,İKİZCE,GB14,Daire 8,0,active,unchanged,NO_DETERMINISTIC_DEVICE_LINK,,
5819,000019c600003656,İKİZCE,GB14,Daire 8,0,registered,unchanged,NO_DETERMINISTIC_DEVICE_LINK,,
5820,000019c640019173,İKİZCE,GB14,Daire 9,0,active,unchanged,NO_DETERMINISTIC_DEVICE_LINK,,
5821,000019c600001459,İKİZCE,GB14,Daire 9,0,registered,unchanged,NO_DETERMINISTIC_DEVICE_LINK,,
5822,000019c640005301,İKİZCE,GB15,Daire 1,0,registered,unchanged,NO_DETERMINISTIC_DEVICE_LINK,,
5823,000019c640008094,İKİZCE,GB15,Daire 10,0,registered,unchanged,NO_DETERMINISTIC_DEVICE_LINK,,
5824,000019c640008931,İKİZCE,GB15,Daire 11,0,active,unchanged,NO_DETERMINISTIC_DEVICE_LINK,,
5825,000019c640008090,İKİZCE,GB15,Daire 12,0,registered,unchanged,NO_DETERMINISTIC_DEVICE_LINK,,
5826,000019c640008601,İKİZCE,GB15,Daire 13,0,registered,unchanged,NO_DETERMINISTIC_DEVICE_LINK,,
5827,000019c640008939,İKİZCE,GB15,Daire 14,0,registered,unchanged,NO_DETERMINISTIC_DEVICE_LINK,,
5828,000019c640008099,İKİZCE,GB15,Daire 15,0,active,unchanged,NO_DETERMINISTIC_DEVICE_LINK,,
5829,000019c640008091,İKİZCE,GB15,Daire 16,0,registered,unchanged,NO_DETERMINISTIC_DEVICE_LINK,,
5830,000019c640008933,İKİZCE,GB15,Daire 17,0,registered,unchanged,NO_DETERMINISTIC_DEVICE_LINK,,
5831,000019c640008096,İKİZCE,GB15,Daire 18,0,registered,unchanged,NO_DETERMINISTIC_DEVICE_LINK,,
5832,000019c640008938,İKİZCE,GB15,Daire 19,0,active,unchanged,NO_DETERMINISTIC_DEVICE_LINK,,
5833,000019c640008092,İKİZCE,GB15,Daire 2,0,registered,unchanged,NO_DETERMINISTIC_DEVICE_LINK,,
5834,000019c600002749,İKİZCE,GB15,Daire 20,0,registered,unchanged,NO_DETERMINISTIC_DEVICE_LINK,,
5835,000019c640008600,İKİZCE,GB15,Daire 21,0,registered,unchanged,NO_DETERMINISTIC_DEVICE_LINK,,
5836,000019c600001521,İKİZCE,GB15,Daire 22,0,registered,unchanged,NO_DETERMINISTIC_DEVICE_LINK,,
5837,000019c640008095,İKİZCE,GB15,Daire 3,0,registered,unchanged,NO_DETERMINISTIC_DEVICE_LINK,,
5838,000019c640008937,İKİZCE,GB15,Daire 4,0,registered,unchanged,NO_DETERMINISTIC_DEVICE_LINK,,
5839,000019c640008608,İKİZCE,GB15,Daire 5,0,registered,unchanged,NO_DETERMINISTIC_DEVICE_LINK,,
5840,000019c640008607,İKİZCE,GB15,Daire 6,0,active,unchanged,NO_DETERMINISTIC_DEVICE_LINK,,
5841,000019c640008097,İKİZCE,GB15,Daire 7,0,active,unchanged,NO_DETERMINISTIC_DEVICE_LINK,,
5842,000019c640008604,İKİZCE,GB15,Daire 8,0,registered,unchanged,NO_DETERMINISTIC_DEVICE_LINK,,
5843,000019c640008609,İKİZCE,GB15,Daire 9,0,registered,unchanged,NO_DETERMINISTIC_DEVICE_LINK,,
5844,000019c600004075,İKİZCE,GB16,Daire 1,0,registered,unchanged,NO_DETERMINISTIC_DEVICE_LINK,,
5845,000019c640005308,İKİZCE,GB16,Daire 10,0,registered,unchanged,NO_DETERMINISTIC_DEVICE_LINK,,
5846,000019c640008934,İKİZCE,GB16,Daire 11,0,registered,unchanged,NO_DETERMINISTIC_DEVICE_LINK,,
5847,000019c640008930,İKİZCE,GB16,Daire 12,0,registered,unchanged,NO_DETERMINISTIC_DEVICE_LINK,,
5848,000019c640005304,İKİZCE,GB16,Daire 13,0,active,unchanged,NO_DETERMINISTIC_DEVICE_LINK,,
5849,000019c640005303,İKİZCE,GB16,Daire 14,0,registered,unchanged,NO_DETERMINISTIC_DEVICE_LINK,,
5850,000019c640008935,İKİZCE,GB16,Daire 15,0,active,unchanged,NO_DETERMINISTIC_DEVICE_LINK,,
5851,000019c640005309,İKİZCE,GB16,Daire 16,0,active,unchanged,NO_DETERMINISTIC_DEVICE_LINK,,
5852,000019c600001450,İKİZCE,GB16,Daire 17,0,registered,unchanged,NO_DETERMINISTIC_DEVICE_LINK,,
5853,000019c640009951,İKİZCE,GB16,Daire 18,0,registered,unchanged,NO_DETERMINISTIC_DEVICE_LINK,,
5854,000019c600003872,İKİZCE,GB16,Daire 19,0,registered,unchanged,NO_DETERMINISTIC_DEVICE_LINK,,
5855,000019c640009556,İKİZCE,GB16,Daire 2,0,registered,unchanged,NO_DETERMINISTIC_DEVICE_LINK,,
5856,000019c640005306,İKİZCE,GB16,Daire 20,0,active,unchanged,NO_DETERMINISTIC_DEVICE_LINK,,
5857,000019c640008932,İKİZCE,GB16,Daire 21,0,active,unchanged,NO_DETERMINISTIC_DEVICE_LINK,,
5858,000019c600003875,İKİZCE,GB16,Daire 22,0,registered,unchanged,NO_DETERMINISTIC_DEVICE_LINK,,
5859,000019c640005307,İKİZCE,GB16,Daire 3,0,registered,unchanged,NO_DETERMINISTIC_DEVICE_LINK,,
5860,000019c640008936,İKİZCE,GB16,Daire 4,0,active,unchanged,NO_DETERMINISTIC_DEVICE_LINK,,
5861,000019c640005305,İKİZCE,GB16,Daire 5,0,registered,unchanged,NO_DETERMINISTIC_DEVICE_LINK,,
5862,000019c640006596,İKİZCE,GB16,Daire 6,0,registered,unchanged,NO_DETERMINISTIC_DEVICE_LINK,,
5863,000019c640009551,İKİZCE,GB16,Daire 7,0,registered,unchanged,NO_DETERMINISTIC_DEVICE_LINK,,
5864,000019c640008343,İKİZCE,GB16,Daire 8,0,registered,unchanged,NO_DETERMINISTIC_DEVICE_LINK,,
5865,000019c640005300,İKİZCE,GB16,Daire 9,0,registered,unchanged,NO_DETERMINISTIC_DEVICE_LINK,,
5866,000019c600002747,İKİZCE,GB17,Daire 1,0,registered,unchanged,NO_DETERMINISTIC_DEVICE_LINK,,
5867,000019c640005848,İKİZCE,GB17,Daire 10,0,registered,unchanged,NO_DETERMINISTIC_DEVICE_LINK,,
5868,000019c640006269,İKİZCE,GB17,Daire 11,0,active,unchanged,NO_DETERMINISTIC_DEVICE_LINK,,
5869,000019c640006261,İKİZCE,GB17,Daire 12,0,registered,unchanged,NO_DETERMINISTIC_DEVICE_LINK,,
5870,000019c640007530,İKİZCE,GB17,Daire 13,0,active,unchanged,NO_DETERMINISTIC_DEVICE_LINK,,
5871,000019c600003633,İKİZCE,GB17,Daire 14,0,registered,unchanged,NO_DETERMINISTIC_DEVICE_LINK,,
5872,000019c600001524,İKİZCE,GB17,Daire 15,0,registered,unchanged,NO_DETERMINISTIC_DEVICE_LINK,,
5873,000019c640010055,İKİZCE,GB17,Daire 16,0,active,unchanged,NO_DETERMINISTIC_DEVICE_LINK,,
5874,000019c640006262,İKİZCE,GB17,Daire 17,0,active,unchanged,NO_DETERMINISTIC_DEVICE_LINK,,
5875,000019c640010865,İKİZCE,GB17,Daire 18,0,registered,unchanged,NO_DETERMINISTIC_DEVICE_LINK,,
5876,000019c640007539,İKİZCE,GB17,Daire 19,0,active,unchanged,NO_DETERMINISTIC_DEVICE_LINK,,
5877,000019c640006266,İKİZCE,GB17,Daire 2,0,active,unchanged,NO_DETERMINISTIC_DEVICE_LINK,,
5878,000019c640006268,İKİZCE,GB17,Daire 20,0,active,unchanged,NO_DETERMINISTIC_DEVICE_LINK,,
5879,000019c640006263,İKİZCE,GB17,Daire 21,0,registered,unchanged,NO_DETERMINISTIC_DEVICE_LINK,,
5880,000019c640007535,İKİZCE,GB17,Daire 22,0,registered,unchanged,NO_DETERMINISTIC_DEVICE_LINK,,
5881,000019c640010863,İKİZCE,GB17,Daire 3,0,registered,unchanged,NO_DETERMINISTIC_DEVICE_LINK,,
5882,000019c640010866,İKİZCE,GB17,Daire 4,0,registered,unchanged,NO_DETERMINISTIC_DEVICE_LINK,,
5883,000019c640010862,İKİZCE,GB17,Daire 5,0,registered,unchanged,NO_DETERMINISTIC_DEVICE_LINK,,
5884,000019c600001415,İKİZCE,GB17,Daire 6,0,registered,unchanged,NO_DETERMINISTIC_DEVICE_LINK,,
5885,000019c640008347,İKİZCE,GB17,Daire 7,0,registered,unchanged,NO_DETERMINISTIC_DEVICE_LINK,,
5886,000019c640007537,İKİZCE,GB17,Daire 8,0,registered,unchanged,NO_DETERMINISTIC_DEVICE_LINK,,
5887,000019c640010861,İKİZCE,GB17,Daire 9,0,registered,unchanged,NO_DETERMINISTIC_DEVICE_LINK,,
5888,000019c640007538,İKİZCE,GB18,Daire 1,0,registered,unchanged,NO_DETERMINISTIC_DEVICE_LINK,,
5889,000019c600003635,İKİZCE,GB18,Daire 10,0,registered,unchanged,NO_DETERMINISTIC_DEVICE_LINK,,
5890,000019c600003173,İKİZCE,GB18,Daire 11,0,registered,unchanged,NO_DETERMINISTIC_DEVICE_LINK,,
5891,000019c600008346,İKİZCE,GB18,Daire 12,0,registered,unchanged,NO_DETERMINISTIC_DEVICE_LINK,,
5892,000019c600003871,İKİZCE,GB18,Daire 13,0,registered,unchanged,NO_DETERMINISTIC_DEVICE_LINK,,
5893,000019c600001527,İKİZCE,GB18,Daire 14,0,registered,unchanged,NO_DETERMINISTIC_DEVICE_LINK,,
5894,000019c640006903,İKİZCE,GB18,Daire 15,0,active,unchanged,NO_DETERMINISTIC_DEVICE_LINK,,
5895,000019c600001520,İKİZCE,GB18,Daire 16,0,registered,unchanged,NO_DETERMINISTIC_DEVICE_LINK,,
5896,000019c640006267,İKİZCE,GB18,Daire 17,0,active,unchanged,NO_DETERMINISTIC_DEVICE_LINK,,
5897,000019c600002744,İKİZCE,GB18,Daire 18,0,registered,unchanged,NO_DETERMINISTIC_DEVICE_LINK,,
5898,000019c600002742,İKİZCE,GB18,Daire 19,0,registered,unchanged,NO_DETERMINISTIC_DEVICE_LINK,,
5899,000019c600003637,İKİZCE,GB18,Daire 2,0,registered,unchanged,NO_DETERMINISTIC_DEVICE_LINK,,
5900,000019c600003878,İKİZCE,GB18,Daire 20,0,registered,unchanged,NO_DETERMINISTIC_DEVICE_LINK,,
5901,000019c600003879,İKİZCE,GB18,Daire 21,0,registered,unchanged,NO_DETERMINISTIC_DEVICE_LINK,,
5902,000019c600003631,İKİZCE,GB18,Daire 3,0,registered,unchanged,NO_DETERMINISTIC_DEVICE_LINK,,
5903,000019c600003874,İKİZCE,GB18,Daire 4,0,registered,unchanged,NO_DETERMINISTIC_DEVICE_LINK,,
5904,000019c600003652,İKİZCE,GB18,Daire 5,0,registered,unchanged,NO_DETERMINISTIC_DEVICE_LINK,,
5905,000019c600003630,İKİZCE,GB18,Daire 6,0,registered,unchanged,NO_DETERMINISTIC_DEVICE_LINK,,
5906,000019c600002743,İKİZCE,GB18,Daire 7,0,registered,unchanged,NO_DETERMINISTIC_DEVICE_LINK,,
5907,000019c600003634,İKİZCE,GB18,Daire 8,0,registered,unchanged,NO_DETERMINISTIC_DEVICE_LINK,,
5908,000019c640006264,İKİZCE,GB18,Daire 9,0,active,unchanged,NO_DETERMINISTIC_DEVICE_LINK,,
5909,000019c600002745,İKİZCE,GB18,Kapıcı Dairesi,0,registered,unchanged,NO_DETERMINISTIC_DEVICE_LINK,,
5910,000019c600001394,İKİZCE,GB19,Daire 1,0,registered,unchanged,NO_DETERMINISTIC_DEVICE_LINK,,
5911,000019c640007168,İKİZCE,GB19,Daire 10,0,registered,unchanged,NO_DETERMINISTIC_DEVICE_LINK,,
5912,000019c600004123,İKİZCE,GB19,Daire 11,0,registered,unchanged,NO_DETERMINISTIC_DEVICE_LINK,,
5913,000019c640006519,İKİZCE,GB19,Daire 12,0,active,unchanged,NO_DETERMINISTIC_DEVICE_LINK,,
5914,000019c640008367,İKİZCE,GB19,Daire 13,0,registered,unchanged,NO_DETERMINISTIC_DEVICE_LINK,,
5915,000019c600003152,İKİZCE,GB19,Daire 14,0,registered,unchanged,NO_DETERMINISTIC_DEVICE_LINK,,
5916,000019c640005240,İKİZCE,GB19,Daire 15,0,registered,unchanged,NO_DETERMINISTIC_DEVICE_LINK,,
5917,000019c640005688,İKİZCE,GB19,Daire 16,0,active,unchanged,NO_DETERMINISTIC_DEVICE_LINK,,
5918,000019c640010337,İKİZCE,GB19,Daire 17,0,registered,unchanged,NO_DETERMINISTIC_DEVICE_LINK,,
5919,000019c600003151,İKİZCE,GB19,Daire 18,0,registered,unchanged,NO_DETERMINISTIC_DEVICE_LINK,,
5920,000019c640007162,İKİZCE,GB19,Daire 19,0,registered,unchanged,NO_DETERMINISTIC_DEVICE_LINK,,
5921,000019c600002746,İKİZCE,GB19,Daire 2,0,registered,unchanged,NO_DETERMINISTIC_DEVICE_LINK,,
5922,000019c640006512,İKİZCE,GB19,Daire 20,0,registered,unchanged,NO_DETERMINISTIC_DEVICE_LINK,,
5923,000019c640007531,İKİZCE,GB19,Daire 3,0,active,unchanged,NO_DETERMINISTIC_DEVICE_LINK,,
5924,000019c600004127,İKİZCE,GB19,Daire 4,0,registered,unchanged,NO_DETERMINISTIC_DEVICE_LINK,,
5925,000019c600001420,İKİZCE,GB19,Daire 5,0,registered,unchanged,NO_DETERMINISTIC_DEVICE_LINK,,
5926,000019c600004342,İKİZCE,GB19,Daire 6,0,registered,unchanged,NO_DETERMINISTIC_DEVICE_LINK,,
5927,000019c640006872,İKİZCE,GB19,Daire 7,0,active,unchanged,NO_DETERMINISTIC_DEVICE_LINK,,
5928,000019c600004128,İKİZCE,GB19,Daire 8,0,registered,unchanged,NO_DETERMINISTIC_DEVICE_LINK,,
5929,000019c600003159,İKİZCE,GB19,Daire 9,0,registered,unchanged,NO_DETERMINISTIC_DEVICE_LINK,,
5930,000019c640021675,İKİZCE,GB2,Daire 1,0,active,unchanged,NO_DETERMINISTIC_DEVICE_LINK,,
5931,000019c640004504,İKİZCE,GB2,Daire 1,0,active,unchanged,NO_DETERMINISTIC_DEVICE_LINK,,
5932,000019c640015179,İKİZCE,GB2,Daire 1,0,registered,unchanged,NO_DETERMINISTIC_DEVICE_LINK,,
5933,000019c640013498,İKİZCE,GB2,Daire 1,0,registered,unchanged,NO_DETERMINISTIC_DEVICE_LINK,,
5934,000019c640014812,İKİZCE,GB2,Daire 10,0,active,unchanged,NO_DETERMINISTIC_DEVICE_LINK,,
5935,000019c640001735,İKİZCE,GB2,Daire 10,0,registered,unchanged,NO_DETERMINISTIC_DEVICE_LINK,,
5936,000019c640015174,İKİZCE,GB2,Daire 10,0,registered,unchanged,NO_DETERMINISTIC_DEVICE_LINK,,
5937,000019c640014111,İKİZCE,GB2,Daire 10,0,registered,unchanged,NO_DETERMINISTIC_DEVICE_LINK,,
5938,000019c640015374,İKİZCE,GB2,Daire 11,0,registered,unchanged,NO_DETERMINISTIC_DEVICE_LINK,,
5939,000019c640004505,İKİZCE,GB2,Daire 11,0,registered,unchanged,NO_DETERMINISTIC_DEVICE_LINK,,
5940,000019c640018975,İKİZCE,GB2,Daire 11,0,registered,unchanged,NO_DETERMINISTIC_DEVICE_LINK,,
5941,000019c640021823,İKİZCE,GB2,Daire 11,0,registered,unchanged,NO_DETERMINISTIC_DEVICE_LINK,,
5942,000019c640016470,İKİZCE,GB2,Daire 12,0,active,unchanged,NO_DETERMINISTIC_DEVICE_LINK,,
5943,000019c640003232,İKİZCE,GB2,Daire 12,0,registered,unchanged,NO_DETERMINISTIC_DEVICE_LINK,,
5944,000019c640016516,İKİZCE,GB2,Daire 12,0,registered,unchanged,NO_DETERMINISTIC_DEVICE_LINK,,
5945,000019c640021828,İKİZCE,GB2,Daire 12,0,registered,unchanged,NO_DETERMINISTIC_DEVICE_LINK,,
5946,000019c640014747,İKİZCE,GB2,Daire 13,0,active,unchanged,NO_DETERMINISTIC_DEVICE_LINK,,
5947,000019c640003236,İKİZCE,GB2,Daire 13,0,active,unchanged,NO_DETERMINISTIC_DEVICE_LINK,,
5948,000019c640016517,İKİZCE,GB2,Daire 13,0,registered,unchanged,NO_DETERMINISTIC_DEVICE_LINK,,
5949,000019c640021870,İKİZCE,GB2,Daire 13,0,registered,unchanged,NO_DETERMINISTIC_DEVICE_LINK,,
5950,000019c640015382,İKİZCE,GB2,Daire 14,0,active,unchanged,NO_DETERMINISTIC_DEVICE_LINK,,
5951,000019c640001739,İKİZCE,GB2,Daire 14,0,registered,unchanged,NO_DETERMINISTIC_DEVICE_LINK,,
5952,000019c640012129,İKİZCE,GB2,Daire 14,0,registered,unchanged,NO_DETERMINISTIC_DEVICE_LINK,,
5953,000019c640013807,İKİZCE,GB2,Daire 14,0,active,unchanged,NO_DETERMINISTIC_DEVICE_LINK,,
5954,000019c640018719,İKİZCE,GB2,Daire 15,0,active,unchanged,NO_DETERMINISTIC_DEVICE_LINK,,
5955,000019c640003235,İKİZCE,GB2,Daire 15,0,registered,unchanged,NO_DETERMINISTIC_DEVICE_LINK,,
5956,000019c640017227,İKİZCE,GB2,Daire 15,0,registered,unchanged,NO_DETERMINISTIC_DEVICE_LINK,,
5957,000019c640021829,İKİZCE,GB2,Daire 15,0,active,unchanged,NO_DETERMINISTIC_DEVICE_LINK,,
5958,000019c640016472,İKİZCE,GB2,Daire 16,0,active,unchanged,NO_DETERMINISTIC_DEVICE_LINK,,
5959,000019c640004509,İKİZCE,GB2,Daire 16,0,active,unchanged,NO_DETERMINISTIC_DEVICE_LINK,,
5960,000019c640018977,İKİZCE,GB2,Daire 16,0,registered,unchanged,NO_DETERMINISTIC_DEVICE_LINK,,
5961,000019c640013800,İKİZCE,GB2,Daire 16,0,registered,unchanged,NO_DETERMINISTIC_DEVICE_LINK,,
5962,000019c640016471,İKİZCE,GB2,Daire 17,0,active,unchanged,NO_DETERMINISTIC_DEVICE_LINK,,
5963,000019c640002280,İKİZCE,GB2,Daire 17,0,registered,unchanged,NO_DETERMINISTIC_DEVICE_LINK,,
5964,000019c640018971,İKİZCE,GB2,Daire 17,0,registered,unchanged,NO_DETERMINISTIC_DEVICE_LINK,,
5965,000019c640013806,İKİZCE,GB2,Daire 17,0,registered,unchanged,NO_DETERMINISTIC_DEVICE_LINK,,
5966,000019c640016473,İKİZCE,GB2,Daire 18,0,registered,unchanged,NO_DETERMINISTIC_DEVICE_LINK,,
5967,000019c640004507,İKİZCE,GB2,Daire 18,0,registered,unchanged,NO_DETERMINISTIC_DEVICE_LINK,,
5968,000019c640015173,İKİZCE,GB2,Daire 18,0,registered,unchanged,NO_DETERMINISTIC_DEVICE_LINK,,
5969,000019c640020913,İKİZCE,GB2,Daire 18,0,active,unchanged,NO_DETERMINISTIC_DEVICE_LINK,,
5970,000019c640016830,İKİZCE,GB2,Daire 19,0,active,unchanged,NO_DETERMINISTIC_DEVICE_LINK,,
5971,000019c640001732,İKİZCE,GB2,Daire 19,0,active,unchanged,NO_DETERMINISTIC_DEVICE_LINK,,
5972,000019c640018970,İKİZCE,GB2,Daire 19,0,active,unchanged,NO_DETERMINISTIC_DEVICE_LINK,,
5973,000019c640021879,İKİZCE,GB2,Daire 19,0,active,unchanged,NO_DETERMINISTIC_DEVICE_LINK,,
5974,000019c640020380,İKİZCE,GB2,Daire 2,0,registered,unchanged,NO_DETERMINISTIC_DEVICE_LINK,,
5975,000019c640002682,İKİZCE,GB2,Daire 2,0,registered,unchanged,NO_DETERMINISTIC_DEVICE_LINK,,
5976,000019c640015177,İKİZCE,GB2,Daire 2,0,registered,unchanged,NO_DETERMINISTIC_DEVICE_LINK,,
5977,000019c640018062,İKİZCE,GB2,Daire 2,0,registered,unchanged,NO_DETERMINISTIC_DEVICE_LINK,,
5978,000019c640019133,İKİZCE,GB2,Daire 20,0,active,unchanged,NO_DETERMINISTIC_DEVICE_LINK,,
5979,000019c640004501,İKİZCE,GB2,Daire 20,0,active,unchanged,NO_DETERMINISTIC_DEVICE_LINK,,
5980,000019c640020381,İKİZCE,GB2,Daire 3,0,registered,unchanged,NO_DETERMINISTIC_DEVICE_LINK,,
5981,000019c640002686,İKİZCE,GB2,Daire 3,0,registered,unchanged,NO_DETERMINISTIC_DEVICE_LINK,,
5982,000019c640017224,İKİZCE,GB2,Daire 3,0,registered,unchanged,NO_DETERMINISTIC_DEVICE_LINK,,
5983,000019c640013497,İKİZCE,GB2,Daire 3,0,registered,unchanged,NO_DETERMINISTIC_DEVICE_LINK,,
5984,000019c640022082,İKİZCE,GB2,Daire 4,0,registered,unchanged,NO_DETERMINISTIC_DEVICE_LINK,,
5985,000019c640001733,İKİZCE,GB2,Daire 4,0,registered,unchanged,NO_DETERMINISTIC_DEVICE_LINK,,
5986,000019c640015170,İKİZCE,GB2,Daire 4,0,registered,unchanged,NO_DETERMINISTIC_DEVICE_LINK,,
5987,000019c640018066,İKİZCE,GB2,Daire 4,0,registered,unchanged,NO_DETERMINISTIC_DEVICE_LINK,,
5988,000019c640019131,İKİZCE,GB2,Daire 5,0,registered,unchanged,NO_DETERMINISTIC_DEVICE_LINK,,
5989,000019c640001781,İKİZCE,GB2,Daire 5,0,registered,unchanged,NO_DETERMINISTIC_DEVICE_LINK,,
5990,000019c640015172,İKİZCE,GB2,Daire 5,0,registered,unchanged,NO_DETERMINISTIC_DEVICE_LINK,,
5991,000019c640018677,İKİZCE,GB2,Daire 5,0,registered,unchanged,NO_DETERMINISTIC_DEVICE_LINK,,
5992,000019c640018712,İKİZCE,GB2,Daire 6,0,registered,unchanged,NO_DETERMINISTIC_DEVICE_LINK,,
5993,000019c640002690,İKİZCE,GB2,Daire 6,0,registered,unchanged,NO_DETERMINISTIC_DEVICE_LINK,,
5994,000019c640016518,İKİZCE,GB2,Daire 6,0,registered,unchanged,NO_DETERMINISTIC_DEVICE_LINK,,
5995,000019c640016731,İKİZCE,GB2,Daire 6,0,registered,unchanged,NO_DETERMINISTIC_DEVICE_LINK,,
5996,000019c640019135,İKİZCE,GB2,Daire 7,0,registered,unchanged,NO_DETERMINISTIC_DEVICE_LINK,,
5997,000019c640002271,İKİZCE,GB2,Daire 7,0,registered,unchanged,NO_DETERMINISTIC_DEVICE_LINK,,
5998,000019c640015175,İKİZCE,GB2,Daire 7,0,registered,unchanged,NO_DETERMINISTIC_DEVICE_LINK,,
5999,000019c640014693,İKİZCE,GB2,Daire 7,0,registered,unchanged,NO_DETERMINISTIC_DEVICE_LINK,,
6000,000019c640015385,İKİZCE,GB2,Daire 8,0,active,unchanged,NO_DETERMINISTIC_DEVICE_LINK,,
6001,000019c640001740,İKİZCE,GB2,Daire 8,0,registered,unchanged,NO_DETERMINISTIC_DEVICE_LINK,,
6002,000019c640017222,İKİZCE,GB2,Daire 8,0,registered,unchanged,NO_DETERMINISTIC_DEVICE_LINK,,
6003,000019c640021878,İKİZCE,GB2,Daire 8,0,registered,unchanged,NO_DETERMINISTIC_DEVICE_LINK,,
6004,000019c640018716,İKİZCE,GB2,Daire 9,0,active,unchanged,NO_DETERMINISTIC_DEVICE_LINK,,
6005,000019c640004502,İKİZCE,GB2,Daire 9,0,registered,unchanged,NO_DETERMINISTIC_DEVICE_LINK,,
6006,000019c640018978,İKİZCE,GB2,Daire 9,0,registered,unchanged,NO_DETERMINISTIC_DEVICE_LINK,,
6007,000019c640014699,İKİZCE,GB2,Daire 9,0,registered,unchanged,NO_DETERMINISTIC_DEVICE_LINK,,
6008,000019c640015176,İKİZCE,GB2,Kapıcı Dairesi,0,registered,unchanged,NO_DETERMINISTIC_DEVICE_LINK,,
6009,000019c640018673,İKİZCE,GB2,Kapıcı Dairesi,0,registered,unchanged,NO_DETERMINISTIC_DEVICE_LINK,,
6010,000019c640011276,İKİZCE,GB2,Ortak Alan 1,0,registered,unchanged,NO_DETERMINISTIC_DEVICE_LINK,,
6011,000019c640011804,İKİZCE,GB2,Ortak Alan 1,0,registered,unchanged,NO_DETERMINISTIC_DEVICE_LINK,,
6012,000019c640021627,İKİZCE,GB2,Ortak Alan 2,0,registered,unchanged,NO_DETERMINISTIC_DEVICE_LINK,,
6013,000019c640006922,İKİZCE,GB20,Daire 1,0,registered,unchanged,NO_DETERMINISTIC_DEVICE_LINK,,
6014,000019c640006924,İKİZCE,GB20,Daire 10,0,registered,unchanged,NO_DETERMINISTIC_DEVICE_LINK,,
6015,000019c600003298,İKİZCE,GB20,Daire 11,0,registered,unchanged,NO_DETERMINISTIC_DEVICE_LINK,,
6016,000019c640008080,İKİZCE,GB20,Daire 12,0,active,unchanged,NO_DETERMINISTIC_DEVICE_LINK,,
6017,000019c600004232,İKİZCE,GB20,Daire 13,0,registered,unchanged,NO_DETERMINISTIC_DEVICE_LINK,,
6018,000019c640005830,İKİZCE,GB20,Daire 14,0,registered,unchanged,NO_DETERMINISTIC_DEVICE_LINK,,
6019,000019c600004223,İKİZCE,GB20,Daire 15,0,registered,unchanged,NO_DETERMINISTIC_DEVICE_LINK,,
6020,000019c640008089,İKİZCE,GB20,Daire 16,0,registered,unchanged,NO_DETERMINISTIC_DEVICE_LINK,,
6021,000019c640008673,İKİZCE,GB20,Daire 17,0,registered,unchanged,NO_DETERMINISTIC_DEVICE_LINK,,
6022,000019c640008678,İKİZCE,GB20,Daire 18,0,active,unchanged,NO_DETERMINISTIC_DEVICE_LINK,,
6023,000019c640008086,İKİZCE,GB20,Daire 19,0,active,unchanged,NO_DETERMINISTIC_DEVICE_LINK,,
6024,000019c640006928,İKİZCE,GB20,Daire 2,0,active,unchanged,NO_DETERMINISTIC_DEVICE_LINK,,
6025,000019c640006923,İKİZCE,GB20,Daire 20,0,registered,unchanged,NO_DETERMINISTIC_DEVICE_LINK,,
6026,000019c600003013,İKİZCE,GB20,Daire 3,0,registered,unchanged,NO_DETERMINISTIC_DEVICE_LINK,,
6027,000019c600003018,İKİZCE,GB20,Daire 4,0,registered,unchanged,NO_DETERMINISTIC_DEVICE_LINK,,
6028,000019c640006927,İKİZCE,GB20,Daire 5,0,active,unchanged,NO_DETERMINISTIC_DEVICE_LINK,,
6029,000019c600003017,İKİZCE,GB20,Daire 6,0,registered,unchanged,NO_DETERMINISTIC_DEVICE_LINK,,
6030,000019c640008081,İKİZCE,GB20,Daire 7,0,registered,unchanged,NO_DETERMINISTIC_DEVICE_LINK,,
6031,000019c640008082,İKİZCE,GB20,Daire 8,0,active,unchanged,NO_DETERMINISTIC_DEVICE_LINK,,
6032,000019c640008610,İKİZCE,GB20,Daire 9,0,active,unchanged,NO_DETERMINISTIC_DEVICE_LINK,,
6033,000019c640005846,İKİZCE,GB21,Daire 1,0,registered,unchanged,NO_DETERMINISTIC_DEVICE_LINK,,
6034,000019c600003626,İKİZCE,GB21,Daire 10,0,registered,unchanged,NO_DETERMINISTIC_DEVICE_LINK,,
6035,000019c600001457,İKİZCE,GB21,Daire 11,0,registered,unchanged,NO_DETERMINISTIC_DEVICE_LINK,,
6036,000019c600003178,İKİZCE,GB21,Daire 12,0,registered,unchanged,NO_DETERMINISTIC_DEVICE_LINK,,
6037,000019c640008341,İKİZCE,GB21,Daire 13,0,registered,unchanged,NO_DETERMINISTIC_DEVICE_LINK,,
6038,000019c600003620,İKİZCE,GB21,Daire 14,0,registered,unchanged,NO_DETERMINISTIC_DEVICE_LINK,,
6039,000019c600003175,İKİZCE,GB21,Daire 15,0,registered,unchanged,NO_DETERMINISTIC_DEVICE_LINK,,
6040,000019c600003170,İKİZCE,GB21,Daire 16,0,registered,unchanged,NO_DETERMINISTIC_DEVICE_LINK,,
6041,000019c600003179,İKİZCE,GB21,Daire 17,0,registered,unchanged,NO_DETERMINISTIC_DEVICE_LINK,,
6042,000019c640006575,İKİZCE,GB21,Daire 18,0,registered,unchanged,NO_DETERMINISTIC_DEVICE_LINK,,
6043,000019c600003638,İKİZCE,GB21,Daire 19,0,registered,unchanged,NO_DETERMINISTIC_DEVICE_LINK,,
6044,000019c640008345,İKİZCE,GB21,Daire 2,0,registered,unchanged,NO_DETERMINISTIC_DEVICE_LINK,,
6045,000019c600003176,İKİZCE,GB21,Daire 20,0,registered,unchanged,NO_DETERMINISTIC_DEVICE_LINK,,
6046,000019c640010053,İKİZCE,GB21,Daire 3,0,active,unchanged,NO_DETERMINISTIC_DEVICE_LINK,,
6047,000019c640008342,İKİZCE,GB21,Daire 4,0,registered,unchanged,NO_DETERMINISTIC_DEVICE_LINK,,
6048,000019c600003659,İKİZCE,GB21,Daire 5,0,registered,unchanged,NO_DETERMINISTIC_DEVICE_LINK,,
6049,000019c600003653,İKİZCE,GB21,Daire 6,0,registered,unchanged,NO_DETERMINISTIC_DEVICE_LINK,,
6050,000019c640008349,İKİZCE,GB21,Daire 7,0,registered,unchanged,NO_DETERMINISTIC_DEVICE_LINK,,
6051,000019c640005840,İKİZCE,GB21,Daire 8,0,registered,unchanged,NO_DETERMINISTIC_DEVICE_LINK,,
6052,000019c600003177,İKİZCE,GB21,Daire 9,0,registered,unchanged,NO_DETERMINISTIC_DEVICE_LINK,,
6053,000019c640006579,İKİZCE,GB22,Daire 1,0,registered,unchanged,NO_DETERMINISTIC_DEVICE_LINK,,
6054,000019c640006571,İKİZCE,GB22,Daire 10,0,registered,unchanged,NO_DETERMINISTIC_DEVICE_LINK,,
6055,000019c640006580,İKİZCE,GB22,Daire 11,0,active,unchanged,NO_DETERMINISTIC_DEVICE_LINK,,
6056,000019c640006586,İKİZCE,GB22,Daire 12,0,registered,unchanged,NO_DETERMINISTIC_DEVICE_LINK,,
6057,000019c640006576,İKİZCE,GB22,Daire 13,0,active,unchanged,NO_DETERMINISTIC_DEVICE_LINK,,
6058,000019c640007991,İKİZCE,GB22,Daire 14,0,active,unchanged,NO_DETERMINISTIC_DEVICE_LINK,,
6059,000019c640006589,İKİZCE,GB22,Daire 15,0,registered,unchanged,NO_DETERMINISTIC_DEVICE_LINK,,
6060,000019c640006578,İKİZCE,GB22,Daire 16,0,registered,unchanged,NO_DETERMINISTIC_DEVICE_LINK,,
6061,000019c640005394,İKİZCE,GB22,Daire 17,0,active,unchanged,NO_DETERMINISTIC_DEVICE_LINK,,
6062,000019c640009068,İKİZCE,GB22,Daire 18,0,active,unchanged,NO_DETERMINISTIC_DEVICE_LINK,,
6063,000019c600003658,İKİZCE,GB22,Daire 19,0,registered,unchanged,NO_DETERMINISTIC_DEVICE_LINK,,
6064,000019c640006570,İKİZCE,GB22,Daire 2,0,active,unchanged,NO_DETERMINISTIC_DEVICE_LINK,,
6065,000019c640005208,İKİZCE,GB22,Daire 20,0,active,unchanged,NO_DETERMINISTIC_DEVICE_LINK,,
6066,000019c640005395,İKİZCE,GB22,Daire 3,0,registered,unchanged,NO_DETERMINISTIC_DEVICE_LINK,,
6067,000019c640007655,İKİZCE,GB22,Daire 4,0,registered,unchanged,NO_DETERMINISTIC_DEVICE_LINK,,
6068,000019c640005160,İKİZCE,GB22,Daire 5,0,registered,unchanged,NO_DETERMINISTIC_DEVICE_LINK,,
6069,000019c640006587,İKİZCE,GB22,Daire 6,0,active,unchanged,NO_DETERMINISTIC_DEVICE_LINK,,
6070,000019c640005204,İKİZCE,GB22,Daire 7,0,registered,unchanged,NO_DETERMINISTIC_DEVICE_LINK,,
6071,000019c640008676,İKİZCE,GB22,Daire 8,0,registered,unchanged,NO_DETERMINISTIC_DEVICE_LINK,,
6072,000019c640007659,İKİZCE,GB22,Daire 9,0,registered,unchanged,NO_DETERMINISTIC_DEVICE_LINK,,
6073,000019c640017689,İKİZCE,GB23,Daire 1,0,registered,unchanged,NO_DETERMINISTIC_DEVICE_LINK,,
6074,000019c640020439,İKİZCE,GB23,Daire 10,0,registered,unchanged,NO_DETERMINISTIC_DEVICE_LINK,,
6075,000019c640017034,İKİZCE,GB23,Daire 11,0,registered,unchanged,NO_DETERMINISTIC_DEVICE_LINK,,
6076,000019c640022089,İKİZCE,GB23,Daire 12,0,registered,unchanged,NO_DETERMINISTIC_DEVICE_LINK,,
6077,000019c640013446,İKİZCE,GB23,Daire 13,0,registered,unchanged,NO_DETERMINISTIC_DEVICE_LINK,,
6078,000019c640017032,İKİZCE,GB23,Daire 14,0,registered,unchanged,NO_DETERMINISTIC_DEVICE_LINK,,
6079,000019c640027086,İKİZCE,GB23,Daire 15,0,registered,unchanged,NO_DETERMINISTIC_DEVICE_LINK,,
6080,000019c640020107,İKİZCE,GB23,Daire 16,0,active,unchanged,NO_DETERMINISTIC_DEVICE_LINK,,
6081,000019c640022085,İKİZCE,GB23,Daire 17,0,active,unchanged,NO_DETERMINISTIC_DEVICE_LINK,,
6082,000019c640007536,İKİZCE,GB23,Daire 18,0,active,unchanged,NO_DETERMINISTIC_DEVICE_LINK,,
6083,000019c640015974,İKİZCE,GB23,Daire 19,0,active,unchanged,NO_DETERMINISTIC_DEVICE_LINK,,
6084,000019c640020550,İKİZCE,GB23,Daire 2,0,registered,unchanged,NO_DETERMINISTIC_DEVICE_LINK,,
6085,000019c600001522,İKİZCE,GB23,Daire 20,0,registered,unchanged,NO_DETERMINISTIC_DEVICE_LINK,,
6086,000019c640020554,İKİZCE,GB23,Daire 21,0,registered,unchanged,NO_DETERMINISTIC_DEVICE_LINK,,
6087,000019c640020435,İKİZCE,GB23,Daire 3,0,registered,unchanged,NO_DETERMINISTIC_DEVICE_LINK,,
6088,000019c640020438,İKİZCE,GB23,Daire 4,0,active,unchanged,NO_DETERMINISTIC_DEVICE_LINK,,
6089,000019c640017031,İKİZCE,GB23,Daire 5,0,registered,unchanged,NO_DETERMINISTIC_DEVICE_LINK,,
6090,000019c640026931,İKİZCE,GB23,Daire 6,0,registered,unchanged,NO_DETERMINISTIC_DEVICE_LINK,,
6091,000019c640027080,İKİZCE,GB23,Daire 7,0,registered,unchanged,NO_DETERMINISTIC_DEVICE_LINK,,
6092,000019c640027082,İKİZCE,GB23,Daire 8,0,registered,unchanged,NO_DETERMINISTIC_DEVICE_LINK,,
6093,000019c640013170,İKİZCE,GB23,Daire 9,0,registered,unchanged,NO_DETERMINISTIC_DEVICE_LINK,,
6094,000019c640026933,İKİZCE,GB23,Kapıcı Dairesi,0,registered,unchanged,NO_DETERMINISTIC_DEVICE_LINK,,
6095,000019c640020430,İKİZCE,GB3,Daire 1,0,registered,unchanged,NO_DETERMINISTIC_DEVICE_LINK,,
6096,000019c600000656,İKİZCE,GB3,Daire 1,0,registered,unchanged,NO_DETERMINISTIC_DEVICE_LINK,,
6097,000019c640003683,İKİZCE,GB3,Daire 1,0,registered,unchanged,NO_DETERMINISTIC_DEVICE_LINK,,
6098,000019c640016925,İKİZCE,GB3,Daire 1,0,registered,unchanged,NO_DETERMINISTIC_DEVICE_LINK,,
6099,000019c640014697,İKİZCE,GB3,Daire 1,0,error,unchanged,NO_DETERMINISTIC_DEVICE_LINK,,
6100,000019c640013703,İKİZCE,GB3,Daire 10,0,registered,unchanged,NO_DETERMINISTIC_DEVICE_LINK,,
6101,000019c640001474,İKİZCE,GB3,Daire 10,0,registered,unchanged,NO_DETERMINISTIC_DEVICE_LINK,,
6102,000019c640000314,İKİZCE,GB3,Daire 10,0,registered,unchanged,NO_DETERMINISTIC_DEVICE_LINK,,
6103,000019c640013219,İKİZCE,GB3,Daire 10,0,registered,unchanged,NO_DETERMINISTIC_DEVICE_LINK,,
6104,000019c640018065,İKİZCE,GB3,Daire 10,0,registered,unchanged,NO_DETERMINISTIC_DEVICE_LINK,,
6105,000019c640027088,İKİZCE,GB3,Daire 11,0,registered,unchanged,NO_DETERMINISTIC_DEVICE_LINK,,
6106,000019c600000106,İKİZCE,GB3,Daire 11,0,registered,unchanged,NO_DETERMINISTIC_DEVICE_LINK,,
6107,000019c640002683,İKİZCE,GB3,Daire 11,0,registered,unchanged,NO_DETERMINISTIC_DEVICE_LINK,,
6108,000019c640013212,İKİZCE,GB3,Daire 11,0,registered,unchanged,NO_DETERMINISTIC_DEVICE_LINK,,
6109,000019c640018063,İKİZCE,GB3,Daire 11,0,registered,unchanged,NO_DETERMINISTIC_DEVICE_LINK,,
6110,000019c640017148,İKİZCE,GB3,Daire 12,0,registered,unchanged,NO_DETERMINISTIC_DEVICE_LINK,,
6111,000019c600000651,İKİZCE,GB3,Daire 12,0,registered,unchanged,NO_DETERMINISTIC_DEVICE_LINK,,
6112,000019c640002279,İKİZCE,GB3,Daire 12,0,registered,unchanged,NO_DETERMINISTIC_DEVICE_LINK,,
6113,000019c640013215,İKİZCE,GB3,Daire 12,0,registered,unchanged,NO_DETERMINISTIC_DEVICE_LINK,,
6114,000019c640019684,İKİZCE,GB3,Daire 12,0,registered,unchanged,NO_DETERMINISTIC_DEVICE_LINK,,
6115,000019c640020559,İKİZCE,GB3,Daire 13,0,registered,unchanged,NO_DETERMINISTIC_DEVICE_LINK,,
6116,000019c600003003,İKİZCE,GB3,Daire 13,0,registered,unchanged,NO_DETERMINISTIC_DEVICE_LINK,,
6117,000019c640004506,İKİZCE,GB3,Daire 13,0,active,unchanged,NO_DETERMINISTIC_DEVICE_LINK,,
6118,000019c640013489,İKİZCE,GB3,Daire 13,0,registered,unchanged,NO_DETERMINISTIC_DEVICE_LINK,,
6119,000019c640019944,İKİZCE,GB3,Daire 13,0,registered,unchanged,NO_DETERMINISTIC_DEVICE_LINK,,
6120,000019c640027085,İKİZCE,GB3,Daire 14,0,registered,unchanged,NO_DETERMINISTIC_DEVICE_LINK,,
6121,000019c600002581,İKİZCE,GB3,Daire 14,0,registered,unchanged,NO_DETERMINISTIC_DEVICE_LINK,,
6122,000019c640002272,İKİZCE,GB3,Daire 14,0,registered,unchanged,NO_DETERMINISTIC_DEVICE_LINK,,
6123,000019c640019017,İKİZCE,GB3,Daire 14,0,registered,unchanged,NO_DETERMINISTIC_DEVICE_LINK,,
6124,000019c640019683,İKİZCE,GB3,Daire 14,0,registered,unchanged,NO_DETERMINISTIC_DEVICE_LINK,,
6125,000019c640017147,İKİZCE,GB3,Daire 15,0,registered,unchanged,NO_DETERMINISTIC_DEVICE_LINK,,
6126,000019c600002587,İKİZCE,GB3,Daire 15,0,registered,unchanged,NO_DETERMINISTIC_DEVICE_LINK,,
6127,000019c640002275,İKİZCE,GB3,Daire 15,0,registered,unchanged,NO_DETERMINISTIC_DEVICE_LINK,,
6128,000019c640013784,İKİZCE,GB3,Daire 15,0,registered,unchanged,NO_DETERMINISTIC_DEVICE_LINK,,
6129,000019c640013510,İKİZCE,GB3,Daire 15,0,registered,unchanged,NO_DETERMINISTIC_DEVICE_LINK,,
6130,000019c640026938,İKİZCE,GB3,Daire 16,0,registered,unchanged,NO_DETERMINISTIC_DEVICE_LINK,,
6131,000019c600004423,İKİZCE,GB3,Daire 16,0,registered,unchanged,NO_DETERMINISTIC_DEVICE_LINK,,
6132,000019c640001788,İKİZCE,GB3,Daire 16,0,active,unchanged,NO_DETERMINISTIC_DEVICE_LINK,,
6133,000019c640013109,İKİZCE,GB3,Daire 16,0,registered,unchanged,NO_DETERMINISTIC_DEVICE_LINK,,
6134,000019c640013567,İKİZCE,GB3,Daire 16,0,registered,unchanged,NO_DETERMINISTIC_DEVICE_LINK,,
6135,000019c640017149,İKİZCE,GB3,Daire 17,0,registered,unchanged,NO_DETERMINISTIC_DEVICE_LINK,,
6136,000019c600001763,İKİZCE,GB3,Daire 17,0,registered,unchanged,NO_DETERMINISTIC_DEVICE_LINK,,
6137,000019c640001784,İKİZCE,GB3,Daire 17,0,active,unchanged,NO_DETERMINISTIC_DEVICE_LINK,,
6138,000019c640016574,İKİZCE,GB3,Daire 17,0,registered,unchanged,NO_DETERMINISTIC_DEVICE_LINK,,
6139,000019c640021807,İKİZCE,GB3,Daire 17,0,active,unchanged,NO_DETERMINISTIC_DEVICE_LINK,,
6140,000019c640013466,İKİZCE,GB3,Daire 18,0,registered,unchanged,NO_DETERMINISTIC_DEVICE_LINK,,
6141,000019c600003974,İKİZCE,GB3,Daire 18,0,registered,unchanged,NO_DETERMINISTIC_DEVICE_LINK,,
6142,000019c640002278,İKİZCE,GB3,Daire 18,0,registered,unchanged,NO_DETERMINISTIC_DEVICE_LINK,,
6143,000019c640016710,İKİZCE,GB3,Daire 18,0,registered,unchanged,NO_DETERMINISTIC_DEVICE_LINK,,
6144,000019c640015736,İKİZCE,GB3,Daire 18,0,error,unchanged,NO_DETERMINISTIC_DEVICE_LINK,,
6145,000019c640013469,İKİZCE,GB3,Daire 19,0,registered,unchanged,NO_DETERMINISTIC_DEVICE_LINK,,
6146,000019c600004429,İKİZCE,GB3,Daire 19,0,registered,unchanged,NO_DETERMINISTIC_DEVICE_LINK,,
6147,000019c640002277,İKİZCE,GB3,Daire 19,0,active,unchanged,NO_DETERMINISTIC_DEVICE_LINK,,
6148,000019c640016715,İKİZCE,GB3,Daire 19,0,registered,unchanged,NO_DETERMINISTIC_DEVICE_LINK,,
6149,000019c640013517,İKİZCE,GB3,Daire 19,0,error,unchanged,NO_DETERMINISTIC_DEVICE_LINK,,
6150,000019c640017684,İKİZCE,GB3,Daire 2,0,registered,unchanged,NO_DETERMINISTIC_DEVICE_LINK,,
6151,000019c600003980,İKİZCE,GB3,Daire 2,0,active,unchanged,NO_DETERMINISTIC_DEVICE_LINK,,
6152,000019c640002139,İKİZCE,GB3,Daire 2,0,registered,unchanged,NO_DETERMINISTIC_DEVICE_LINK,,
6153,000019c640014636,İKİZCE,GB3,Daire 2,0,registered,unchanged,NO_DETERMINISTIC_DEVICE_LINK,,
6154,000019c640014690,İKİZCE,GB3,Daire 2,0,error,unchanged,NO_DETERMINISTIC_DEVICE_LINK,,
6155,000019c640020551,İKİZCE,GB3,Daire 20,0,registered,unchanged,NO_DETERMINISTIC_DEVICE_LINK,,
6156,000019c600004421,İKİZCE,GB3,Daire 20,0,registered,unchanged,NO_DETERMINISTIC_DEVICE_LINK,,
6157,000019c640013101,İKİZCE,GB3,Daire 20,0,registered,unchanged,NO_DETERMINISTIC_DEVICE_LINK,,
6158,000019c640020910,İKİZCE,GB3,Daire 20,0,error,unchanged,NO_DETERMINISTIC_DEVICE_LINK,,
6159,000019c600002520,İKİZCE,GB3,Daire 21,0,registered,unchanged,NO_DETERMINISTIC_DEVICE_LINK,,
6160,000019c600001762,İKİZCE,GB3,Daire 22,0,registered,unchanged,NO_DETERMINISTIC_DEVICE_LINK,,
6161,000019c640021670,İKİZCE,GB3,Daire 3,0,registered,unchanged,NO_DETERMINISTIC_DEVICE_LINK,,
6162,000019c640003123,İKİZCE,GB3,Daire 3,0,registered,unchanged,NO_DETERMINISTIC_DEVICE_LINK,,
6163,000019c640003681,İKİZCE,GB3,Daire 3,0,registered,unchanged,NO_DETERMINISTIC_DEVICE_LINK,,
6164,000019c640013104,İKİZCE,GB3,Daire 3,0,registered,unchanged,NO_DETERMINISTIC_DEVICE_LINK,,
6165,000019c640018676,İKİZCE,GB3,Daire 3,0,error,unchanged,NO_DETERMINISTIC_DEVICE_LINK,,
6166,000019c640020436,İKİZCE,GB3,Daire 4,0,registered,unchanged,NO_DETERMINISTIC_DEVICE_LINK,,
6167,000019c600003589,İKİZCE,GB3,Daire 4,0,registered,unchanged,NO_DETERMINISTIC_DEVICE_LINK,,
6168,000019c640003682,İKİZCE,GB3,Daire 4,0,registered,unchanged,NO_DETERMINISTIC_DEVICE_LINK,,
6169,000019c640019818,İKİZCE,GB3,Daire 4,0,registered,unchanged,NO_DETERMINISTIC_DEVICE_LINK,,
6170,000019c640014696,İKİZCE,GB3,Daire 4,0,error,unchanged,NO_DETERMINISTIC_DEVICE_LINK,,
6171,000019c640020552,İKİZCE,GB3,Daire 5,0,registered,unchanged,NO_DETERMINISTIC_DEVICE_LINK,,
6172,000019c600004424,İKİZCE,GB3,Daire 5,0,registered,unchanged,NO_DETERMINISTIC_DEVICE_LINK,,
6173,000019c640000311,İKİZCE,GB3,Daire 5,0,registered,unchanged,NO_DETERMINISTIC_DEVICE_LINK,,
6174,000019c640013847,İKİZCE,GB3,Daire 5,0,registered,unchanged,NO_DETERMINISTIC_DEVICE_LINK,,
6175,000019c640014692,İKİZCE,GB3,Daire 5,0,error,unchanged,NO_DETERMINISTIC_DEVICE_LINK,,
6176,000019c640026930,İKİZCE,GB3,Daire 6,0,registered,unchanged,NO_DETERMINISTIC_DEVICE_LINK,,
6177,000019c600001200,İKİZCE,GB3,Daire 6,0,registered,unchanged,NO_DETERMINISTIC_DEVICE_LINK,,
6178,000019c640002132,İKİZCE,GB3,Daire 6,0,active,unchanged,NO_DETERMINISTIC_DEVICE_LINK,,
6179,000019c640013107,İKİZCE,GB3,Daire 6,0,registered,unchanged,NO_DETERMINISTIC_DEVICE_LINK,,
6180,000019c640016736,İKİZCE,GB3,Daire 6,0,error,unchanged,NO_DETERMINISTIC_DEVICE_LINK,,
6181,000019c640017836,İKİZCE,GB3,Daire 7,0,registered,unchanged,NO_DETERMINISTIC_DEVICE_LINK,,
6182,000019c600003471,İKİZCE,GB3,Daire 7,0,registered,unchanged,NO_DETERMINISTIC_DEVICE_LINK,,
6183,000019c640003684,İKİZCE,GB3,Daire 7,0,registered,unchanged,NO_DETERMINISTIC_DEVICE_LINK,,
6184,000019c640016717,İKİZCE,GB3,Daire 7,0,registered,unchanged,NO_DETERMINISTIC_DEVICE_LINK,,
6185,000019c640013493,İKİZCE,GB3,Daire 7,0,registered,unchanged,NO_DETERMINISTIC_DEVICE_LINK,,
6186,000019c640017140,İKİZCE,GB3,Daire 8,0,registered,unchanged,NO_DETERMINISTIC_DEVICE_LINK,,
6187,000019c600002144,İKİZCE,GB3,Daire 8,0,registered,unchanged,NO_DETERMINISTIC_DEVICE_LINK,,
6188,000019c640000320,İKİZCE,GB3,Daire 8,0,registered,unchanged,NO_DETERMINISTIC_DEVICE_LINK,,
6189,000019c640019079,İKİZCE,GB3,Daire 8,0,registered,unchanged,NO_DETERMINISTIC_DEVICE_LINK,,
6190,000019c640021871,İKİZCE,GB3,Daire 8,0,registered,unchanged,NO_DETERMINISTIC_DEVICE_LINK,,
6191,000019c640017837,İKİZCE,GB3,Daire 9,0,registered,unchanged,NO_DETERMINISTIC_DEVICE_LINK,,
6192,000019c600003477,İKİZCE,GB3,Daire 9,0,registered,unchanged,NO_DETERMINISTIC_DEVICE_LINK,,
6193,000019c640003687,İKİZCE,GB3,Daire 9,0,registered,unchanged,NO_DETERMINISTIC_DEVICE_LINK,,
6194,000019c640018446,İKİZCE,GB3,Daire 9,0,registered,unchanged,NO_DETERMINISTIC_DEVICE_LINK,,
6195,000019c640019681,İKİZCE,GB3,Daire 9,0,registered,unchanged,NO_DETERMINISTIC_DEVICE_LINK,,
6196,000019c640003690,İKİZCE,GB3,Kd,0,registered,unchanged,NO_DETERMINISTIC_DEVICE_LINK,,
6197,000019c640011515,İKİZCE,GB3,Ortak Alan 1,0,registered,unchanged,NO_DETERMINISTIC_DEVICE_LINK,,
6198,000019c640019524,İKİZCE,GB3,Ortak Alan 1,0,error,unchanged,NO_DETERMINISTIC_DEVICE_LINK,,
6199,000019c640021601,İKİZCE,GB3,Ortak Alan 2,0,registered,unchanged,NO_DETERMINISTIC_DEVICE_LINK,,
6200,000019c640011561,İKİZCE,GB3,Ortak Alan 2,0,error,unchanged,NO_DETERMINISTIC_DEVICE_LINK,,
6201,000019c640018904,İKİZCE,GB4,Daire 1,0,registered,unchanged,NO_DETERMINISTIC_DEVICE_LINK,,
6202,000019c640002147,İKİZCE,GB4,Daire 1,0,registered,unchanged,NO_DETERMINISTIC_DEVICE_LINK,,
6203,000019c640020914,İKİZCE,GB4,Daire 1,0,registered,unchanged,NO_DETERMINISTIC_DEVICE_LINK,,
6204,000019c640012752,İKİZCE,GB4,Daire 1,0,registered,unchanged,NO_DETERMINISTIC_DEVICE_LINK,,
6205,000019c640013690,İKİZCE,GB4,Daire 10,0,registered,unchanged,NO_DETERMINISTIC_DEVICE_LINK,,
6206,000019c600002590,İKİZCE,GB4,Daire 10,0,registered,unchanged,NO_DETERMINISTIC_DEVICE_LINK,,
6207,000019c640004510,İKİZCE,GB4,Daire 10,0,registered,unchanged,NO_DETERMINISTIC_DEVICE_LINK,,
6208,000019c640016739,İKİZCE,GB4,Daire 10,0,registered,unchanged,NO_DETERMINISTIC_DEVICE_LINK,,
6209,000019c640018887,İKİZCE,GB4,Daire 10,0,registered,unchanged,NO_DETERMINISTIC_DEVICE_LINK,,
6210,000019c640013699,İKİZCE,GB4,Daire 11,0,registered,unchanged,NO_DETERMINISTIC_DEVICE_LINK,,
6211,000019c640002141,İKİZCE,GB4,Daire 11,0,registered,unchanged,NO_DETERMINISTIC_DEVICE_LINK,,
6212,000019c640002688,İKİZCE,GB4,Daire 11,0,registered,unchanged,NO_DETERMINISTIC_DEVICE_LINK,,
6213,000019c640021821,İKİZCE,GB4,Daire 11,0,registered,unchanged,NO_DETERMINISTIC_DEVICE_LINK,,
6214,000019c640012755,İKİZCE,GB4,Daire 11,0,registered,unchanged,NO_DETERMINISTIC_DEVICE_LINK,,
6215,000019c640012323,İKİZCE,GB4,Daire 12,0,active,unchanged,NO_DETERMINISTIC_DEVICE_LINK,,
6216,000019c600002149,İKİZCE,GB4,Daire 12,0,registered,unchanged,NO_DETERMINISTIC_DEVICE_LINK,,
6217,000019c640002681,İKİZCE,GB4,Daire 12,0,registered,unchanged,NO_DETERMINISTIC_DEVICE_LINK,,
6218,000019c640018068,İKİZCE,GB4,Daire 12,0,registered,unchanged,NO_DETERMINISTIC_DEVICE_LINK,,
6219,000019c640014625,İKİZCE,GB4,Daire 12,0,registered,unchanged,NO_DETERMINISTIC_DEVICE_LINK,,
6220,000019c640018160,İKİZCE,GB4,Daire 13,0,active,unchanged,NO_DETERMINISTIC_DEVICE_LINK,,
6221,000019c640001477,İKİZCE,GB4,Daire 13,0,active,unchanged,NO_DETERMINISTIC_DEVICE_LINK,,
6222,000019c640001786,İKİZCE,GB4,Daire 13,0,registered,unchanged,NO_DETERMINISTIC_DEVICE_LINK,,
6223,000019c640021825,İKİZCE,GB4,Daire 13,0,registered,unchanged,NO_DETERMINISTIC_DEVICE_LINK,,
6224,000019c640018867,İKİZCE,GB4,Daire 13,0,registered,unchanged,NO_DETERMINISTIC_DEVICE_LINK,,
6225,000019c640018163,İKİZCE,GB4,Daire 14,0,active,unchanged,NO_DETERMINISTIC_DEVICE_LINK,,
6226,000019c600000101,İKİZCE,GB4,Daire 14,0,registered,unchanged,NO_DETERMINISTIC_DEVICE_LINK,,
6227,000019c640001787,İKİZCE,GB4,Daire 14,0,registered,unchanged,NO_DETERMINISTIC_DEVICE_LINK,,
6228,000019c640020057,İKİZCE,GB4,Daire 14,0,registered,unchanged,NO_DETERMINISTIC_DEVICE_LINK,,
6229,000019c640015628,İKİZCE,GB4,Daire 14,0,registered,unchanged,NO_DETERMINISTIC_DEVICE_LINK,,
6230,000019c640013697,İKİZCE,GB4,Daire 15,0,registered,unchanged,NO_DETERMINISTIC_DEVICE_LINK,,
6231,000019c600002519,İKİZCE,GB4,Daire 15,0,registered,unchanged,NO_DETERMINISTIC_DEVICE_LINK,,
6232,000019c640001783,İKİZCE,GB4,Daire 15,0,registered,unchanged,NO_DETERMINISTIC_DEVICE_LINK,,
6233,000019c640013803,İKİZCE,GB4,Daire 15,0,registered,unchanged,NO_DETERMINISTIC_DEVICE_LINK,,
6234,000019c640014629,İKİZCE,GB4,Daire 15,0,registered,unchanged,NO_DETERMINISTIC_DEVICE_LINK,,
6235,000019c640018778,İKİZCE,GB4,Daire 16,0,active,unchanged,NO_DETERMINISTIC_DEVICE_LINK,,
6236,000019c600000108,İKİZCE,GB4,Daire 16,0,registered,unchanged,NO_DETERMINISTIC_DEVICE_LINK,,
6237,000019c640001734,İKİZCE,GB4,Daire 16,0,registered,unchanged,NO_DETERMINISTIC_DEVICE_LINK,,
6238,000019c640021877,İKİZCE,GB4,Daire 16,0,registered,unchanged,NO_DETERMINISTIC_DEVICE_LINK,,
6239,000019c640018881,İKİZCE,GB4,Daire 16,0,active,unchanged,NO_DETERMINISTIC_DEVICE_LINK,,
6240,000019c640012329,İKİZCE,GB4,Daire 17,0,registered,unchanged,NO_DETERMINISTIC_DEVICE_LINK,,
6241,000019c600000110,İKİZCE,GB4,Daire 17,0,registered,unchanged,NO_DETERMINISTIC_DEVICE_LINK,,
6242,000019c640020059,İKİZCE,GB4,Daire 17,0,registered,unchanged,NO_DETERMINISTIC_DEVICE_LINK,,
6243,000019c640018988,İKİZCE,GB4,Daire 17,0,registered,unchanged,NO_DETERMINISTIC_DEVICE_LINK,,
6244,000019c640018165,İKİZCE,GB4,Daire 18,0,active,unchanged,NO_DETERMINISTIC_DEVICE_LINK,,
6245,000019c600002583,İKİZCE,GB4,Daire 18,0,registered,unchanged,NO_DETERMINISTIC_DEVICE_LINK,,
6246,000019c640021874,İKİZCE,GB4,Daire 18,0,registered,unchanged,NO_DETERMINISTIC_DEVICE_LINK,,
6247,000019c640015622,İKİZCE,GB4,Daire 18,0,active,unchanged,NO_DETERMINISTIC_DEVICE_LINK,,
6248,000019c640013694,İKİZCE,GB4,Daire 19,0,registered,unchanged,NO_DETERMINISTIC_DEVICE_LINK,,
6249,000019c600001101,İKİZCE,GB4,Daire 19,0,registered,unchanged,NO_DETERMINISTIC_DEVICE_LINK,,
6250,000019c640014115,İKİZCE,GB4,Daire 19,0,registered,unchanged,NO_DETERMINISTIC_DEVICE_LINK,,
6251,000019c640015629,İKİZCE,GB4,Daire 19,0,registered,unchanged,NO_DETERMINISTIC_DEVICE_LINK,,
6252,000019c640017142,İKİZCE,GB4,Daire 2,0,registered,unchanged,NO_DETERMINISTIC_DEVICE_LINK,,
6253,000019c600002582,İKİZCE,GB4,Daire 2,0,registered,unchanged,NO_DETERMINISTIC_DEVICE_LINK,,
6254,000019c640020582,İKİZCE,GB4,Daire 2,0,registered,unchanged,NO_DETERMINISTIC_DEVICE_LINK,,
6255,000019c640015623,İKİZCE,GB4,Daire 2,0,registered,unchanged,NO_DETERMINISTIC_DEVICE_LINK,,
6256,000019c640018162,İKİZCE,GB4,Daire 20,0,registered,unchanged,NO_DETERMINISTIC_DEVICE_LINK,,
6257,000019c600002448,İKİZCE,GB4,Daire 20,0,registered,unchanged,NO_DETERMINISTIC_DEVICE_LINK,,
6258,000019c640014119,İKİZCE,GB4,Daire 20,0,active,unchanged,NO_DETERMINISTIC_DEVICE_LINK,,
6259,000019c640002443,İKİZCE,GB4,Daire 21,0,active,unchanged,NO_DETERMINISTIC_DEVICE_LINK,,
6260,000019c600004422,İKİZCE,GB4,Daire 22,0,registered,unchanged,NO_DETERMINISTIC_DEVICE_LINK,,
6261,000019c640017146,İKİZCE,GB4,Daire 3,0,registered,unchanged,NO_DETERMINISTIC_DEVICE_LINK,,
6262,000019c600002373,İKİZCE,GB4,Daire 3,0,registered,unchanged,NO_DETERMINISTIC_DEVICE_LINK,,
6263,000019c640020580,İKİZCE,GB4,Daire 3,0,registered,unchanged,NO_DETERMINISTIC_DEVICE_LINK,,
6264,000019c640018888,İKİZCE,GB4,Daire 3,0,registered,unchanged,NO_DETERMINISTIC_DEVICE_LINK,,
6265,000019c640017145,İKİZCE,GB4,Daire 4,0,registered,unchanged,NO_DETERMINISTIC_DEVICE_LINK,,
6266,000019c600001580,İKİZCE,GB4,Daire 4,0,registered,unchanged,NO_DETERMINISTIC_DEVICE_LINK,,
6267,000019c640014112,İKİZCE,GB4,Daire 4,0,registered,unchanged,NO_DETERMINISTIC_DEVICE_LINK,,
6268,000019c640015626,İKİZCE,GB4,Daire 4,0,registered,unchanged,NO_DETERMINISTIC_DEVICE_LINK,,
6269,000019c640026939,İKİZCE,GB4,Daire 5,0,registered,unchanged,NO_DETERMINISTIC_DEVICE_LINK,,
6270,000019c600001766,İKİZCE,GB4,Daire 5,0,registered,unchanged,NO_DETERMINISTIC_DEVICE_LINK,,
6271,000019c640004508,İKİZCE,GB4,Daire 5,0,registered,unchanged,NO_DETERMINISTIC_DEVICE_LINK,,
6272,000019c640021824,İKİZCE,GB4,Daire 5,0,registered,unchanged,NO_DETERMINISTIC_DEVICE_LINK,,
6273,000019c640018981,İKİZCE,GB4,Daire 5,0,registered,unchanged,NO_DETERMINISTIC_DEVICE_LINK,,
6274,000019c640027081,İKİZCE,GB4,Daire 6,0,registered,unchanged,NO_DETERMINISTIC_DEVICE_LINK,,
6275,000019c600002584,İKİZCE,GB4,Daire 6,0,registered,unchanged,NO_DETERMINISTIC_DEVICE_LINK,,
6276,000019c640001738,İKİZCE,GB4,Daire 6,0,registered,unchanged,NO_DETERMINISTIC_DEVICE_LINK,,
6277,000019c640014118,İKİZCE,GB4,Daire 6,0,registered,unchanged,NO_DETERMINISTIC_DEVICE_LINK,,
6278,000019c640018880,İKİZCE,GB4,Daire 6,0,registered,unchanged,NO_DETERMINISTIC_DEVICE_LINK,,
6279,000019c640017816,İKİZCE,GB4,Daire 7,0,registered,unchanged,NO_DETERMINISTIC_DEVICE_LINK,,
6280,000019c600001805,İKİZCE,GB4,Daire 7,0,registered,unchanged,NO_DETERMINISTIC_DEVICE_LINK,,
6281,000019c640001736,İKİZCE,GB4,Daire 7,0,registered,unchanged,NO_DETERMINISTIC_DEVICE_LINK,,
6282,000019c640018672,İKİZCE,GB4,Daire 7,0,registered,unchanged,NO_DETERMINISTIC_DEVICE_LINK,,
6283,000019c640018864,İKİZCE,GB4,Daire 7,0,registered,unchanged,NO_DETERMINISTIC_DEVICE_LINK,,
6284,000019c640013177,İKİZCE,GB4,Daire 8,0,registered,unchanged,NO_DETERMINISTIC_DEVICE_LINK,,
6285,000019c600003472,İKİZCE,GB4,Daire 8,0,registered,unchanged,NO_DETERMINISTIC_DEVICE_LINK,,
6286,000019c640001789,İKİZCE,GB4,Daire 8,0,registered,unchanged,NO_DETERMINISTIC_DEVICE_LINK,,
6287,000019c640016732,İKİZCE,GB4,Daire 8,0,registered,unchanged,NO_DETERMINISTIC_DEVICE_LINK,,
6288,000019c640012758,İKİZCE,GB4,Daire 8,0,registered,unchanged,NO_DETERMINISTIC_DEVICE_LINK,,
6289,000019c640013691,İKİZCE,GB4,Daire 9,0,registered,unchanged,NO_DETERMINISTIC_DEVICE_LINK,,
6290,000019c600001959,İKİZCE,GB4,Daire 9,0,registered,unchanged,NO_DETERMINISTIC_DEVICE_LINK,,
6291,000019c640002137,İKİZCE,GB4,Daire 9,0,registered,unchanged,NO_DETERMINISTIC_DEVICE_LINK,,
6292,000019c640020916,İKİZCE,GB4,Daire 9,0,registered,unchanged,NO_DETERMINISTIC_DEVICE_LINK,,
6293,000019c640018965,İKİZCE,GB4,Daire 9,0,registered,unchanged,NO_DETERMINISTIC_DEVICE_LINK,,
6294,000019c640018861,İKİZCE,GB4,Kapıcı Dairesi,0,registered,unchanged,NO_DETERMINISTIC_DEVICE_LINK,,
6295,000019c640011367,İKİZCE,GB4,Ortak alan,0,registered,unchanged,NO_DETERMINISTIC_DEVICE_LINK,,
6296,000019c640011220,İKİZCE,GB4,Ortak Alan 1,0,registered,unchanged,NO_DETERMINISTIC_DEVICE_LINK,,
6297,000019c640013217,İKİZCE,GB4,Ortak Alan 1,0,registered,unchanged,NO_DETERMINISTIC_DEVICE_LINK,,
6298,000019c640019724,İKİZCE,GB4,Ortak Alan 2,0,registered,unchanged,NO_DETERMINISTIC_DEVICE_LINK,,
6299,000019c640011649,İKİZCE,GB4,Ortak Alan 2,0,registered,unchanged,NO_DETERMINISTIC_DEVICE_LINK,,
6300,000019c640013226,İKİZCE,GB4-2,Daire 1,0,registered,unchanged,NO_DETERMINISTIC_DEVICE_LINK,,
6301,000019c640019073,İKİZCE,GB4-2,Daire 10,0,registered,unchanged,NO_DETERMINISTIC_DEVICE_LINK,,
6302,000019c640013749,İKİZCE,GB4-2,Daire 11,0,registered,unchanged,NO_DETERMINISTIC_DEVICE_LINK,,
6303,000019c640018443,İKİZCE,GB4-2,Daire 12,0,registered,unchanged,NO_DETERMINISTIC_DEVICE_LINK,,
6304,000019c640016572,İKİZCE,GB4-2,Daire 13,0,registered,unchanged,NO_DETERMINISTIC_DEVICE_LINK,,
6305,000019c640013223,İKİZCE,GB4-2,Daire 14,0,registered,unchanged,NO_DETERMINISTIC_DEVICE_LINK,,
6306,000019c640019016,İKİZCE,GB4-2,Daire 15,0,registered,unchanged,NO_DETERMINISTIC_DEVICE_LINK,,
6307,000019c640013835,İKİZCE,GB4-2,Daire 16,0,active,unchanged,NO_DETERMINISTIC_DEVICE_LINK,,
6308,000019c640013222,İKİZCE,GB4-2,Daire 17,0,registered,unchanged,NO_DETERMINISTIC_DEVICE_LINK,,
6309,000019c640013831,İKİZCE,GB4-2,Daire 18,0,registered,unchanged,NO_DETERMINISTIC_DEVICE_LINK,,
6310,000019c640018445,İKİZCE,GB4-2,Daire 19,0,registered,unchanged,NO_DETERMINISTIC_DEVICE_LINK,,
6311,000019c640013839,İKİZCE,GB4-2,Daire 2,0,registered,unchanged,NO_DETERMINISTIC_DEVICE_LINK,,
6312,000019c640013210,İKİZCE,GB4-2,Daire 3,0,registered,unchanged,NO_DETERMINISTIC_DEVICE_LINK,,
6313,000019c640013111,İKİZCE,GB4-2,Daire 4,0,registered,unchanged,NO_DETERMINISTIC_DEVICE_LINK,,
6314,000019c640019013,İKİZCE,GB4-2,Daire 5,0,registered,unchanged,NO_DETERMINISTIC_DEVICE_LINK,,
6315,000019c640019051,İKİZCE,GB4-2,Daire 6,0,registered,unchanged,NO_DETERMINISTIC_DEVICE_LINK,,
6316,000019c640013224,İKİZCE,GB4-2,Daire 7,0,registered,unchanged,NO_DETERMINISTIC_DEVICE_LINK,,
6317,000019c640018442,İKİZCE,GB4-2,Daire 8,0,registered,unchanged,NO_DETERMINISTIC_DEVICE_LINK,,
6318,000019c640013783,İKİZCE,GB4-2,Daire 9,0,registered,unchanged,NO_DETERMINISTIC_DEVICE_LINK,,
6319,000019c640013838,İKİZCE,GB4-2,Kapıcı Dairesi,0,registered,unchanged,NO_DETERMINISTIC_DEVICE_LINK,,
6320,000019c640015579,İKİZCE,GB4-2,Ortak Alan 1,0,registered,unchanged,NO_DETERMINISTIC_DEVICE_LINK,,
6321,000019c640011927,İKİZCE,GB4-2,Ortak Alan 2,0,registered,unchanged,NO_DETERMINISTIC_DEVICE_LINK,,
6322,000019c640013099,İKİZCE,GB5,Daire 1,0,registered,unchanged,NO_DETERMINISTIC_DEVICE_LINK,,
6323,000019c600000552,İKİZCE,GB5,Daire 1,0,registered,unchanged,NO_DETERMINISTIC_DEVICE_LINK,,
6324,000019c600002125,İKİZCE,GB5,Daire 1,0,registered,unchanged,NO_DETERMINISTIC_DEVICE_LINK,,
6325,000019c640019011,İKİZCE,GB5,Daire 1,0,registered,unchanged,NO_DETERMINISTIC_DEVICE_LINK,,
6326,000019c640014144,İKİZCE,GB5,Daire 1,0,registered,unchanged,NO_DETERMINISTIC_DEVICE_LINK,,
6327,000019c640013751,İKİZCE,GB5,Daire 10,0,registered,unchanged,NO_DETERMINISTIC_DEVICE_LINK,,
6328,000019c600000356,İKİZCE,GB5,Daire 10,0,registered,unchanged,NO_DETERMINISTIC_DEVICE_LINK,,
6329,000019c640005239,İKİZCE,GB5,Daire 10,0,registered,unchanged,NO_DETERMINISTIC_DEVICE_LINK,,
6330,000019c640019071,İKİZCE,GB5,Daire 10,0,registered,unchanged,NO_DETERMINISTIC_DEVICE_LINK,,
6331,000019c640014143,İKİZCE,GB5,Daire 10,0,registered,unchanged,NO_DETERMINISTIC_DEVICE_LINK,,
6332,000019c640013866,İKİZCE,GB5,Daire 11,0,registered,unchanged,NO_DETERMINISTIC_DEVICE_LINK,,
6333,000019c600000401,İKİZCE,GB5,Daire 11,0,registered,unchanged,NO_DETERMINISTIC_DEVICE_LINK,,
6334,000019c600002119,İKİZCE,GB5,Daire 11,0,registered,unchanged,NO_DETERMINISTIC_DEVICE_LINK,,
6335,000019c640013788,İKİZCE,GB5,Daire 11,0,registered,unchanged,NO_DETERMINISTIC_DEVICE_LINK,,
6336,000019c640014147,İKİZCE,GB5,Daire 11,0,registered,unchanged,NO_DETERMINISTIC_DEVICE_LINK,,
6337,000019c640021186,İKİZCE,GB5,Daire 12,0,active,unchanged,NO_DETERMINISTIC_DEVICE_LINK,,
6338,000019c600000354,İKİZCE,GB5,Daire 12,0,registered,unchanged,NO_DETERMINISTIC_DEVICE_LINK,,
6339,000019c600001464,İKİZCE,GB5,Daire 12,0,registered,unchanged,NO_DETERMINISTIC_DEVICE_LINK,,
6340,000019c640019070,İKİZCE,GB5,Daire 12,0,active,unchanged,NO_DETERMINISTIC_DEVICE_LINK,,
6341,000019c640019477,İKİZCE,GB5,Daire 12,0,registered,unchanged,NO_DETERMINISTIC_DEVICE_LINK,,
6342,000019c640017817,İKİZCE,GB5,Daire 13,0,registered,unchanged,NO_DETERMINISTIC_DEVICE_LINK,,
6343,000019c600000359,İKİZCE,GB5,Daire 13,0,registered,unchanged,NO_DETERMINISTIC_DEVICE_LINK,,
6344,000019c640005235,İKİZCE,GB5,Daire 13,0,registered,unchanged,NO_DETERMINISTIC_DEVICE_LINK,,
6345,000019c640013786,İKİZCE,GB5,Daire 13,0,registered,unchanged,NO_DETERMINISTIC_DEVICE_LINK,,
6346,000019c640013594,İKİZCE,GB5,Daire 13,0,registered,unchanged,NO_DETERMINISTIC_DEVICE_LINK,,
6347,000019c640020770,İKİZCE,GB5,Daire 14,0,registered,unchanged,NO_DETERMINISTIC_DEVICE_LINK,,
6348,000019c600002264,İKİZCE,GB5,Daire 14,0,registered,unchanged,NO_DETERMINISTIC_DEVICE_LINK,,
6349,000019c600003544,İKİZCE,GB5,Daire 14,0,registered,unchanged,NO_DETERMINISTIC_DEVICE_LINK,,
6350,000019c640013106,İKİZCE,GB5,Daire 14,0,registered,unchanged,NO_DETERMINISTIC_DEVICE_LINK,,
6351,000019c640013599,İKİZCE,GB5,Daire 14,0,registered,unchanged,NO_DETERMINISTIC_DEVICE_LINK,,
6352,000019c640020427,İKİZCE,GB5,Daire 15,0,registered,unchanged,NO_DETERMINISTIC_DEVICE_LINK,,
6353,000019c600003027,İKİZCE,GB5,Daire 15,0,registered,unchanged,NO_DETERMINISTIC_DEVICE_LINK,,
6354,000019c600001297,İKİZCE,GB5,Daire 15,0,registered,unchanged,NO_DETERMINISTIC_DEVICE_LINK,,
6355,000019c640014635,İKİZCE,GB5,Daire 15,0,registered,unchanged,NO_DETERMINISTIC_DEVICE_LINK,,
6356,000019c640019375,İKİZCE,GB5,Daire 15,0,registered,unchanged,NO_DETERMINISTIC_DEVICE_LINK,,
6357,000019c640021582,İKİZCE,GB5,Daire 16,0,registered,unchanged,NO_DETERMINISTIC_DEVICE_LINK,,
6358,000019c600003029,İKİZCE,GB5,Daire 16,0,registered,unchanged,NO_DETERMINISTIC_DEVICE_LINK,,
6359,000019c640007123,İKİZCE,GB5,Daire 16,0,active,unchanged,NO_DETERMINISTIC_DEVICE_LINK,,
6360,000019c640014173,İKİZCE,GB5,Daire 16,0,active,unchanged,NO_DETERMINISTIC_DEVICE_LINK,,
6361,000019c640019471,İKİZCE,GB5,Daire 16,0,registered,unchanged,NO_DETERMINISTIC_DEVICE_LINK,,
6362,000019c640021589,İKİZCE,GB5,Daire 17,0,registered,unchanged,NO_DETERMINISTIC_DEVICE_LINK,,
6363,000019c600000706,İKİZCE,GB5,Daire 17,0,registered,unchanged,NO_DETERMINISTIC_DEVICE_LINK,,
6364,000019c640006648,İKİZCE,GB5,Daire 17,0,active,unchanged,NO_DETERMINISTIC_DEVICE_LINK,,
6365,000019c640016575,İKİZCE,GB5,Daire 17,0,registered,unchanged,NO_DETERMINISTIC_DEVICE_LINK,,
6366,000019c640013954,İKİZCE,GB5,Daire 17,0,registered,unchanged,NO_DETERMINISTIC_DEVICE_LINK,,
6367,000019c640020778,İKİZCE,GB5,Daire 18,0,active,unchanged,NO_DETERMINISTIC_DEVICE_LINK,,
6368,000019c600000360,İKİZCE,GB5,Daire 18,0,registered,unchanged,NO_DETERMINISTIC_DEVICE_LINK,,
6369,000019c640007484,İKİZCE,GB5,Daire 18,0,registered,unchanged,NO_DETERMINISTIC_DEVICE_LINK,,
6370,000019c600018441,İKİZCE,GB5,Daire 18,0,registered,unchanged,NO_DETERMINISTIC_DEVICE_LINK,,
6371,000019c640014140,İKİZCE,GB5,Daire 18,0,registered,unchanged,NO_DETERMINISTIC_DEVICE_LINK,,
6372,000019c640020423,İKİZCE,GB5,Daire 19,0,registered,unchanged,NO_DETERMINISTIC_DEVICE_LINK,,
6373,000019c600004487,İKİZCE,GB5,Daire 19,0,registered,unchanged,NO_DETERMINISTIC_DEVICE_LINK,,
6374,000019c600002121,İKİZCE,GB5,Daire 19,0,registered,unchanged,NO_DETERMINISTIC_DEVICE_LINK,,
6375,000019c640013218,İKİZCE,GB5,Daire 19,0,registered,unchanged,NO_DETERMINISTIC_DEVICE_LINK,,
6376,000019c640019372,İKİZCE,GB5,Daire 19,0,registered,unchanged,NO_DETERMINISTIC_DEVICE_LINK,,
6377,000019c640017982,İKİZCE,GB5,Daire 2,0,registered,unchanged,NO_DETERMINISTIC_DEVICE_LINK,,
6378,000019c600000107,İKİZCE,GB5,Daire 2,0,registered,unchanged,NO_DETERMINISTIC_DEVICE_LINK,,
6379,000019c640007122,İKİZCE,GB5,Daire 2,0,registered,unchanged,NO_DETERMINISTIC_DEVICE_LINK,,
6380,000019c640014621,İKİZCE,GB5,Daire 2,0,registered,unchanged,NO_DETERMINISTIC_DEVICE_LINK,,
6381,000019c640013592,İKİZCE,GB5,Daire 2,0,registered,unchanged,NO_DETERMINISTIC_DEVICE_LINK,,
6382,000019c640013754,İKİZCE,GB5,Daire 20,0,active,unchanged,NO_DETERMINISTIC_DEVICE_LINK,,
6383,000019c600004482,İKİZCE,GB5,Daire 20,0,registered,unchanged,NO_DETERMINISTIC_DEVICE_LINK,,
6384,000019c640008943,İKİZCE,GB5,Daire 20,0,active,unchanged,NO_DETERMINISTIC_DEVICE_LINK,,
6385,000019c640013598,İKİZCE,GB5,Daire 20,0,registered,unchanged,NO_DETERMINISTIC_DEVICE_LINK,,
6386,000019c640021583,İKİZCE,GB5,Daire 21,0,registered,unchanged,NO_DETERMINISTIC_DEVICE_LINK,,
6387,000019c640013862,İKİZCE,GB5,Daire 22,0,registered,unchanged,NO_DETERMINISTIC_DEVICE_LINK,,
6388,000019c640013863,İKİZCE,GB5,Daire 3,0,registered,unchanged,NO_DETERMINISTIC_DEVICE_LINK,,
6389,000019c600004436,İKİZCE,GB5,Daire 3,0,registered,unchanged,NO_DETERMINISTIC_DEVICE_LINK,,
6390,000019c600001291,İKİZCE,GB5,Daire 3,0,registered,unchanged,NO_DETERMINISTIC_DEVICE_LINK,,
6391,000019c640013211,İKİZCE,GB5,Daire 3,0,registered,unchanged,NO_DETERMINISTIC_DEVICE_LINK,,
6392,000019c640014245,İKİZCE,GB5,Daire 3,0,registered,unchanged,NO_DETERMINISTIC_DEVICE_LINK,,
6393,000019c640013756,İKİZCE,GB5,Daire 4,0,registered,unchanged,NO_DETERMINISTIC_DEVICE_LINK,,
6394,000019c600003021,İKİZCE,GB5,Daire 4,0,registered,unchanged,NO_DETERMINISTIC_DEVICE_LINK,,
6395,000019c600003545,İKİZCE,GB5,Daire 4,0,registered,unchanged,NO_DETERMINISTIC_DEVICE_LINK,,
6396,000019c640016929,İKİZCE,GB5,Daire 4,0,registered,unchanged,NO_DETERMINISTIC_DEVICE_LINK,,
6397,000019c640013591,İKİZCE,GB5,Daire 4,0,registered,unchanged,NO_DETERMINISTIC_DEVICE_LINK,,
6398,000019c640013865,İKİZCE,GB5,Daire 5,0,registered,unchanged,NO_DETERMINISTIC_DEVICE_LINK,,
6399,000019c600003979,İKİZCE,GB5,Daire 5,0,registered,unchanged,NO_DETERMINISTIC_DEVICE_LINK,,
6400,000019c600004515,İKİZCE,GB5,Daire 5,0,registered,unchanged,NO_DETERMINISTIC_DEVICE_LINK,,
6401,000019c640016713,İKİZCE,GB5,Daire 5,0,registered,unchanged,NO_DETERMINISTIC_DEVICE_LINK,,
6402,000019c640014146,İKİZCE,GB5,Daire 5,0,registered,unchanged,NO_DETERMINISTIC_DEVICE_LINK,,
6403,000019c640021586,İKİZCE,GB5,Daire 6,0,registered,unchanged,NO_DETERMINISTIC_DEVICE_LINK,,
6404,000019c600004425,İKİZCE,GB5,Daire 6,0,registered,unchanged,NO_DETERMINISTIC_DEVICE_LINK,,
6405,000019c640006643,İKİZCE,GB5,Daire 6,0,registered,unchanged,NO_DETERMINISTIC_DEVICE_LINK,,
6406,000019c640016924,İKİZCE,GB5,Daire 6,0,registered,unchanged,NO_DETERMINISTIC_DEVICE_LINK,,
6407,000019c640019374,İKİZCE,GB5,Daire 6,0,registered,unchanged,NO_DETERMINISTIC_DEVICE_LINK,,
6408,000019c640013757,İKİZCE,GB5,Daire 7,0,registered,unchanged,NO_DETERMINISTIC_DEVICE_LINK,,
6409,000019c600000653,İKİZCE,GB5,Daire 7,0,registered,unchanged,NO_DETERMINISTIC_DEVICE_LINK,,
6410,000019c600003540,İKİZCE,GB5,Daire 7,0,registered,unchanged,NO_DETERMINISTIC_DEVICE_LINK,,
6411,000019c640013746,İKİZCE,GB5,Daire 7,0,registered,unchanged,NO_DETERMINISTIC_DEVICE_LINK,,
6412,000019c640019370,İKİZCE,GB5,Daire 7,0,registered,unchanged,NO_DETERMINISTIC_DEVICE_LINK,,
6413,000019c640013750,İKİZCE,GB5,Daire 8,0,registered,unchanged,NO_DETERMINISTIC_DEVICE_LINK,,
6414,000019c600000655,İKİZCE,GB5,Daire 8,0,registered,unchanged,NO_DETERMINISTIC_DEVICE_LINK,,
6415,000019c600003541,İKİZCE,GB5,Daire 8,0,registered,unchanged,NO_DETERMINISTIC_DEVICE_LINK,,
6416,000019c640013832,İKİZCE,GB5,Daire 8,0,registered,unchanged,NO_DETERMINISTIC_DEVICE_LINK,,
6417,000019c640014148,İKİZCE,GB5,Daire 8,0,registered,unchanged,NO_DETERMINISTIC_DEVICE_LINK,,
6418,000019c640021188,İKİZCE,GB5,Daire 9,0,registered,unchanged,NO_DETERMINISTIC_DEVICE_LINK,,
6419,000019c640000472,İKİZCE,GB5,Daire 9,0,active,unchanged,NO_DETERMINISTIC_DEVICE_LINK,,
6420,000019c640006645,İKİZCE,GB5,Daire 9,0,active,unchanged,NO_DETERMINISTIC_DEVICE_LINK,,
6421,000019c640016578,İKİZCE,GB5,Daire 9,0,registered,unchanged,NO_DETERMINISTIC_DEVICE_LINK,,
6422,000019c640014141,İKİZCE,GB5,Daire 9,0,registered,unchanged,NO_DETERMINISTIC_DEVICE_LINK,,
6423,000019c640016719,İKİZCE,GB5,Kapıcı Dairesi,0,registered,unchanged,NO_DETERMINISTIC_DEVICE_LINK,,
6424,000019c640011945,İKİZCE,GB5,Ortak Alan,0,registered,unchanged,NO_DETERMINISTIC_DEVICE_LINK,,
6425,000019c640011078,İKİZCE,GB5,Ortak Alan,0,registered,unchanged,NO_DETERMINISTIC_DEVICE_LINK,,
6426,000019c640021606,İKİZCE,GB5,Ortak alan,0,registered,unchanged,NO_DETERMINISTIC_DEVICE_LINK,,
6427,000019c640011283,İKİZCE,GB5,Ortak Alan 1,0,error,unchanged,NO_DETERMINISTIC_DEVICE_LINK,,
6428,000019c640011905,İKİZCE,GB5,Ortak alan 2,0,registered,unchanged,NO_DETERMINISTIC_DEVICE_LINK,,
6429,000019c640016798,İKİZCE,GB5-2,Daire 1,0,registered,unchanged,NO_DETERMINISTIC_DEVICE_LINK,,
6430,000019c640016553,İKİZCE,GB5-2,Daire 10,0,registered,unchanged,NO_DETERMINISTIC_DEVICE_LINK,,
6431,000019c640016791,İKİZCE,GB5-2,Daire 11,0,registered,unchanged,NO_DETERMINISTIC_DEVICE_LINK,,
6432,000019c640013400,İKİZCE,GB5-2,Daire 12,0,registered,unchanged,NO_DETERMINISTIC_DEVICE_LINK,,
6433,000019c640013408,İKİZCE,GB5-2,Daire 13,0,registered,unchanged,NO_DETERMINISTIC_DEVICE_LINK,,
6434,000019c640013738,İKİZCE,GB5-2,Daire 14,0,registered,unchanged,NO_DETERMINISTIC_DEVICE_LINK,,
6435,000019c640016558,İKİZCE,GB5-2,Daire 15,0,registered,unchanged,NO_DETERMINISTIC_DEVICE_LINK,,
6436,000019c640013405,İKİZCE,GB5-2,Daire 16,0,registered,unchanged,NO_DETERMINISTIC_DEVICE_LINK,,
6437,000019c640016799,İKİZCE,GB5-2,Daire 17,0,registered,unchanged,NO_DETERMINISTIC_DEVICE_LINK,,
6438,000019c640016792,İKİZCE,GB5-2,Daire 18,0,registered,unchanged,NO_DETERMINISTIC_DEVICE_LINK,,
6439,000019c640013767,İKİZCE,GB5-2,Daire 19,0,registered,unchanged,NO_DETERMINISTIC_DEVICE_LINK,,
6440,000019c640017695,İKİZCE,GB5-2,Daire 2,0,registered,unchanged,NO_DETERMINISTIC_DEVICE_LINK,,
6441,000019c640016550,İKİZCE,GB5-2,Daire 20,0,active,unchanged,NO_DETERMINISTIC_DEVICE_LINK,,
6442,000019c640016797,İKİZCE,GB5-2,Daire 3,0,registered,unchanged,NO_DETERMINISTIC_DEVICE_LINK,,
6443,000019c640016794,İKİZCE,GB5-2,Daire 4,0,registered,unchanged,NO_DETERMINISTIC_DEVICE_LINK,,
6444,000019c640013406,İKİZCE,GB5-2,Daire 5,0,registered,unchanged,NO_DETERMINISTIC_DEVICE_LINK,,
6445,000019c640016790,İKİZCE,GB5-2,Daire 6,0,registered,unchanged,NO_DETERMINISTIC_DEVICE_LINK,,
6446,000019c640016796,İKİZCE,GB5-2,Daire 7,0,registered,unchanged,NO_DETERMINISTIC_DEVICE_LINK,,
6447,000019c640013764,İKİZCE,GB5-2,Daire 8,0,registered,unchanged,NO_DETERMINISTIC_DEVICE_LINK,,
6448,000019c640016554,İKİZCE,GB5-2,Daire 9,0,registered,unchanged,NO_DETERMINISTIC_DEVICE_LINK,,
6449,000019c640018658,İKİZCE,GB5-2,Ortak Alan 1,0,registered,unchanged,NO_DETERMINISTIC_DEVICE_LINK,,
6450,000019c640011419,İKİZCE,GB5-2,Ortak Alan 2,0,registered,unchanged,NO_DETERMINISTIC_DEVICE_LINK,,
6451,000019c640017819,İKİZCE,GB6,Daire 1,0,registered,unchanged,NO_DETERMINISTIC_DEVICE_LINK,,
6452,000019c600000352,İKİZCE,GB6,Daire 1,0,registered,unchanged,NO_DETERMINISTIC_DEVICE_LINK,,
6453,000019c600002138,İKİZCE,GB6,Daire 1,0,registered,unchanged,NO_DETERMINISTIC_DEVICE_LINK,,
6454,000019c640013102,İKİZCE,GB6,Daire 1,0,registered,unchanged,NO_DETERMINISTIC_DEVICE_LINK,,
6455,000019c640012120,İKİZCE,GB6,Daire 1,0,registered,unchanged,NO_DETERMINISTIC_DEVICE_LINK,,
6456,000019c640018903,İKİZCE,GB6,Daire 10,0,registered,unchanged,NO_DETERMINISTIC_DEVICE_LINK,,
6457,000019c640004727,İKİZCE,GB6,Daire 10,0,registered,unchanged,NO_DETERMINISTIC_DEVICE_LINK,,
6458,000019c640013486,İKİZCE,GB6,Daire 10,0,registered,unchanged,NO_DETERMINISTIC_DEVICE_LINK,,
6459,000019c640017221,İKİZCE,GB6,Daire 10,0,registered,unchanged,NO_DETERMINISTIC_DEVICE_LINK,,
6460,000019c640013711,İKİZCE,GB6,Daire 11,0,registered,unchanged,NO_DETERMINISTIC_DEVICE_LINK,,
6461,000019c600001573,İKİZCE,GB6,Daire 11,0,registered,unchanged,NO_DETERMINISTIC_DEVICE_LINK,,
6462,000019c640016921,İKİZCE,GB6,Daire 11,0,registered,unchanged,NO_DETERMINISTIC_DEVICE_LINK,,
6463,000019c640013401,İKİZCE,GB6,Daire 11,0,registered,unchanged,NO_DETERMINISTIC_DEVICE_LINK,,
6464,000019c640013712,İKİZCE,GB6,Daire 12,0,registered,unchanged,NO_DETERMINISTIC_DEVICE_LINK,,
6465,000019c600000660,İKİZCE,GB6,Daire 12,0,registered,unchanged,NO_DETERMINISTIC_DEVICE_LINK,,
6466,000019c640019012,İKİZCE,GB6,Daire 12,0,registered,unchanged,NO_DETERMINISTIC_DEVICE_LINK,,
6467,000019c640017225,İKİZCE,GB6,Daire 12,0,registered,unchanged,NO_DETERMINISTIC_DEVICE_LINK,,
6468,000019c640026934,İKİZCE,GB6,Daire 13,0,registered,unchanged,NO_DETERMINISTIC_DEVICE_LINK,,
6469,000019c600002010,İKİZCE,GB6,Daire 13,0,registered,unchanged,NO_DETERMINISTIC_DEVICE_LINK,,
6470,000019c640014638,İKİZCE,GB6,Daire 13,0,registered,unchanged,NO_DETERMINISTIC_DEVICE_LINK,,
6471,000019c640016551,İKİZCE,GB6,Daire 13,0,registered,unchanged,NO_DETERMINISTIC_DEVICE_LINK,,
6472,000019c640013714,İKİZCE,GB6,Daire 14,0,registered,unchanged,NO_DETERMINISTIC_DEVICE_LINK,,
6473,000019c600004730,İKİZCE,GB6,Daire 14,0,registered,unchanged,NO_DETERMINISTIC_DEVICE_LINK,,
6474,000019c640019055,İKİZCE,GB6,Daire 14,0,registered,unchanged,NO_DETERMINISTIC_DEVICE_LINK,,
6475,000019c640016793,İKİZCE,GB6,Daire 14,0,registered,unchanged,NO_DETERMINISTIC_DEVICE_LINK,,
6476,000019c640026937,İKİZCE,GB6,Daire 15,0,registered,unchanged,NO_DETERMINISTIC_DEVICE_LINK,,
6477,000019c600003973,İKİZCE,GB6,Daire 15,0,registered,unchanged,NO_DETERMINISTIC_DEVICE_LINK,,
6478,000019c640019057,İKİZCE,GB6,Daire 15,0,registered,unchanged,NO_DETERMINISTIC_DEVICE_LINK,,
6479,000019c640016510,İKİZCE,GB6,Daire 15,0,registered,unchanged,NO_DETERMINISTIC_DEVICE_LINK,,
6480,000019c640013172,İKİZCE,GB6,Daire 16,0,registered,unchanged,NO_DETERMINISTIC_DEVICE_LINK,,
6481,000019c640004723,İKİZCE,GB6,Daire 16,0,registered,unchanged,NO_DETERMINISTIC_DEVICE_LINK,,
6482,000019c640013894,İKİZCE,GB6,Daire 16,0,registered,unchanged,NO_DETERMINISTIC_DEVICE_LINK,,
6483,000019c640016559,İKİZCE,GB6,Daire 16,0,active,unchanged,NO_DETERMINISTIC_DEVICE_LINK,,
6484,000019c640013716,İKİZCE,GB6,Daire 17,0,registered,unchanged,NO_DETERMINISTIC_DEVICE_LINK,,
6485,000019c600003976,İKİZCE,GB6,Daire 17,0,registered,unchanged,NO_DETERMINISTIC_DEVICE_LINK,,
6486,000019c640013113,İKİZCE,GB6,Daire 17,0,registered,unchanged,NO_DETERMINISTIC_DEVICE_LINK,,
6487,000019c640021644,İKİZCE,GB6,Daire 17,0,registered,unchanged,NO_DETERMINISTIC_DEVICE_LINK,,
6488,000019c640027084,İKİZCE,GB6,Daire 18,0,registered,unchanged,NO_DETERMINISTIC_DEVICE_LINK,,
6489,000019c640004729,İKİZCE,GB6,Daire 18,0,active,unchanged,NO_DETERMINISTIC_DEVICE_LINK,,
6490,000019c640013841,İKİZCE,GB6,Daire 18,0,active,unchanged,NO_DETERMINISTIC_DEVICE_LINK,,
6491,000019c640013411,İKİZCE,GB6,Daire 18,0,registered,unchanged,NO_DETERMINISTIC_DEVICE_LINK,,
6492,000019c640026936,İKİZCE,GB6,Daire 19,0,registered,unchanged,NO_DETERMINISTIC_DEVICE_LINK,,
6493,000019c600000659,İKİZCE,GB6,Daire 19,0,registered,unchanged,NO_DETERMINISTIC_DEVICE_LINK,,
6494,000019c640013849,İKİZCE,GB6,Daire 19,0,registered,unchanged,NO_DETERMINISTIC_DEVICE_LINK,,
6495,000019c640016555,İKİZCE,GB6,Daire 19,0,registered,unchanged,NO_DETERMINISTIC_DEVICE_LINK,,
6496,000019c640017950,İKİZCE,GB6,Daire 2,0,registered,unchanged,NO_DETERMINISTIC_DEVICE_LINK,,
6497,000019c600003978,İKİZCE,GB6,Daire 2,0,registered,unchanged,NO_DETERMINISTIC_DEVICE_LINK,,
6498,000019c600002084,İKİZCE,GB6,Daire 2,0,registered,unchanged,NO_DETERMINISTIC_DEVICE_LINK,,
6499,000019c640019072,İKİZCE,GB6,Daire 2,0,registered,unchanged,NO_DETERMINISTIC_DEVICE_LINK,,
6500,000019c640018979,İKİZCE,GB6,Daire 2,0,registered,unchanged,NO_DETERMINISTIC_DEVICE_LINK,,
6501,000019c640013462,İKİZCE,GB6,Daire 20,0,registered,unchanged,NO_DETERMINISTIC_DEVICE_LINK,,
6502,000019c640001459,İKİZCE,GB6,Daire 20,0,registered,unchanged,NO_DETERMINISTIC_DEVICE_LINK,,
6503,000019c640014633,İKİZCE,GB6,Daire 20,0,active,unchanged,NO_DETERMINISTIC_DEVICE_LINK,,
6504,000019c640013171,İKİZCE,GB6,Daire 21,0,registered,unchanged,NO_DETERMINISTIC_DEVICE_LINK,,
6505,000019c640013176,İKİZCE,GB6,Daire 22,0,active,unchanged,NO_DETERMINISTIC_DEVICE_LINK,,
6506,000019c640018905,İKİZCE,GB6,Daire 3,0,registered,unchanged,NO_DETERMINISTIC_DEVICE_LINK,,
6507,000019c600000705,İKİZCE,GB6,Daire 3,0,registered,unchanged,NO_DETERMINISTIC_DEVICE_LINK,,
6508,000019c600003767,İKİZCE,GB6,Daire 3,0,registered,unchanged,NO_DETERMINISTIC_DEVICE_LINK,,
6509,000019c640019053,İKİZCE,GB6,Daire 3,0,registered,unchanged,NO_DETERMINISTIC_DEVICE_LINK,,
6510,000019c640016513,İKİZCE,GB6,Daire 3,0,registered,unchanged,NO_DETERMINISTIC_DEVICE_LINK,,
6511,000019c640013718,İKİZCE,GB6,Daire 4,0,registered,unchanged,NO_DETERMINISTIC_DEVICE_LINK,,
6512,000019c600004490,İKİZCE,GB6,Daire 4,0,registered,unchanged,NO_DETERMINISTIC_DEVICE_LINK,,
6513,000019c600002087,İKİZCE,GB6,Daire 4,0,registered,unchanged,NO_DETERMINISTIC_DEVICE_LINK,,
6514,000019c640013103,İKİZCE,GB6,Daire 4,0,registered,unchanged,NO_DETERMINISTIC_DEVICE_LINK,,
6515,000019c640012122,İKİZCE,GB6,Daire 4,0,registered,unchanged,NO_DETERMINISTIC_DEVICE_LINK,,
6516,000019c640013710,İKİZCE,GB6,Daire 5,0,registered,unchanged,NO_DETERMINISTIC_DEVICE_LINK,,
6517,000019c600004483,İKİZCE,GB6,Daire 5,0,registered,unchanged,NO_DETERMINISTIC_DEVICE_LINK,,
6518,000019c600002081,İKİZCE,GB6,Daire 5,0,registered,unchanged,NO_DETERMINISTIC_DEVICE_LINK,,
6519,000019c640019076,İKİZCE,GB6,Daire 5,0,registered,unchanged,NO_DETERMINISTIC_DEVICE_LINK,,
6520,000019c640017201,İKİZCE,GB6,Daire 5,0,registered,unchanged,NO_DETERMINISTIC_DEVICE_LINK,,
6521,000019c640020415,İKİZCE,GB6,Daire 6,0,registered,unchanged,NO_DETERMINISTIC_DEVICE_LINK,,
6522,000019c600001579,İKİZCE,GB6,Daire 6,0,registered,unchanged,NO_DETERMINISTIC_DEVICE_LINK,,
6523,000019c600003762,İKİZCE,GB6,Daire 6,0,registered,unchanged,NO_DETERMINISTIC_DEVICE_LINK,,
6524,000019c640014172,İKİZCE,GB6,Daire 6,0,registered,unchanged,NO_DETERMINISTIC_DEVICE_LINK,,
6525,000019c640018976,İKİZCE,GB6,Daire 6,0,registered,unchanged,NO_DETERMINISTIC_DEVICE_LINK,,
6526,000019c640013715,İKİZCE,GB6,Daire 7,0,registered,unchanged,NO_DETERMINISTIC_DEVICE_LINK,,
6527,000019c600000708,İKİZCE,GB6,Daire 7,0,registered,unchanged,NO_DETERMINISTIC_DEVICE_LINK,,
6528,000019c600002086,İKİZCE,GB6,Daire 7,0,registered,unchanged,NO_DETERMINISTIC_DEVICE_LINK,,
6529,000019c640019075,İKİZCE,GB6,Daire 7,0,registered,unchanged,NO_DETERMINISTIC_DEVICE_LINK,,
6530,000019c640012128,İKİZCE,GB6,Daire 7,0,registered,unchanged,NO_DETERMINISTIC_DEVICE_LINK,,
6531,000019c640013178,İKİZCE,GB6,Daire 8,0,registered,unchanged,NO_DETERMINISTIC_DEVICE_LINK,,
6532,000019c600000704,İKİZCE,GB6,Daire 8,0,registered,unchanged,NO_DETERMINISTIC_DEVICE_LINK,,
6533,000019c600004581,İKİZCE,GB6,Daire 8,0,registered,unchanged,NO_DETERMINISTIC_DEVICE_LINK,,
6534,000019c640016926,İKİZCE,GB6,Daire 8,0,registered,unchanged,NO_DETERMINISTIC_DEVICE_LINK,,
6535,000019c640017228,İKİZCE,GB6,Daire 8,0,registered,unchanged,NO_DETERMINISTIC_DEVICE_LINK,,
6536,000019c640013719,İKİZCE,GB6,Daire 9,0,registered,unchanged,NO_DETERMINISTIC_DEVICE_LINK,,
6537,000019c600002004,İKİZCE,GB6,Daire 9,0,registered,unchanged,NO_DETERMINISTIC_DEVICE_LINK,,
6538,000019c640014634,İKİZCE,GB6,Daire 9,0,registered,unchanged,NO_DETERMINISTIC_DEVICE_LINK,,
6539,000019c640018972,İKİZCE,GB6,Daire 9,0,registered,unchanged,NO_DETERMINISTIC_DEVICE_LINK,,
6540,000019c640016514,İKİZCE,GB6,Kapıcı Dairesi,0,registered,unchanged,NO_DETERMINISTIC_DEVICE_LINK,,
6541,000019c640011311,İKİZCE,GB6,Ortak Alan,0,registered,unchanged,NO_DETERMINISTIC_DEVICE_LINK,,
6542,000019c640011484,İKİZCE,GB6,Ortak Alan 1,0,registered,unchanged,NO_DETERMINISTIC_DEVICE_LINK,,
6543,000019c640011188,İKİZCE,GB6,Ortak Alan 1,0,registered,unchanged,NO_DETERMINISTIC_DEVICE_LINK,,
6544,000019c640013921,İKİZCE,GB6,Ortak Alan 2,0,registered,unchanged,NO_DETERMINISTIC_DEVICE_LINK,,
6545,000019c640011770,İKİZCE,GB6,Ortak Alan 2,0,registered,unchanged,NO_DETERMINISTIC_DEVICE_LINK,,
6546,000019c640018168,İKİZCE,GB7,Daire 1,0,registered,unchanged,NO_DETERMINISTIC_DEVICE_LINK,,
6547,000019c600001194,İKİZCE,GB7,Daire 1,0,registered,unchanged,NO_DETERMINISTIC_DEVICE_LINK,,
6548,000019c600001790,İKİZCE,GB7,Daire 1,0,registered,unchanged,NO_DETERMINISTIC_DEVICE_LINK,,
6549,000019c640019789,İKİZCE,GB7,Daire 1,0,registered,unchanged,NO_DETERMINISTIC_DEVICE_LINK,,
6550,000019c640018902,İKİZCE,GB7,Daire 10,0,registered,unchanged,NO_DETERMINISTIC_DEVICE_LINK,,
6551,000019c600001802,İKİZCE,GB7,Daire 10,0,registered,unchanged,NO_DETERMINISTIC_DEVICE_LINK,,
6552,000019c600003765,İKİZCE,GB7,Daire 10,0,registered,unchanged,NO_DETERMINISTIC_DEVICE_LINK,,
6553,000019c640021809,İKİZCE,GB7,Daire 10,0,active,unchanged,NO_DETERMINISTIC_DEVICE_LINK,,
6554,000019c640017813,İKİZCE,GB7,Daire 11,0,registered,unchanged,NO_DETERMINISTIC_DEVICE_LINK,,
6555,000019c600001764,İKİZCE,GB7,Daire 11,0,registered,unchanged,NO_DETERMINISTIC_DEVICE_LINK,,
6556,000019c600002090,İKİZCE,GB7,Daire 11,0,registered,unchanged,NO_DETERMINISTIC_DEVICE_LINK,,
6557,000019c640012893,İKİZCE,GB7,Daire 11,0,registered,unchanged,NO_DETERMINISTIC_DEVICE_LINK,,
6558,000019c640013467,İKİZCE,GB7,Daire 12,0,registered,unchanged,NO_DETERMINISTIC_DEVICE_LINK,,
6559,000019c600001770,İKİZCE,GB7,Daire 12,0,registered,unchanged,NO_DETERMINISTIC_DEVICE_LINK,,
6560,000019c640001737,İKİZCE,GB7,Daire 12,0,registered,unchanged,NO_DETERMINISTIC_DEVICE_LINK,,
6561,000019c640015767,İKİZCE,GB7,Daire 12,0,registered,unchanged,NO_DETERMINISTIC_DEVICE_LINK,,
6562,000019c640017815,İKİZCE,GB7,Daire 13,0,registered,unchanged,NO_DETERMINISTIC_DEVICE_LINK,,
6563,000019c600001565,İKİZCE,GB7,Daire 13,0,registered,unchanged,NO_DETERMINISTIC_DEVICE_LINK,,
6564,000019c600002085,İKİZCE,GB7,Daire 13,0,registered,unchanged,NO_DETERMINISTIC_DEVICE_LINK,,
6565,000019c640021805,İKİZCE,GB7,Daire 13,0,active,unchanged,NO_DETERMINISTIC_DEVICE_LINK,,
6566,000019c640017811,İKİZCE,GB7,Daire 14,0,registered,unchanged,NO_DETERMINISTIC_DEVICE_LINK,,
6567,000019c600001765,İKİZCE,GB7,Daire 14,0,registered,unchanged,NO_DETERMINISTIC_DEVICE_LINK,,
6568,000019c600002689,İKİZCE,GB7,Daire 14,0,registered,unchanged,NO_DETERMINISTIC_DEVICE_LINK,,
6569,000019c640019781,İKİZCE,GB7,Daire 14,0,registered,unchanged,NO_DETERMINISTIC_DEVICE_LINK,,
6570,000019c640018164,İKİZCE,GB7,Daire 15,0,registered,unchanged,NO_DETERMINISTIC_DEVICE_LINK,,
6571,000019c600001103,İKİZCE,GB7,Daire 15,0,registered,unchanged,NO_DETERMINISTIC_DEVICE_LINK,,
6572,000019c600001731,İKİZCE,GB7,Daire 15,0,registered,unchanged,NO_DETERMINISTIC_DEVICE_LINK,,
6573,000019c640015761,İKİZCE,GB7,Daire 15,0,registered,unchanged,NO_DETERMINISTIC_DEVICE_LINK,,
6574,000019c640018906,İKİZCE,GB7,Daire 16,0,registered,unchanged,NO_DETERMINISTIC_DEVICE_LINK,,
6575,000019c600000104,İKİZCE,GB7,Daire 16,0,registered,unchanged,NO_DETERMINISTIC_DEVICE_LINK,,
6576,000019c600003768,İKİZCE,GB7,Daire 16,0,registered,unchanged,NO_DETERMINISTIC_DEVICE_LINK,,
6577,000019c640019786,İKİZCE,GB7,Daire 16,0,registered,unchanged,NO_DETERMINISTIC_DEVICE_LINK,,
6578,000019c640018775,İKİZCE,GB7,Daire 17,0,active,unchanged,NO_DETERMINISTIC_DEVICE_LINK,,
6579,000019c600002513,İKİZCE,GB7,Daire 17,0,registered,unchanged,NO_DETERMINISTIC_DEVICE_LINK,,
6580,000019c600003764,İKİZCE,GB7,Daire 17,0,registered,unchanged,NO_DETERMINISTIC_DEVICE_LINK,,
6581,000019c640013562,İKİZCE,GB7,Daire 17,0,active,unchanged,NO_DETERMINISTIC_DEVICE_LINK,,
6582,000019c640017814,İKİZCE,GB7,Daire 18,0,active,unchanged,NO_DETERMINISTIC_DEVICE_LINK,,
6583,000019c600002515,İKİZCE,GB7,Daire 18,0,active,unchanged,NO_DETERMINISTIC_DEVICE_LINK,,
6584,000019c640003231,İKİZCE,GB7,Daire 18,0,active,unchanged,NO_DETERMINISTIC_DEVICE_LINK,,
6585,000019c640019519,İKİZCE,GB7,Daire 18,0,active,unchanged,NO_DETERMINISTIC_DEVICE_LINK,,
6586,000019c640013460,İKİZCE,GB7,Daire 19,0,registered,unchanged,NO_DETERMINISTIC_DEVICE_LINK,,
6587,000019c600003833,İKİZCE,GB7,Daire 19,0,registered,unchanged,NO_DETERMINISTIC_DEVICE_LINK,,
6588,000019c640003238,İKİZCE,GB7,Daire 19,0,active,unchanged,NO_DETERMINISTIC_DEVICE_LINK,,
6589,000019c640021806,İKİZCE,GB7,Daire 19,0,active,unchanged,NO_DETERMINISTIC_DEVICE_LINK,,
6590,000019c640018167,İKİZCE,GB7,Daire 2,0,registered,unchanged,NO_DETERMINISTIC_DEVICE_LINK,,
6591,000019c600001195,İKİZCE,GB7,Daire 2,0,registered,unchanged,NO_DETERMINISTIC_DEVICE_LINK,,
6592,000019c600003766,İKİZCE,GB7,Daire 2,0,registered,unchanged,NO_DETERMINISTIC_DEVICE_LINK,,
6593,000019c640021624,İKİZCE,GB7,Daire 2,0,registered,unchanged,NO_DETERMINISTIC_DEVICE_LINK,,
6594,000019c640018772,İKİZCE,GB7,Daire 20,0,registered,unchanged,NO_DETERMINISTIC_DEVICE_LINK,,
6595,000019c600001191,İKİZCE,GB7,Daire 20,0,registered,unchanged,NO_DETERMINISTIC_DEVICE_LINK,,
6596,000019c640020919,İKİZCE,GB7,Daire 20,0,registered,unchanged,NO_DETERMINISTIC_DEVICE_LINK,,
6597,000019c600003001,İKİZCE,GB7,Daire 21,0,registered,unchanged,NO_DETERMINISTIC_DEVICE_LINK,,
6598,000019c600001108,İKİZCE,GB7,Daire 22,0,registered,unchanged,NO_DETERMINISTIC_DEVICE_LINK,,
6599,000019c640013698,İKİZCE,GB7,Daire 3,0,registered,unchanged,NO_DETERMINISTIC_DEVICE_LINK,,
6600,000019c640001472,İKİZCE,GB7,Daire 3,0,registered,unchanged,NO_DETERMINISTIC_DEVICE_LINK,,
6601,000019c600003240,İKİZCE,GB7,Daire 3,0,registered,unchanged,NO_DETERMINISTIC_DEVICE_LINK,,
6602,000019c640019686,İKİZCE,GB7,Daire 3,0,registered,unchanged,NO_DETERMINISTIC_DEVICE_LINK,,
6603,000019c640013693,İKİZCE,GB7,Daire 4,0,registered,unchanged,NO_DETERMINISTIC_DEVICE_LINK,,
6604,000019c600001109,İKİZCE,GB7,Daire 4,0,registered,unchanged,NO_DETERMINISTIC_DEVICE_LINK,,
6605,000019c600001785,İKİZCE,GB7,Daire 4,0,registered,unchanged,NO_DETERMINISTIC_DEVICE_LINK,,
6606,000019c640021800,İKİZCE,GB7,Daire 4,0,registered,unchanged,NO_DETERMINISTIC_DEVICE_LINK,,
6607,000019c640018907,İKİZCE,GB7,Daire 5,0,registered,unchanged,NO_DETERMINISTIC_DEVICE_LINK,,
6608,000019c600003475,İKİZCE,GB7,Daire 5,0,registered,unchanged,NO_DETERMINISTIC_DEVICE_LINK,,
6609,000019c640003234,İKİZCE,GB7,Daire 5,0,active,unchanged,NO_DETERMINISTIC_DEVICE_LINK,,
6610,000019c640019946,İKİZCE,GB7,Daire 5,0,registered,unchanged,NO_DETERMINISTIC_DEVICE_LINK,,
6611,000019c640020558,İKİZCE,GB7,Daire 6,0,registered,unchanged,NO_DETERMINISTIC_DEVICE_LINK,,
6612,000019c600002372,İKİZCE,GB7,Daire 6,0,registered,unchanged,NO_DETERMINISTIC_DEVICE_LINK,,
6613,000019c600002083,İKİZCE,GB7,Daire 6,0,registered,unchanged,NO_DETERMINISTIC_DEVICE_LINK,,
6614,000019c640021801,İKİZCE,GB7,Daire 6,0,active,unchanged,NO_DETERMINISTIC_DEVICE_LINK,,
6615,000019c640017144,İKİZCE,GB7,Daire 7,0,registered,unchanged,NO_DETERMINISTIC_DEVICE_LINK,,
6616,000019c600004383,İKİZCE,GB7,Daire 7,0,registered,unchanged,NO_DETERMINISTIC_DEVICE_LINK,,
6617,000019c600002131,İKİZCE,GB7,Daire 7,0,registered,unchanged,NO_DETERMINISTIC_DEVICE_LINK,,
6618,000019c640015734,İKİZCE,GB7,Daire 7,0,registered,unchanged,NO_DETERMINISTIC_DEVICE_LINK,,
6619,000019c640026935,İKİZCE,GB7,Daire 8,0,registered,unchanged,NO_DETERMINISTIC_DEVICE_LINK,,
6620,000019c600002060,İKİZCE,GB7,Daire 8,0,registered,unchanged,NO_DETERMINISTIC_DEVICE_LINK,,
6621,000019c640003233,İKİZCE,GB7,Daire 8,0,registered,unchanged,NO_DETERMINISTIC_DEVICE_LINK,,
6622,000019c640019955,İKİZCE,GB7,Daire 8,0,registered,unchanged,NO_DETERMINISTIC_DEVICE_LINK,,
6623,000019c640026932,İKİZCE,GB7,Daire 9,0,registered,unchanged,NO_DETERMINISTIC_DEVICE_LINK,,
6624,000019c600002052,İKİZCE,GB7,Daire 9,0,registered,unchanged,NO_DETERMINISTIC_DEVICE_LINK,,
6625,000019c600003763,İKİZCE,GB7,Daire 9,0,registered,unchanged,NO_DETERMINISTIC_DEVICE_LINK,,
6626,000019c640013518,İKİZCE,GB7,Daire 9,0,registered,unchanged,NO_DETERMINISTIC_DEVICE_LINK,,
6627,000019c600003769,İKİZCE,GB7,KD,0,registered,unchanged,NO_DETERMINISTIC_DEVICE_LINK,,
6628,000019c640020163,İKİZCE,GB7,Ortak Alan 1,0,registered,unchanged,NO_DETERMINISTIC_DEVICE_LINK,,
6629,000019c640011865,İKİZCE,GB7,Ortak Alan 2,0,registered,unchanged,NO_DETERMINISTIC_DEVICE_LINK,,
6630,000019c640020555,İKİZCE,GB8,Daire 1,0,registered,unchanged,NO_DETERMINISTIC_DEVICE_LINK,,
6631,000019c600008605,İKİZCE,GB8,Daire 1,0,registered,unchanged,NO_DETERMINISTIC_DEVICE_LINK,,
6632,000019c640004369,İKİZCE,GB8,Daire 1,0,registered,unchanged,NO_DETERMINISTIC_DEVICE_LINK,,
6633,000019c640021617,İKİZCE,GB8,Daire 1,0,registered,unchanged,NO_DETERMINISTIC_DEVICE_LINK,,
6634,000019c640012444,İKİZCE,GB8,Daire 10,0,registered,unchanged,NO_DETERMINISTIC_DEVICE_LINK,,
6635,000019c600003004,İKİZCE,GB8,Daire 10,0,registered,unchanged,NO_DETERMINISTIC_DEVICE_LINK,,
6636,000019c600004503,İKİZCE,GB8,Daire 10,0,registered,unchanged,NO_DETERMINISTIC_DEVICE_LINK,,
6637,000019c640013777,İKİZCE,GB8,Daire 10,0,registered,unchanged,NO_DETERMINISTIC_DEVICE_LINK,,
6638,000019c640012447,İKİZCE,GB8,Daire 11,0,registered,unchanged,NO_DETERMINISTIC_DEVICE_LINK,,
6639,000019c600001957,İKİZCE,GB8,Daire 11,0,registered,unchanged,NO_DETERMINISTIC_DEVICE_LINK,,
6640,000019c600002274,İKİZCE,GB8,Daire 11,0,active,unchanged,NO_DETERMINISTIC_DEVICE_LINK,,
6641,000019c640023874,İKİZCE,GB8,Daire 11,0,registered,unchanged,NO_DETERMINISTIC_DEVICE_LINK,,
6642,000019c640016678,İKİZCE,GB8,Daire 12,0,active,unchanged,NO_DETERMINISTIC_DEVICE_LINK,,
6643,000019c600001564,İKİZCE,GB8,Daire 12,0,registered,unchanged,NO_DETERMINISTIC_DEVICE_LINK,,
6644,000019c640002276,İKİZCE,GB8,Daire 12,0,registered,unchanged,NO_DETERMINISTIC_DEVICE_LINK,,
6645,000019c640021668,İKİZCE,GB8,Daire 12,0,registered,unchanged,NO_DETERMINISTIC_DEVICE_LINK,,
6646,000019c640016674,İKİZCE,GB8,Daire 13,0,registered,unchanged,NO_DETERMINISTIC_DEVICE_LINK,,
6647,000019c600001767,İKİZCE,GB8,Daire 13,0,registered,unchanged,NO_DETERMINISTIC_DEVICE_LINK,,
6648,000019c640003239,İKİZCE,GB8,Daire 13,0,registered,unchanged,NO_DETERMINISTIC_DEVICE_LINK,,
6649,000019c640021667,İKİZCE,GB8,Daire 13,0,registered,unchanged,NO_DETERMINISTIC_DEVICE_LINK,,
6650,000019c640016673,İKİZCE,GB8,Daire 14,0,active,unchanged,NO_DETERMINISTIC_DEVICE_LINK,,
6651,000019c600002375,İKİZCE,GB8,Daire 14,0,registered,unchanged,NO_DETERMINISTIC_DEVICE_LINK,,
6652,000019c600004028,İKİZCE,GB8,Daire 14,0,registered,unchanged,NO_DETERMINISTIC_DEVICE_LINK,,
6653,000019c640021859,İKİZCE,GB8,Daire 14,0,registered,unchanged,NO_DETERMINISTIC_DEVICE_LINK,,
6654,000019c640016675,İKİZCE,GB8,Daire 15,0,active,unchanged,NO_DETERMINISTIC_DEVICE_LINK,,
6655,000019c600003476,İKİZCE,GB8,Daire 15,0,registered,unchanged,NO_DETERMINISTIC_DEVICE_LINK,,
6656,000019c600003110,İKİZCE,GB8,Daire 15,0,registered,unchanged,NO_DETERMINISTIC_DEVICE_LINK,,
6657,000019c640021857,İKİZCE,GB8,Daire 15,0,registered,unchanged,NO_DETERMINISTIC_DEVICE_LINK,,
6658,000019c640012443,İKİZCE,GB8,Daire 16,0,registered,unchanged,NO_DETERMINISTIC_DEVICE_LINK,,
6659,000019c600003009,İKİZCE,GB8,Daire 16,0,registered,unchanged,NO_DETERMINISTIC_DEVICE_LINK,,
6660,000019c600002088,İKİZCE,GB8,Daire 16,0,registered,unchanged,NO_DETERMINISTIC_DEVICE_LINK,,
6661,000019c640020099,İKİZCE,GB8,Daire 16,0,registered,unchanged,NO_DETERMINISTIC_DEVICE_LINK,,
6662,000019c640014416,İKİZCE,GB8,Daire 17,0,registered,unchanged,NO_DETERMINISTIC_DEVICE_LINK,,
6663,000019c600003007,İKİZCE,GB8,Daire 17,0,registered,unchanged,NO_DETERMINISTIC_DEVICE_LINK,,
6664,000019c600002133,İKİZCE,GB8,Daire 17,0,registered,unchanged,NO_DETERMINISTIC_DEVICE_LINK,,
6665,000019c640021449,İKİZCE,GB8,Daire 17,0,registered,unchanged,NO_DETERMINISTIC_DEVICE_LINK,,
6666,000019c640014413,İKİZCE,GB8,Daire 18,0,active,unchanged,NO_DETERMINISTIC_DEVICE_LINK,,
6667,000019c600001803,İKİZCE,GB8,Daire 18,0,registered,unchanged,NO_DETERMINISTIC_DEVICE_LINK,,
6668,000019c600003096,İKİZCE,GB8,Daire 18,0,registered,unchanged,NO_DETERMINISTIC_DEVICE_LINK,,
6669,000019c640021445,İKİZCE,GB8,Daire 18,0,active,unchanged,NO_DETERMINISTIC_DEVICE_LINK,,
6670,000019c640016672,İKİZCE,GB8,Daire 19,0,active,unchanged,NO_DETERMINISTIC_DEVICE_LINK,,
6671,000019c600003319,İKİZCE,GB8,Daire 19,0,registered,unchanged,NO_DETERMINISTIC_DEVICE_LINK,,
6672,000019c600003761,İKİZCE,GB8,Daire 19,0,registered,unchanged,NO_DETERMINISTIC_DEVICE_LINK,,
6673,000019c640021612,İKİZCE,GB8,Daire 19,0,active,unchanged,NO_DETERMINISTIC_DEVICE_LINK,,
6674,000019c640017987,İKİZCE,GB8,Daire 2,0,registered,unchanged,NO_DETERMINISTIC_DEVICE_LINK,,
6675,000019c600003005,İKİZCE,GB8,Daire 2,0,registered,unchanged,NO_DETERMINISTIC_DEVICE_LINK,,
6676,000019c600002082,İKİZCE,GB8,Daire 2,0,registered,unchanged,NO_DETERMINISTIC_DEVICE_LINK,,
6677,000019c640021613,İKİZCE,GB8,Daire 2,0,registered,unchanged,NO_DETERMINISTIC_DEVICE_LINK,,
6678,000019c640016670,İKİZCE,GB8,Daire 20,0,active,unchanged,NO_DETERMINISTIC_DEVICE_LINK,,
6679,000019c600004386,İKİZCE,GB8,Daire 20,0,registered,unchanged,NO_DETERMINISTIC_DEVICE_LINK,,
6680,000019c600001266,İKİZCE,GB8,Daire 20,0,registered,unchanged,NO_DETERMINISTIC_DEVICE_LINK,,
6681,000019c640021845,İKİZCE,GB8,Daire 20,0,registered,unchanged,NO_DETERMINISTIC_DEVICE_LINK,,
6682,000019c640016677,İKİZCE,GB8,Daire 21,0,active,unchanged,NO_DETERMINISTIC_DEVICE_LINK,,
6683,000019c600003036,İKİZCE,GB8,Daire 21,0,registered,unchanged,NO_DETERMINISTIC_DEVICE_LINK,,
6684,000019c640012448,İKİZCE,GB8,Daire 22,0,registered,unchanged,NO_DETERMINISTIC_DEVICE_LINK,,
6685,000019c600003031,İKİZCE,GB8,Daire 22,0,registered,unchanged,NO_DETERMINISTIC_DEVICE_LINK,,
6686,000019c640012445,İKİZCE,GB8,Daire 3,0,registered,unchanged,NO_DETERMINISTIC_DEVICE_LINK,,
6687,000019c600003473,İKİZCE,GB8,Daire 3,0,registered,unchanged,NO_DETERMINISTIC_DEVICE_LINK,,
6688,000019c600002089,İKİZCE,GB8,Daire 3,0,registered,unchanged,NO_DETERMINISTIC_DEVICE_LINK,,
6689,000019c640021840,İKİZCE,GB8,Daire 3,0,registered,unchanged,NO_DETERMINISTIC_DEVICE_LINK,,
6690,000019c640020411,İKİZCE,GB8,Daire 4,0,active,unchanged,NO_DETERMINISTIC_DEVICE_LINK,,
6691,000019c640002446,İKİZCE,GB8,Daire 4,0,registered,unchanged,NO_DETERMINISTIC_DEVICE_LINK,,
6692,000019c600003770,İKİZCE,GB8,Daire 4,0,registered,unchanged,NO_DETERMINISTIC_DEVICE_LINK,,
6693,000019c640021841,İKİZCE,GB8,Daire 4,0,registered,unchanged,NO_DETERMINISTIC_DEVICE_LINK,,
6694,000019c640012725,İKİZCE,GB8,Daire 5,0,registered,unchanged,NO_DETERMINISTIC_DEVICE_LINK,,
6695,000019c600002450,İKİZCE,GB8,Daire 5,0,registered,unchanged,NO_DETERMINISTIC_DEVICE_LINK,,
6696,000019c600001782,İKİZCE,GB8,Daire 5,0,registered,unchanged,NO_DETERMINISTIC_DEVICE_LINK,,
6697,000019c640021621,İKİZCE,GB8,Daire 5,0,registered,unchanged,NO_DETERMINISTIC_DEVICE_LINK,,
6698,000019c640014418,İKİZCE,GB8,Daire 6,0,active,unchanged,NO_DETERMINISTIC_DEVICE_LINK,,
6699,000019c600004381,İKİZCE,GB8,Daire 6,0,registered,unchanged,NO_DETERMINISTIC_DEVICE_LINK,,
6700,000019c640003237,İKİZCE,GB8,Daire 6,0,registered,unchanged,NO_DETERMINISTIC_DEVICE_LINK,,
6701,000019c640021626,İKİZCE,GB8,Daire 6,0,registered,unchanged,NO_DETERMINISTIC_DEVICE_LINK,,
6702,000019c640014886,İKİZCE,GB8,Daire 7,0,active,unchanged,NO_DETERMINISTIC_DEVICE_LINK,,
6703,000019c600002377,İKİZCE,GB8,Daire 7,0,registered,unchanged,NO_DETERMINISTIC_DEVICE_LINK,,
6704,000019c600002687,İKİZCE,GB8,Daire 7,0,registered,unchanged,NO_DETERMINISTIC_DEVICE_LINK,,
6705,000019c640020090,İKİZCE,GB8,Daire 7,0,registered,unchanged,NO_DETERMINISTIC_DEVICE_LINK,,
6706,000019c640014885,İKİZCE,GB8,Daire 8,0,registered,unchanged,NO_DETERMINISTIC_DEVICE_LINK,,
6707,000019c600001804,İKİZCE,GB8,Daire 8,0,registered,unchanged,NO_DETERMINISTIC_DEVICE_LINK,,
6708,000019c600002685,İKİZCE,GB8,Daire 8,0,registered,unchanged,NO_DETERMINISTIC_DEVICE_LINK,,
6709,000019c640021629,İKİZCE,GB8,Daire 8,0,registered,unchanged,NO_DETERMINISTIC_DEVICE_LINK,,
6710,000019c640014417,İKİZCE,GB8,Daire 9,0,registered,unchanged,NO_DETERMINISTIC_DEVICE_LINK,,
6711,000019c600001570,İKİZCE,GB8,Daire 9,0,registered,unchanged,NO_DETERMINISTIC_DEVICE_LINK,,
6712,000019c640002273,İKİZCE,GB8,Daire 9,0,registered,unchanged,NO_DETERMINISTIC_DEVICE_LINK,,
6713,000019c640020093,İKİZCE,GB8,Daire 9,0,registered,unchanged,NO_DETERMINISTIC_DEVICE_LINK,,
6714,000019c640015762,İKİZCE,GB8,Ortak Alan 1,0,registered,unchanged,NO_DETERMINISTIC_DEVICE_LINK,,
6715,000019c640011594,İKİZCE,GB8,Ortak Alan 2,0,registered,unchanged,NO_DETERMINISTIC_DEVICE_LINK,,
6716,000019c640020921,İKİZCE,GB9,Daire 1,0,registered,unchanged,NO_DETERMINISTIC_DEVICE_LINK,,
6717,000019c600002561,İKİZCE,GB9,Daire 1,0,registered,unchanged,NO_DETERMINISTIC_DEVICE_LINK,,
6718,000019c640012226,İKİZCE,GB9,Daire 1,0,registered,unchanged,NO_DETERMINISTIC_DEVICE_LINK,,
6719,000019c640021225,İKİZCE,GB9,Daire 10,0,active,unchanged,NO_DETERMINISTIC_DEVICE_LINK,,
6720,000019c600001816,İKİZCE,GB9,Daire 10,0,registered,unchanged,NO_DETERMINISTIC_DEVICE_LINK,,
6721,000019c640017390,İKİZCE,GB9,Daire 10,0,active,unchanged,NO_DETERMINISTIC_DEVICE_LINK,,
6722,000019c640022029,İKİZCE,GB9,Daire 11,0,active,unchanged,NO_DETERMINISTIC_DEVICE_LINK,,
6723,000019c600001817,İKİZCE,GB9,Daire 11,0,registered,unchanged,NO_DETERMINISTIC_DEVICE_LINK,,
6724,000019c640017393,İKİZCE,GB9,Daire 11,0,registered,unchanged,NO_DETERMINISTIC_DEVICE_LINK,,
6725,000019c640022021,İKİZCE,GB9,Daire 12,0,registered,unchanged,NO_DETERMINISTIC_DEVICE_LINK,,
6726,000019c600001859,İKİZCE,GB9,Daire 12,0,registered,unchanged,NO_DETERMINISTIC_DEVICE_LINK,,
6727,000019c640017323,İKİZCE,GB9,Daire 12,0,registered,unchanged,NO_DETERMINISTIC_DEVICE_LINK,,
6728,000019c640020953,İKİZCE,GB9,Daire 13,0,registered,unchanged,NO_DETERMINISTIC_DEVICE_LINK,,
6729,000019c600002565,İKİZCE,GB9,Daire 13,0,registered,unchanged,NO_DETERMINISTIC_DEVICE_LINK,,
6730,000019c640012218,İKİZCE,GB9,Daire 13,0,registered,unchanged,NO_DETERMINISTIC_DEVICE_LINK,,
6731,000019c640022026,İKİZCE,GB9,Daire 14,0,registered,unchanged,NO_DETERMINISTIC_DEVICE_LINK,,
6732,000019c600004885,İKİZCE,GB9,Daire 14,0,registered,unchanged,NO_DETERMINISTIC_DEVICE_LINK,,
6733,000019c640012221,İKİZCE,GB9,Daire 14,0,registered,unchanged,NO_DETERMINISTIC_DEVICE_LINK,,
6734,000019c640020130,İKİZCE,GB9,Daire 15,0,active,unchanged,NO_DETERMINISTIC_DEVICE_LINK,,
6735,000019c600004887,İKİZCE,GB9,Daire 15,0,registered,unchanged,NO_DETERMINISTIC_DEVICE_LINK,,
6736,000019c640012227,İKİZCE,GB9,Daire 15,0,registered,unchanged,NO_DETERMINISTIC_DEVICE_LINK,,
6737,000019c640020138,İKİZCE,GB9,Daire 16,0,active,unchanged,NO_DETERMINISTIC_DEVICE_LINK,,
6738,000019c600001812,İKİZCE,GB9,Daire 16,0,registered,unchanged,NO_DETERMINISTIC_DEVICE_LINK,,
6739,000019c640012220,İKİZCE,GB9,Daire 16,0,registered,unchanged,NO_DETERMINISTIC_DEVICE_LINK,,
6740,000019c640021229,İKİZCE,GB9,Daire 17,0,active,unchanged,NO_DETERMINISTIC_DEVICE_LINK,,
6741,000019c600000850,İKİZCE,GB9,Daire 17,0,registered,unchanged,NO_DETERMINISTIC_DEVICE_LINK,,
6742,000019c640014372,İKİZCE,GB9,Daire 17,0,active,unchanged,NO_DETERMINISTIC_DEVICE_LINK,,
6743,000019c640022020,İKİZCE,GB9,Daire 18,0,registered,unchanged,NO_DETERMINISTIC_DEVICE_LINK,,
6744,000019c600003464,İKİZCE,GB9,Daire 18,0,registered,unchanged,NO_DETERMINISTIC_DEVICE_LINK,,
6745,000019c640017399,İKİZCE,GB9,Daire 18,0,registered,unchanged,NO_DETERMINISTIC_DEVICE_LINK,,
6746,000019c640020419,İKİZCE,GB9,Daire 19,0,active,unchanged,NO_DETERMINISTIC_DEVICE_LINK,,
6747,000019c600002563,İKİZCE,GB9,Daire 19,0,registered,unchanged,NO_DETERMINISTIC_DEVICE_LINK,,
6748,000019c640012229,İKİZCE,GB9,Daire 19,0,registered,unchanged,NO_DETERMINISTIC_DEVICE_LINK,,
6749,000019c640021220,İKİZCE,GB9,Daire 2,0,registered,unchanged,NO_DETERMINISTIC_DEVICE_LINK,,
6750,000019c600002562,İKİZCE,GB9,Daire 2,0,registered,unchanged,NO_DETERMINISTIC_DEVICE_LINK,,
6751,000019c640017322,İKİZCE,GB9,Daire 2,0,registered,unchanged,NO_DETERMINISTIC_DEVICE_LINK,,
6752,000019c640020410,İKİZCE,GB9,Daire 20,0,active,unchanged,NO_DETERMINISTIC_DEVICE_LINK,,
6753,000019c600001813,İKİZCE,GB9,Daire 20,0,registered,unchanged,NO_DETERMINISTIC_DEVICE_LINK,,
6754,000019c640012224,İKİZCE,GB9,Daire 20,0,registered,unchanged,NO_DETERMINISTIC_DEVICE_LINK,,
6755,000019c640022035,İKİZCE,GB9,Daire 21,0,active,unchanged,NO_DETERMINISTIC_DEVICE_LINK,,
6756,000019c600000848,İKİZCE,GB9,Daire 21,0,registered,unchanged,NO_DETERMINISTIC_DEVICE_LINK,,
6757,000019c640021227,İKİZCE,GB9,Daire 22,0,registered,unchanged,NO_DETERMINISTIC_DEVICE_LINK,,
6758,000019c600003470,İKİZCE,GB9,Daire 22,0,registered,unchanged,NO_DETERMINISTIC_DEVICE_LINK,,
6759,000019c640017953,İKİZCE,GB9,Daire 3,0,active,unchanged,NO_DETERMINISTIC_DEVICE_LINK,,
6760,000019c600001811,İKİZCE,GB9,Daire 3,0,registered,unchanged,NO_DETERMINISTIC_DEVICE_LINK,,
6761,000019c640012225,İKİZCE,GB9,Daire 3,0,registered,unchanged,NO_DETERMINISTIC_DEVICE_LINK,,
6762,000019c640022034,İKİZCE,GB9,Daire 4,0,registered,unchanged,NO_DETERMINISTIC_DEVICE_LINK,,
6763,000019c600001860,İKİZCE,GB9,Daire 4,0,registered,unchanged,NO_DETERMINISTIC_DEVICE_LINK,,
6764,000019c640014378,İKİZCE,GB9,Daire 4,0,registered,unchanged,NO_DETERMINISTIC_DEVICE_LINK,,
6765,000019c640020416,İKİZCE,GB9,Daire 5,0,active,unchanged,NO_DETERMINISTIC_DEVICE_LINK,,
6766,000019c600004890,İKİZCE,GB9,Daire 5,0,active,unchanged,NO_DETERMINISTIC_DEVICE_LINK,,
6767,000019c640014376,İKİZCE,GB9,Daire 5,0,registered,unchanged,NO_DETERMINISTIC_DEVICE_LINK,,
6768,000019c640020418,İKİZCE,GB9,Daire 6,0,registered,unchanged,NO_DETERMINISTIC_DEVICE_LINK,,
6769,000019c600008484,İKİZCE,GB9,Daire 6,0,registered,unchanged,NO_DETERMINISTIC_DEVICE_LINK,,
6770,000019c640012223,İKİZCE,GB9,Daire 6,0,registered,unchanged,NO_DETERMINISTIC_DEVICE_LINK,,
6771,000019c640022028,İKİZCE,GB9,Daire 7,0,registered,unchanged,NO_DETERMINISTIC_DEVICE_LINK,,
6772,000019c600003466,İKİZCE,GB9,Daire 7,0,registered,unchanged,NO_DETERMINISTIC_DEVICE_LINK,,
6773,000019c640017392,İKİZCE,GB9,Daire 7,0,registered,unchanged,NO_DETERMINISTIC_DEVICE_LINK,,
6774,000019c640020417,İKİZCE,GB9,Daire 8,0,active,unchanged,NO_DETERMINISTIC_DEVICE_LINK,,
6775,000019c600002570,İKİZCE,GB9,Daire 8,0,registered,unchanged,NO_DETERMINISTIC_DEVICE_LINK,,
6776,000019c640014373,İKİZCE,GB9,Daire 8,0,registered,unchanged,NO_DETERMINISTIC_DEVICE_LINK,,
6777,000019c640020219,İKİZCE,GB9,Daire 9,0,active,unchanged,NO_DETERMINISTIC_DEVICE_LINK,,
6778,000019c600003467,İKİZCE,GB9,Daire 9,0,registered,unchanged,NO_DETERMINISTIC_DEVICE_LINK,,
6779,000019c640012222,İKİZCE,GB9,Daire 9,0,registered,unchanged,NO_DETERMINISTIC_DEVICE_LINK,,
6780,000019c640032367,İKİZCE,L1,Numarasız 1,0,registered,unchanged,NO_DETERMINISTIC_DEVICE_LINK,,
6781,000019c640037123,İKİZCE,L1,Numarasız 10,0,active,unchanged,NO_DETERMINISTIC_DEVICE_LINK,,
6782,000019c640033104,İKİZCE,L1,Numarasız 11,0,active,unchanged,NO_DETERMINISTIC_DEVICE_LINK,,
6783,000019c640032808,İKİZCE,L1,Numarasız 12,0,registered,unchanged,NO_DETERMINISTIC_DEVICE_LINK,,
6784,000019c640033103,İKİZCE,L1,Numarasız 13,0,active,unchanged,NO_DETERMINISTIC_DEVICE_LINK,,
6785,000019c640032835,İKİZCE,L1,Numarasız 14,0,active,unchanged,NO_DETERMINISTIC_DEVICE_LINK,,
6786,000019c640037129,İKİZCE,L1,Numarasız 15,0,active,unchanged,NO_DETERMINISTIC_DEVICE_LINK,,
6787,000019c640033106,İKİZCE,L1,Numarasız 16,0,active,unchanged,NO_DETERMINISTIC_DEVICE_LINK,,
6788,000019c640032326,İKİZCE,L1,Numarasız 17,0,active,unchanged,NO_DETERMINISTIC_DEVICE_LINK,,
6789,000019c640033108,İKİZCE,L1,Numarasız 18,0,active,unchanged,NO_DETERMINISTIC_DEVICE_LINK,,
6790,000019c640032834,İKİZCE,L1,Numarasız 19,0,active,unchanged,NO_DETERMINISTIC_DEVICE_LINK,,
6791,000019c640037126,İKİZCE,L1,Numarasız 2,0,registered,unchanged,NO_DETERMINISTIC_DEVICE_LINK,,
6792,000019c640033109,İKİZCE,L1,Numarasız 20,0,active,unchanged,NO_DETERMINISTIC_DEVICE_LINK,,
6793,000019c640032833,İKİZCE,L1,Numarasız 21,0,active,unchanged,NO_DETERMINISTIC_DEVICE_LINK,,
6794,000019c640033107,İKİZCE,L1,Numarasız 22,0,active,unchanged,NO_DETERMINISTIC_DEVICE_LINK,,
6795,000019c640032839,İKİZCE,L1,Numarasız 23,0,active,unchanged,NO_DETERMINISTIC_DEVICE_LINK,,
6796,000019c640036036,İKİZCE,L1,Numarasız 24,0,active,unchanged,NO_DETERMINISTIC_DEVICE_LINK,,
6797,000019c640032332,İKİZCE,L1,Numarasız 25,0,active,unchanged,NO_DETERMINISTIC_DEVICE_LINK,,
6798,000019c640033123,İKİZCE,L1,Numarasız 26,0,active,unchanged,NO_DETERMINISTIC_DEVICE_LINK,,
6799,000019c640033101,İKİZCE,L1,Numarasız 27,0,active,unchanged,NO_DETERMINISTIC_DEVICE_LINK,,
6800,000019c640032832,İKİZCE,L1,Numarasız 28,0,active,unchanged,NO_DETERMINISTIC_DEVICE_LINK,,
6801,000019c640036081,İKİZCE,L1,Numarasız 29,0,active,unchanged,NO_DETERMINISTIC_DEVICE_LINK,,
6802,000019c640032362,İKİZCE,L1,Numarasız 3,0,active,unchanged,NO_DETERMINISTIC_DEVICE_LINK,,
6803,000019c640033124,İKİZCE,L1,Numarasız 30,0,active,unchanged,NO_DETERMINISTIC_DEVICE_LINK,,
6804,000019c640032369,İKİZCE,L1,Numarasız 4,0,registered,unchanged,NO_DETERMINISTIC_DEVICE_LINK,,
6805,000019c640032803,İKİZCE,L1,Numarasız 5,0,registered,unchanged,NO_DETERMINISTIC_DEVICE_LINK,,
6806,000019c640033114,İKİZCE,L1,Numarasız 6,0,registered,unchanged,NO_DETERMINISTIC_DEVICE_LINK,,
6807,000019c640032351,İKİZCE,L1,Numarasız 7,0,active,unchanged,NO_DETERMINISTIC_DEVICE_LINK,,
6808,000019c640032840,İKİZCE,L1,Numarasız 8,0,active,unchanged,NO_DETERMINISTIC_DEVICE_LINK,,
6809,000019c640032837,İKİZCE,L1,Numarasız 9,0,registered,unchanged,NO_DETERMINISTIC_DEVICE_LINK,,
6810,000019c640046242,İKİZCE,L1,Ortak Alan 1,0,registered,unchanged,NO_DETERMINISTIC_DEVICE_LINK,,
6811,000019c640006707,İKİZCE,L1 BLOK,Daire 1,0,registered,unchanged,NO_DETERMINISTIC_DEVICE_LINK,,
6812,000019c640020533,İKİZCE,L1 BLOK,Daire 10,0,registered,unchanged,NO_DETERMINISTIC_DEVICE_LINK,,
6813,000019c640006021,İKİZCE,L1 BLOK,Daire 11,0,registered,unchanged,NO_DETERMINISTIC_DEVICE_LINK,,
6814,000019c640007405,İKİZCE,L1 BLOK,Daire 12,0,registered,unchanged,NO_DETERMINISTIC_DEVICE_LINK,,
6815,000019c640006701,İKİZCE,L1 BLOK,Daire 13,0,registered,unchanged,NO_DETERMINISTIC_DEVICE_LINK,,
6816,000019c640020537,İKİZCE,L1 BLOK,Daire 14,0,active,unchanged,NO_DETERMINISTIC_DEVICE_LINK,,
6817,000019c640021473,İKİZCE,L1 BLOK,Daire 15,0,registered,unchanged,NO_DETERMINISTIC_DEVICE_LINK,,
6818,000019c600009372,İKİZCE,L1 BLOK,Daire 16,0,registered,unchanged,NO_DETERMINISTIC_DEVICE_LINK,,
6819,000019c640006022,İKİZCE,L1 BLOK,Daire 17,0,registered,unchanged,NO_DETERMINISTIC_DEVICE_LINK,,
6820,000019c640005024,İKİZCE,L1 BLOK,Daire 18,0,registered,unchanged,NO_DETERMINISTIC_DEVICE_LINK,,
6821,000019c640007402,İKİZCE,L1 BLOK,Daire 19,0,registered,unchanged,NO_DETERMINISTIC_DEVICE_LINK,,
6822,000019c640006028,İKİZCE,L1 BLOK,Daire 2,0,active,unchanged,NO_DETERMINISTIC_DEVICE_LINK,,
6823,000019c640006708,İKİZCE,L1 BLOK,Daire 20,0,active,unchanged,NO_DETERMINISTIC_DEVICE_LINK,,
6824,000019c640006026,İKİZCE,L1 BLOK,Daire 21,0,registered,unchanged,NO_DETERMINISTIC_DEVICE_LINK,,
6825,000019c640006027,İKİZCE,L1 BLOK,Daire 22,0,registered,unchanged,NO_DETERMINISTIC_DEVICE_LINK,,
6826,000019c640009379,İKİZCE,L1 BLOK,Daire 23,0,active,unchanged,NO_DETERMINISTIC_DEVICE_LINK,,
6827,000019c640007407,İKİZCE,L1 BLOK,Daire 24,0,registered,unchanged,NO_DETERMINISTIC_DEVICE_LINK,,
6828,000019c640020594,İKİZCE,L1 BLOK,Daire 25,0,active,unchanged,NO_DETERMINISTIC_DEVICE_LINK,,
6829,000019c640007409,İKİZCE,L1 BLOK,Daire 26,0,active,unchanged,NO_DETERMINISTIC_DEVICE_LINK,,
6830,000019c640007408,İKİZCE,L1 BLOK,Daire 27,0,registered,unchanged,NO_DETERMINISTIC_DEVICE_LINK,,
6831,000019c640006025,İKİZCE,L1 BLOK,Daire 28,0,active,unchanged,NO_DETERMINISTIC_DEVICE_LINK,,
6832,000019c640020539,İKİZCE,L1 BLOK,Daire 29,0,active,unchanged,NO_DETERMINISTIC_DEVICE_LINK,,
6833,000019c640007968,İKİZCE,L1 BLOK,Daire 3,0,active,unchanged,NO_DETERMINISTIC_DEVICE_LINK,,
6834,000019c640020597,İKİZCE,L1 BLOK,Daire 30,0,active,unchanged,NO_DETERMINISTIC_DEVICE_LINK,,
6835,000019c640020529,İKİZCE,L1 BLOK,Daire 4,0,registered,unchanged,NO_DETERMINISTIC_DEVICE_LINK,,
6836,000019c640006709,İKİZCE,L1 BLOK,Daire 5,0,registered,unchanged,NO_DETERMINISTIC_DEVICE_LINK,,
6837,000019c640020591,İKİZCE,L1 BLOK,Daire 6,0,registered,unchanged,NO_DETERMINISTIC_DEVICE_LINK,,
6838,000019c640009801,İKİZCE,L1 BLOK,Daire 7,0,registered,unchanged,NO_DETERMINISTIC_DEVICE_LINK,,
6839,000019c640006020,İKİZCE,L1 BLOK,Daire 8,0,registered,unchanged,NO_DETERMINISTIC_DEVICE_LINK,,
6840,000019c640020530,İKİZCE,L1 BLOK,Daire 9,0,active,unchanged,NO_DETERMINISTIC_DEVICE_LINK,,
6841,000019c640022309,İKİZCE,L1 BLOK,Ortak sayac,0,registered,unchanged,NO_DETERMINISTIC_DEVICE_LINK,,
6842,000019c640033566,İKİZCE,L2,Numarasız 1,0,registered,unchanged,NO_DETERMINISTIC_DEVICE_LINK,,
6843,000019c640033568,İKİZCE,L2,Numarasız 10,0,active,unchanged,NO_DETERMINISTIC_DEVICE_LINK,,
6844,000019c640033564,İKİZCE,L2,Numarasız 11,0,active,unchanged,NO_DETERMINISTIC_DEVICE_LINK,,
6845,000019c640033563,İKİZCE,L2,Numarasız 12,0,active,unchanged,NO_DETERMINISTIC_DEVICE_LINK,,
6846,000019c640033570,İKİZCE,L2,Numarasız 13,0,active,unchanged,NO_DETERMINISTIC_DEVICE_LINK,,
6847,000019c640033565,İKİZCE,L2,Numarasız 14,0,active,unchanged,NO_DETERMINISTIC_DEVICE_LINK,,
6848,000019c640033561,İKİZCE,L2,Numarasız 15,0,active,unchanged,NO_DETERMINISTIC_DEVICE_LINK,,
6849,000019c640036207,İKİZCE,L2,Numarasız 16,0,active,unchanged,NO_DETERMINISTIC_DEVICE_LINK,,
6850,000019c640033569,İKİZCE,L2,Numarasız 17,0,active,unchanged,NO_DETERMINISTIC_DEVICE_LINK,,
6851,000019c640036064,İKİZCE,L2,Numarasız 18,0,active,unchanged,NO_DETERMINISTIC_DEVICE_LINK,,
6852,000019c640038687,İKİZCE,L2,Numarasız 19,0,active,unchanged,NO_DETERMINISTIC_DEVICE_LINK,,
6853,000019c640036208,İKİZCE,L2,Numarasız 2,0,registered,unchanged,NO_DETERMINISTIC_DEVICE_LINK,,
6854,000019c640036070,İKİZCE,L2,Numarasız 20,0,active,unchanged,NO_DETERMINISTIC_DEVICE_LINK,,
6855,000019c640036061,İKİZCE,L2,Numarasız 21,0,active,unchanged,NO_DETERMINISTIC_DEVICE_LINK,,
6856,000019c640036062,İKİZCE,L2,Numarasız 22,0,active,unchanged,NO_DETERMINISTIC_DEVICE_LINK,,
6857,000019c640036068,İKİZCE,L2,Numarasız 23,0,active,unchanged,NO_DETERMINISTIC_DEVICE_LINK,,
6858,000019c640036066,İKİZCE,L2,Numarasız 24,0,active,unchanged,NO_DETERMINISTIC_DEVICE_LINK,,
6859,000019c640033967,İKİZCE,L2,Numarasız 25,0,active,unchanged,NO_DETERMINISTIC_DEVICE_LINK,,
6860,000019c640038879,İKİZCE,L2,Numarasız 26,0,active,unchanged,NO_DETERMINISTIC_DEVICE_LINK,,
6861,000019c640038878,İKİZCE,L2,Numarasız 27,0,active,unchanged,NO_DETERMINISTIC_DEVICE_LINK,,
6862,000019c640036067,İKİZCE,L2,Numarasız 28,0,active,unchanged,NO_DETERMINISTIC_DEVICE_LINK,,
6863,000019c640036009,İKİZCE,L2,Numarasız 29,0,active,unchanged,NO_DETERMINISTIC_DEVICE_LINK,,
6864,000019c640036293,İKİZCE,L2,Numarasız 3,0,active,unchanged,NO_DETERMINISTIC_DEVICE_LINK,,
6865,000019c640036069,İKİZCE,L2,Numarasız 30,0,active,unchanged,NO_DETERMINISTIC_DEVICE_LINK,,
6866,000019c640036065,İKİZCE,L2,Numarasız 31,0,active,unchanged,NO_DETERMINISTIC_DEVICE_LINK,,
6867,000019c640036063,İKİZCE,L2,Numarasız 32,0,active,unchanged,NO_DETERMINISTIC_DEVICE_LINK,,
6868,000019c640036210,İKİZCE,L2,Numarasız 4,0,active,unchanged,NO_DETERMINISTIC_DEVICE_LINK,,
6869,000019c640036298,İKİZCE,L2,Numarasız 5,0,active,unchanged,NO_DETERMINISTIC_DEVICE_LINK,,
6870,000019c640036201,İKİZCE,L2,Numarasız 6,0,active,unchanged,NO_DETERMINISTIC_DEVICE_LINK,,
6871,000019c640033576,İKİZCE,L2,Numarasız 7,0,registered,unchanged,NO_DETERMINISTIC_DEVICE_LINK,,
6872,000019c640036206,İKİZCE,L2,Numarasız 8,0,active,unchanged,NO_DETERMINISTIC_DEVICE_LINK,,
6873,000019c640036205,İKİZCE,L2,Numarasız 9,0,active,unchanged,NO_DETERMINISTIC_DEVICE_LINK,,
6874,000019c640011456,İKİZCE,L2,Ortak Alan 1,0,registered,unchanged,NO_DETERMINISTIC_DEVICE_LINK,,
6875,000019c640047357,İKİZCE,L2,Ortak Alan 2,0,registered,unchanged,NO_DETERMINISTIC_DEVICE_LINK,,
6876,000019c640017172,İKİZCE,L2 BLOK,Daire 1,0,registered,unchanged,NO_DETERMINISTIC_DEVICE_LINK,,
6877,000019c640007902,İKİZCE,L2 BLOK,Daire 10,0,active,unchanged,NO_DETERMINISTIC_DEVICE_LINK,,
6878,000019c640006029,İKİZCE,L2 BLOK,Daire 11,0,registered,unchanged,NO_DETERMINISTIC_DEVICE_LINK,,
6879,000019c640009532,İKİZCE,L2 BLOK,Daire 12,0,active,unchanged,NO_DETERMINISTIC_DEVICE_LINK,,
6880,000019c640009879,İKİZCE,L2 BLOK,Daire 13,0,registered,unchanged,NO_DETERMINISTIC_DEVICE_LINK,,
6881,000019c640009339,İKİZCE,L2 BLOK,Daire 14,0,registered,unchanged,NO_DETERMINISTIC_DEVICE_LINK,,
6882,000019c640009148,İKİZCE,L2 BLOK,Daire 15,0,registered,unchanged,NO_DETERMINISTIC_DEVICE_LINK,,
6883,000019c640009331,İKİZCE,L2 BLOK,Daire 16,0,registered,unchanged,NO_DETERMINISTIC_DEVICE_LINK,,
6884,000019c640009515,İKİZCE,L2 BLOK,Daire 17,0,active,unchanged,NO_DETERMINISTIC_DEVICE_LINK,,
6885,000019c640009140,İKİZCE,L2 BLOK,Daire 18,0,registered,unchanged,NO_DETERMINISTIC_DEVICE_LINK,,
6886,000019c640009144,İKİZCE,L2 BLOK,Daire 19,0,active,unchanged,NO_DETERMINISTIC_DEVICE_LINK,,
6887,000019c640020509,İKİZCE,L2 BLOK,Daire 2,0,registered,unchanged,NO_DETERMINISTIC_DEVICE_LINK,,
6888,000019c640006196,İKİZCE,L2 BLOK,Daire 20,0,registered,unchanged,NO_DETERMINISTIC_DEVICE_LINK,,
6889,000019c640009337,İKİZCE,L2 BLOK,Daire 21,0,active,unchanged,NO_DETERMINISTIC_DEVICE_LINK,,
6890,000019c640009330,İKİZCE,L2 BLOK,Daire 22,0,active,unchanged,NO_DETERMINISTIC_DEVICE_LINK,,
6891,000019c640009876,İKİZCE,L2 BLOK,Daire 23,0,registered,unchanged,NO_DETERMINISTIC_DEVICE_LINK,,
6892,000019c640006192,İKİZCE,L2 BLOK,Daire 24,0,registered,unchanged,NO_DETERMINISTIC_DEVICE_LINK,,
6893,000019c640009141,İKİZCE,L2 BLOK,Daire 25,0,registered,unchanged,NO_DETERMINISTIC_DEVICE_LINK,,
6894,000019c640006197,İKİZCE,L2 BLOK,Daire 26,0,registered,unchanged,NO_DETERMINISTIC_DEVICE_LINK,,
6895,000019c640009874,İKİZCE,L2 BLOK,Daire 27,0,registered,unchanged,NO_DETERMINISTIC_DEVICE_LINK,,
6896,000019c640006194,İKİZCE,L2 BLOK,Daire 28,0,registered,unchanged,NO_DETERMINISTIC_DEVICE_LINK,,
6897,000019c640009511,İKİZCE,L2 BLOK,Daire 29,0,registered,unchanged,NO_DETERMINISTIC_DEVICE_LINK,,
6898,000019c640009530,İKİZCE,L2 BLOK,Daire 3,0,registered,unchanged,NO_DETERMINISTIC_DEVICE_LINK,,
6899,000019c640009875,İKİZCE,L2 BLOK,Daire 30,0,registered,unchanged,NO_DETERMINISTIC_DEVICE_LINK,,
6900,000019c640006702,İKİZCE,L2 BLOK,Daire 4,0,registered,unchanged,NO_DETERMINISTIC_DEVICE_LINK,,
6901,000019c640006703,İKİZCE,L2 BLOK,Daire 5,0,registered,unchanged,NO_DETERMINISTIC_DEVICE_LINK,,
6902,000019c640007905,İKİZCE,L2 BLOK,Daire 6,0,registered,unchanged,NO_DETERMINISTIC_DEVICE_LINK,,
6903,000019c640009870,İKİZCE,L2 BLOK,Daire 7,0,active,unchanged,NO_DETERMINISTIC_DEVICE_LINK,,
6904,000019c640009333,İKİZCE,L2 BLOK,Daire 8,0,registered,unchanged,NO_DETERMINISTIC_DEVICE_LINK,,
6905,000019c640007904,İKİZCE,L2 BLOK,Daire 9,0,active,unchanged,NO_DETERMINISTIC_DEVICE_LINK,,
6906,000019c640022389,İKİZCE,L2 BLOK,Ortak Alan,0,registered,unchanged,NO_DETERMINISTIC_DEVICE_LINK,,
6907,000019c640006023,İKİZCE,L3 BLOK,Daire 1,0,registered,unchanged,NO_DETERMINISTIC_DEVICE_LINK,,
6908,000019c640005431,İKİZCE,L3 BLOK,Daire 10,0,registered,unchanged,NO_DETERMINISTIC_DEVICE_LINK,,
6909,000019c640005437,İKİZCE,L3 BLOK,Daire 11,0,registered,unchanged,NO_DETERMINISTIC_DEVICE_LINK,,
6910,000019c640005434,İKİZCE,L3 BLOK,Daire 12,0,active,unchanged,NO_DETERMINISTIC_DEVICE_LINK,,
6911,000019c640005435,İKİZCE,L3 BLOK,Daire 13,0,registered,unchanged,NO_DETERMINISTIC_DEVICE_LINK,,
6912,000019c640008968,İKİZCE,L3 BLOK,Daire 14,0,registered,unchanged,NO_DETERMINISTIC_DEVICE_LINK,,
6913,000019c640005432,İKİZCE,L3 BLOK,Daire 15,0,active,unchanged,NO_DETERMINISTIC_DEVICE_LINK,,
6914,000019c640005436,İKİZCE,L3 BLOK,Daire 16,0,active,unchanged,NO_DETERMINISTIC_DEVICE_LINK,,
6915,000019c640009310,İKİZCE,L3 BLOK,Daire 17,0,active,unchanged,NO_DETERMINISTIC_DEVICE_LINK,,
6916,000019c640009371,İKİZCE,L3 BLOK,Daire 18,0,registered,unchanged,NO_DETERMINISTIC_DEVICE_LINK,,
6917,000019c640009377,İKİZCE,L3 BLOK,Daire 19,0,registered,unchanged,NO_DETERMINISTIC_DEVICE_LINK,,
6918,000019c640007809,İKİZCE,L3 BLOK,Daire 2,0,registered,unchanged,NO_DETERMINISTIC_DEVICE_LINK,,
6919,000019c640009378,İKİZCE,L3 BLOK,Daire 20,0,registered,unchanged,NO_DETERMINISTIC_DEVICE_LINK,,
6920,000019c640009374,İKİZCE,L3 BLOK,Daire 21,0,registered,unchanged,NO_DETERMINISTIC_DEVICE_LINK,,
6921,000019c640009534,İKİZCE,L3 BLOK,Daire 22,0,registered,unchanged,NO_DETERMINISTIC_DEVICE_LINK,,
6922,000019c640006240,İKİZCE,L3 BLOK,Daire 23,0,active,unchanged,NO_DETERMINISTIC_DEVICE_LINK,,
6923,000019c640006247,İKİZCE,L3 BLOK,Daire 24,0,active,unchanged,NO_DETERMINISTIC_DEVICE_LINK,,
6924,000019c640006248,İKİZCE,L3 BLOK,Daire 25,0,registered,unchanged,NO_DETERMINISTIC_DEVICE_LINK,,
6925,000019c640006242,İKİZCE,L3 BLOK,Daire 26,0,registered,unchanged,NO_DETERMINISTIC_DEVICE_LINK,,
6926,000019c640007903,İKİZCE,L3 BLOK,Daire 27,0,registered,unchanged,NO_DETERMINISTIC_DEVICE_LINK,,
6927,000019c640006243,İKİZCE,L3 BLOK,Daire 28,0,active,unchanged,NO_DETERMINISTIC_DEVICE_LINK,,
6928,000019c640006249,İKİZCE,L3 BLOK,Daire 29,0,registered,unchanged,NO_DETERMINISTIC_DEVICE_LINK,,
6929,000019c640009531,İKİZCE,L3 BLOK,Daire 3,0,registered,unchanged,NO_DETERMINISTIC_DEVICE_LINK,,
6930,000019c640006244,İKİZCE,L3 BLOK,Daire 30,0,registered,unchanged,NO_DETERMINISTIC_DEVICE_LINK,,
6931,000019c640009533,İKİZCE,L3 BLOK,Daire 31,0,registered,unchanged,NO_DETERMINISTIC_DEVICE_LINK,,
6932,000019c640009370,İKİZCE,L3 BLOK,Daire 32,0,registered,unchanged,NO_DETERMINISTIC_DEVICE_LINK,,
6933,000019c640007907,İKİZCE,L3 BLOK,Daire 4,0,registered,unchanged,NO_DETERMINISTIC_DEVICE_LINK,,
6934,000019c640008542,İKİZCE,L3 BLOK,Daire 5,0,registered,unchanged,NO_DETERMINISTIC_DEVICE_LINK,,
6935,000019c640008965,İKİZCE,L3 BLOK,Daire 6,0,registered,unchanged,NO_DETERMINISTIC_DEVICE_LINK,,
6936,000019c640009536,İKİZCE,L3 BLOK,Daire 7,0,registered,unchanged,NO_DETERMINISTIC_DEVICE_LINK,,
6937,000019c640009537,İKİZCE,L3 BLOK,Daire 8,0,registered,unchanged,NO_DETERMINISTIC_DEVICE_LINK,,
6938,000019c640005582,İKİZCE,L3 BLOK,Daire 9,0,registered,unchanged,NO_DETERMINISTIC_DEVICE_LINK,,
6939,000019c640022324,İKİZCE,L3 BLOK,Ortak Alan,0,registered,unchanged,NO_DETERMINISTIC_DEVICE_LINK,,
6940,000019c640037166,İKİZCE,L4,Numarasız 1,0,registered,unchanged,NO_DETERMINISTIC_DEVICE_LINK,,
6941,000019c640036027,İKİZCE,L4,Numarasız 10,0,registered,unchanged,NO_DETERMINISTIC_DEVICE_LINK,,
6942,000019c640032352,İKİZCE,L4,Numarasız 11,0,active,unchanged,NO_DETERMINISTIC_DEVICE_LINK,,
6943,000019c640033119,İKİZCE,L4,Numarasız 12,0,registered,unchanged,NO_DETERMINISTIC_DEVICE_LINK,,
6944,000019c640033120,İKİZCE,L4,Numarasız 13,0,registered,unchanged,NO_DETERMINISTIC_DEVICE_LINK,,
6945,000019c640032360,İKİZCE,L4,Numarasız 14,0,active,unchanged,NO_DETERMINISTIC_DEVICE_LINK,,
6946,000019c640032357,İKİZCE,L4,Numarasız 15,0,active,unchanged,NO_DETERMINISTIC_DEVICE_LINK,,
6947,000019c640033116,İKİZCE,L4,Numarasız 16,0,active,unchanged,NO_DETERMINISTIC_DEVICE_LINK,,
6948,000019c640032361,İKİZCE,L4,Numarasız 17,0,active,unchanged,NO_DETERMINISTIC_DEVICE_LINK,,
6949,000019c640032354,İKİZCE,L4,Numarasız 18,0,active,unchanged,NO_DETERMINISTIC_DEVICE_LINK,,
6950,000019c640034554,İKİZCE,L4,Numarasız 19,0,active,unchanged,NO_DETERMINISTIC_DEVICE_LINK,,
6951,000019c640032310,İKİZCE,L4,Numarasız 2,0,active,unchanged,NO_DETERMINISTIC_DEVICE_LINK,,
6952,000019c640033743,İKİZCE,L4,Numarasız 20,0,active,unchanged,NO_DETERMINISTIC_DEVICE_LINK,,
6953,000019c640033118,İKİZCE,L4,Numarasız 21,0,active,unchanged,NO_DETERMINISTIC_DEVICE_LINK,,
6954,000019c640033110,İKİZCE,L4,Numarasız 22,0,active,unchanged,NO_DETERMINISTIC_DEVICE_LINK,,
6955,000019c640034551,İKİZCE,L4,Numarasız 23,0,active,unchanged,NO_DETERMINISTIC_DEVICE_LINK,,
6956,000019c640034552,İKİZCE,L4,Numarasız 24,0,active,unchanged,NO_DETERMINISTIC_DEVICE_LINK,,
6957,000019c640034557,İKİZCE,L4,Numarasız 25,0,active,unchanged,NO_DETERMINISTIC_DEVICE_LINK,,
6958,000019c640034573,İKİZCE,L4,Numarasız 26,0,active,unchanged,NO_DETERMINISTIC_DEVICE_LINK,,
6959,000019c640036025,İKİZCE,L4,Numarasız 27,0,active,unchanged,NO_DETERMINISTIC_DEVICE_LINK,,
6960,000019c640033112,İKİZCE,L4,Numarasız 28,0,active,unchanged,NO_DETERMINISTIC_DEVICE_LINK,,
6961,000019c640034555,İKİZCE,L4,Numarasız 29,0,active,unchanged,NO_DETERMINISTIC_DEVICE_LINK,,
6962,000019c640033113,İKİZCE,L4,Numarasız 3,0,active,unchanged,NO_DETERMINISTIC_DEVICE_LINK,,
6963,000019c640034579,İKİZCE,L4,Numarasız 30,0,active,unchanged,NO_DETERMINISTIC_DEVICE_LINK,,
6964,000019c640033117,İKİZCE,L4,Numarasız 4,0,active,unchanged,NO_DETERMINISTIC_DEVICE_LINK,,
6965,000019c640037127,İKİZCE,L4,Numarasız 5,0,active,unchanged,NO_DETERMINISTIC_DEVICE_LINK,,
6966,000019c640032368,İKİZCE,L4,Numarasız 6,0,active,unchanged,NO_DETERMINISTIC_DEVICE_LINK,,
6967,000019c640032355,İKİZCE,L4,Numarasız 7,0,active,unchanged,NO_DETERMINISTIC_DEVICE_LINK,,
6968,000019c640032805,İKİZCE,L4,Numarasız 8,0,registered,unchanged,NO_DETERMINISTIC_DEVICE_LINK,,
6969,000019c640033115,İKİZCE,L4,Numarasız 9,0,active,unchanged,NO_DETERMINISTIC_DEVICE_LINK,,
6970,000019c640046287,İKİZCE,L4,Ortak Alan 1,0,registered,unchanged,NO_DETERMINISTIC_DEVICE_LINK,,
6971,000019c640046303,İKİZCE,L4,Ortak Alan 2,0,registered,unchanged,NO_DETERMINISTIC_DEVICE_LINK,,
6972,000019c640018949,İKİZCE,L4 BLOK,Daire 1,0,registered,unchanged,NO_DETERMINISTIC_DEVICE_LINK,,
6973,000019c640007965,İKİZCE,L4 BLOK,Daire 10,0,registered,unchanged,NO_DETERMINISTIC_DEVICE_LINK,,
6974,000019c640007960,İKİZCE,L4 BLOK,Daire 11,0,registered,unchanged,NO_DETERMINISTIC_DEVICE_LINK,,
6975,000019c640007961,İKİZCE,L4 BLOK,Daire 12,0,registered,unchanged,NO_DETERMINISTIC_DEVICE_LINK,,
6976,000019c640005433,İKİZCE,L4 BLOK,Daire 13,0,registered,unchanged,NO_DETERMINISTIC_DEVICE_LINK,,
6977,000019c640008541,İKİZCE,L4 BLOK,Daire 14,0,registered,unchanged,NO_DETERMINISTIC_DEVICE_LINK,,
6978,000019c640005786,İKİZCE,L4 BLOK,Daire 15,0,active,unchanged,NO_DETERMINISTIC_DEVICE_LINK,,
6979,000019c640008969,İKİZCE,L4 BLOK,Daire 16,0,registered,unchanged,NO_DETERMINISTIC_DEVICE_LINK,,
6980,000019c640006704,İKİZCE,L4 BLOK,Daire 17,0,registered,unchanged,NO_DETERMINISTIC_DEVICE_LINK,,
6981,000019c640005781,İKİZCE,L4 BLOK,Daire 18,0,registered,unchanged,NO_DETERMINISTIC_DEVICE_LINK,,
6982,000019c640007962,İKİZCE,L4 BLOK,Daire 19,0,registered,unchanged,NO_DETERMINISTIC_DEVICE_LINK,,
6983,000019c640007964,İKİZCE,L4 BLOK,Daire 2,0,registered,unchanged,NO_DETERMINISTIC_DEVICE_LINK,,
6984,000019c640007321,İKİZCE,L4 BLOK,Daire 20,0,registered,unchanged,NO_DETERMINISTIC_DEVICE_LINK,,
6985,000019c640009128,İKİZCE,L4 BLOK,Daire 21,0,registered,unchanged,NO_DETERMINISTIC_DEVICE_LINK,,
6986,000019c640006722,İKİZCE,L4 BLOK,Daire 22,0,registered,unchanged,NO_DETERMINISTIC_DEVICE_LINK,,
6987,000019c640008148,İKİZCE,L4 BLOK,Daire 23,0,registered,unchanged,NO_DETERMINISTIC_DEVICE_LINK,,
6988,000019c640006705,İKİZCE,L4 BLOK,Daire 24,0,active,unchanged,NO_DETERMINISTIC_DEVICE_LINK,,
6989,000019c640017667,İKİZCE,L4 BLOK,Daire 25,0,active,unchanged,NO_DETERMINISTIC_DEVICE_LINK,,
6990,000019c640008967,İKİZCE,L4 BLOK,Daire 26,0,registered,unchanged,NO_DETERMINISTIC_DEVICE_LINK,,
6991,000019c640017008,İKİZCE,L4 BLOK,Daire 27,0,registered,unchanged,NO_DETERMINISTIC_DEVICE_LINK,,
6992,000019c640006706,İKİZCE,L4 BLOK,Daire 28,0,registered,unchanged,NO_DETERMINISTIC_DEVICE_LINK,,
6993,000019c640007320,İKİZCE,L4 BLOK,Daire 29,0,active,unchanged,NO_DETERMINISTIC_DEVICE_LINK,,
6994,000019c640006700,İKİZCE,L4 BLOK,Daire 3,0,registered,unchanged,NO_DETERMINISTIC_DEVICE_LINK,,
6995,000019c640014093,İKİZCE,L4 BLOK,Daire 30,0,registered,unchanged,NO_DETERMINISTIC_DEVICE_LINK,,
6996,000019c640007963,İKİZCE,L4 BLOK,Daire 4,0,registered,unchanged,NO_DETERMINISTIC_DEVICE_LINK,,
6997,000019c640007967,İKİZCE,L4 BLOK,Daire 5,0,registered,unchanged,NO_DETERMINISTIC_DEVICE_LINK,,
6998,000019c640007966,İKİZCE,L4 BLOK,Daire 6,0,registered,unchanged,NO_DETERMINISTIC_DEVICE_LINK,,
6999,000019c640007324,İKİZCE,L4 BLOK,Daire 7,0,active,unchanged,NO_DETERMINISTIC_DEVICE_LINK,,
7000,000019c640006726,İKİZCE,L4 BLOK,Daire 8,0,registered,unchanged,NO_DETERMINISTIC_DEVICE_LINK,,
7001,000019c640007969,İKİZCE,L4 BLOK,Daire 9,0,registered,unchanged,NO_DETERMINISTIC_DEVICE_LINK,,
7002,000019c640011378,İKİZCE,L4 BLOK,Ortak Alan 1,0,registered,unchanged,NO_DETERMINISTIC_DEVICE_LINK,,
